Title,category,final_price,brand,product_url,image_url
"KICKER DSC650 6.5-Inch (160-165mm) Coaxial Speakers, 4-Ohm (Pair)",Audio,84.99,Kicker,/Kicker-43DSC6504-Coaxial-Speakers-DSC6504/dp/B01BLVEVNS/ref=sr_1_4265?dib=eyJ2IjoiMSJ9.Zj9SHCVdKN9eBfY6444hkZaZcbtU_tEWTmwXPIkrVc81yp04TnnYwR-lv6U3SybV37WdYKs5Jt1CzkZ40-OXjLpY4T_Homjvzyc8FiWficgRx8q5fCql5Mjo4CNNHCKIqV-NfF4DfHJK2m532C36P-6et-5TsGrwlU6rpPPBz4Y3V7BCe4x0Jk-CKCCV3fxWEyi5QRZgEV8tHTpBpFoswsVDpogB87XlC6Y8TlzENLmYb3VEt0_JnS0sfR58N3RJFiIvZbtLX3IVcF4v4FsxP9j7GBmDGVkUjqwuRCv4Awo.Mf3bZWoKRgvMLbAPDDcGVWFvs_4X-z1iweM2Bc9ag2Q&dib_tag=se&qid=1755802291&refinements=p_n_g-101014971069111%3A119653281011&s=electronics&sr=1-4265,https://m.media-amazon.com/images/I/61p5MSugdCL._AC_UL320_.jpg
"SAMSUNG Galaxy Tab A7 Lite 8.7"" 32GB WiFi Android Tablet, Compact, Portable, Slim Design, Kid Friendly, Sturdy Metal Frame, Expandable Storage, Long Lasting Battery, US Version, 2021, Gray",Phone & Tablet Accessories,156.29,Samsung,/SAMSUNG-Android-Compact-Lasting-Battery/dp/B094Q89NKH/ref=sr_1_3908?dib=eyJ2IjoiMSJ9.1__4lRe2SrT9mDH2pENb6z8BqTJqRLIyp1Z4PpV1G-n7TQGp7NBU87ycapn2-mIHI8WkkQ6DHhQerq7gqAiS6b2i4oMjs1t0DcqZxbILoyOrfv33qMikvNIR2XgFGePJHbcl7IcCb7wRWavvrh6YwfT6v6BBuy8Wq0Y2xqS9HjxDd_q1YpmY5BXGvrbHHyLwXkiKsNyY_m6Oj0sPK7y8OzAGTPzemgCKUZM67Gpf6eEZopjiu4e7cUCTgGQRJvWAS8flzM7vvTtbxFubWHwi8JgTVcJE6Hy0GGKM79Tfkxk.iNCwLX2-6LJPOhWLdhflIyvKTi-OQnZic5QdPa0cqME&dib_tag=se&qid=1755802104&refinements=p_n_g-101014971069111%3A119653281011&s=electronics&sr=1-3908,https://m.media-amazon.com/images/I/819hAP4xoGS._AC_UL320_.jpg
Seagate Skyhawk AI 20TB Video Internal Hard Drive HDD – 3.5 Inch SATA 6Gb/s 512MB Cache for DVR NVR Security Camera System with in-House Rescue Services (ST20000VE003),Storage & Memory Cards,,Seagate,/Seagate-Skyhawk-Video-Internal-House/dp/B0D9PGXB3P/ref=sr_1_6708?dib=eyJ2IjoiMSJ9.oGBYLViGcpw14WocmegDA3kTkabQJmhHwVfs6yLN4j4I09YN9v5HajQUuu3uim3uIkmaq460iWo-nE_A6INOCo3SqNFpMQWDmsSUI-_85eIO7vk9LB08aqDyqqaLBU39-4MYzBBvi7aeKCMT-c-Do1V6YgXYOw-SRsOzbQfVh4Yz1W-Pw0-KATMwPlTkADWxRCpV1TrX3Msl0nrFMu4A33jfuabnPWBPlnsd9pXJbNEnH_x7sp138jX5C-MeTvRBGfBFFuX__PLcU49WvrT634GzKYdr9yvmwhdUyuWWa3E.aD4oDCrjTSCzhj_RLDGto7ef6F01gkH65rmxwSAkZBM&dib_tag=se&qid=1755803560&refinements=p_n_g-101014971069111%3A119653281011&s=electronics&sr=1-6708,https://m.media-amazon.com/images/I/61RkQCaz5SL._AC_UL320_.jpg
"SAMSUNG Galaxy FIT 3 [2024] 1.6"" AMOLED Display | 14 Days Battery Life | 100+ Watchfaces | 100+ Exercise Modes | International Model - (Pink)",Phone & Tablet Accessories,50.62,Samsung,/SAMSUNG-Display-Watchfaces-Exercise-International/dp/B0CW3X1S7B/ref=sr_1_2839?dib=eyJ2IjoiMSJ9.ZxZyHBoljXK90xQ-Hopc4vfvivvc_HeA2b45F_hUrI-UmRsAL8YdD5PhofHe4eruFojEQL5m30vDdm0C_iPhwORse9akhHHtCjUial_tEBoDgIBJfyhgudlx4gxvTICq9FIkq_PQGRsNw1c-KHTGToKeWWE34MVW6NLrmVJXzurxtHRG4Awdvdn0o5Uzt4bN3XF2tpZXSEP0AG-5pNkUI-nPUP3AdWlrkL921yasrw8ECZrtUS3I2G-g-V79inUNvccn8-H8jAUIi_MdBVCBqIAdhraW0VZjKWnbxQZJWK4.jcUddXK9pEK8lAwCtGb6usEwueIU6chsnyxmNcYI3ag&dib_tag=se&qid=1755801558&refinements=p_n_g-101014971069111%3A119653281011&s=electronics&sr=1-2839,https://m.media-amazon.com/images/I/512Td+jdctL._AC_UL320_.jpg
"Canon PGI-280 Genuine Pigment Black Ink Tank, Compatible with TR8520, TS9120,TS8120, TS6120, TS9521C/a, TS9520/a, TS8220, TS6220, TS8320, TS6320, TS702/a, and TR8620/a Series Printers",Printers & Ink,17.99,Canon,/Canon-PGI-280-Pigment-Compatible-Wireless/dp/B074TR3F41/ref=sr_1_2721?dib=eyJ2IjoiMSJ9.QVobH8oczkI31TVO8A4DCA7PLyXyiO_2FBseA2S71to-vSsT1QZJghZILzoEo_t6WoKthjv516VGAxEJL4EW9ogMh8ggD-wnZN0o68CbvXolR3SEn90zkFarSm01jsWX42ibsAQrj6SWEXSemUdg_VFkN0AgfinHiJuzGuD4UU-OR8FaYfv-Vu1nDLYliuBeatkBTN5Tbh2g8H3thEH14b6R0DyuiNlN7GAAIPj1aeWGrgoqa_Rq0YfdiHpAvhWwyuGh-i3Yt5cv-GFOZNSCzX3gNc1ZItobwggdL3a4WCA.QSeHRRYd5RZ_7f2iTHyh5mNMTEJr5j82qPrX2TR2bqQ&dib_tag=se&qid=1755801490&refinements=p_n_g-101014971069111%3A119653281011&s=electronics&sr=1-2721,https://m.media-amazon.com/images/I/61WukzKRGjL._AC_UL320_.jpg
"TP-Link Deco X55 AX3000 WiFi 6 Mesh System - Covers up to 6500 Sq.Ft, Replaces Wireless Router and Extender, 3 Gigabit Ports per Unit, Supports Ethernet Backhaul, Deco X55(3-Pack)",Networking,139.99,Tp-Link,/WiFi-6-Mesh-System-AX3000/dp/B09PRB1MZM/ref=sr_1_130?dib=eyJ2IjoiMSJ9.20cWlUwxNhVDil7kfkgf1zNKG6BcsU-Zqq54NrGCMEdwew2pZ_Z4LPqjGOxOSs_HiAw4zumER8_U8-eFv8OKRVpNiEHlJ_Lr95k--xqf1WYYK3egdN6KGYalquyF7Fhjt6QT5ApWdTwFqYbcIG7Ru3XpGwIbAkbGz7zXSkKE_-Irz4C_8tQr9DyYzm0rJOaYjS7PUqdbLYqniJFnAAdny7KsiePRqc1UhfwSqVhHb3FY_lIxHO2rKvPmWoH1Oduo87reZlRV3h2ma30iH3rdaLEGqsY-6QasoBw5uVqyS-M.FxXXG86DJL6vKKvcStWJJn_HDhqRldIRJgP6WTN5h7I&dib_tag=se&qid=1755800144&refinements=p_n_g-101014971069111%3A119653281011&s=electronics&sr=1-130,https://m.media-amazon.com/images/I/61D7vtclcsL._AC_UL320_.jpg
Sony Alpha FX3 ILME-FX3 | Full-frame Cinema Line Camera,Cameras & Photography,,Sony,/Sony-ILME-FX3-Full-Frame-Cinema-Camera/dp/B08WJKKD47/ref=sr_1_3023?dib=eyJ2IjoiMSJ9.a76FeXwe9I_0bSIp54YIZN7JETq0fqU98_epuP4gegUUE3CqD6tl-Dl8DIdSbzaNS5KwdcaN_h6qFIONyUM2Olzv5EnL7j8ek-d87zeR-gxo6a32fs7_WAMSmWyiF8-nHkvzJ-EHb0Uabqnjyx4ibacqewrp0xH17nN36AmNtdxwByUDNYkOywTz1CPFxY0NLFwShXL-dtEaEpo57E5j60JhOIY0Q-uNv3J4Mb85UHeRrjULx4YbCivvvDpiO_Q8gDLJZBZg9sEr0jVzTYu-AI4HKco_i6zD92yAozb_AnQ.TUFb25vcQUYys7Ee0HoeP1yU4Ry9Xq5qYe4Q2WQ46Ck&dib_tag=se&qid=1755801645&refinements=p_n_g-101014971069111%3A119653281011&s=electronics&sr=1-3023,https://m.media-amazon.com/images/I/816qQr4v3-L._AC_UL320_.jpg
"Google Nest Cam Outdoor or Indoor, Battery 2nd Generation - Snow (Renewed)",Cameras & Photography,,Google,/Google-Nest-Outdoor-Indoor-Battery/dp/B0B88KJ4QF/ref=sr_1_3862?dib=eyJ2IjoiMSJ9.eUAavPIal9LhqKBfe3XyD9v0Cbmo0Hv3j5h6mNY_R8BegfPHhLFeUnge9mQ3dSRIDOWZ1-RXiPPjYn3c1PVceKBwNllDP6i1np2u41yObVKi9ElO4tMRv5UkSL4FBkkZlpPCuSrpeKJtJncmabiLs8NVb_oqiNB3t93cEn-4khBxCOQUz-VMoX-Gf1_OBxNeyk0iw57pasoGTtecrKhaYQeDlfdbEXZylqwqpbQYtjYZpd36fgjEaW9cS1kqjUg-L9iLkhIkUE_UE1Ma6ujBKk8GgViTjo8LdUDja9Q0STw.sgeWLnABqIjj8OlrHK2CsNLDHFwJ6_XUcYuwFBeB_4Y&dib_tag=se&qid=1755802079&refinements=p_n_g-101014971069111%3A119653281011&s=electronics&sr=1-3862,https://m.media-amazon.com/images/I/31750hI5MLL._AC_UL320_.jpg
"Canon PG-260 Genuine Black Ink Cartridge, Compatible with TS5320/6420/6420a,TR7020/7020a",Printers & Ink,19.99,Canon,/Canon-3707C001-PG-260-Amr/dp/B07W7FFS8Q/ref=sr_1_1200?dib=eyJ2IjoiMSJ9.I8JxLJaSAYf5ArZNKLnA0mE9RRRbPzFsCwWy2oMASgopBd9bDw3scrn_K5gDV9wMGQ-rXRMfvZXTFv3gPRWFPXD9z9wPOdoAg00FQjaGdkK9gIVadrmt-Mo4AU_jrxtujlyRvpqPzyd4BIZSYQZB-eTgqikJtl6AXLU1jD5GAHnzE45be8BEEChOh1v5o-EzYMUChCgRyyXMsTgMgm1zNu1y8bBeNCMy06cPkj-acCQYR7baX73eLJ_unQJlNFStYzY1RZSznVx_YQFsThSUFIoCos1pjq-SlLFh3PcS73M.Gxj6vaQIQ4SpzFWxgYOwbDdoB2j9_e7DbU3MMGh7PaA&dib_tag=se&qid=1755800702&refinements=p_n_g-101014971069111%3A119653281011&s=electronics&sr=1-1200,https://m.media-amazon.com/images/I/61FBZF+0M4L._AC_UL320_.jpg
"Fitbit Charge 6 Fitness Tracker Smartwatch with Heart Rate, GPS, Health Tools and More Obsidian/Black Bundle with Cleaning Cloth and Charger",Smart Home & Wearables,156.99,Fitbit,/Fitbit-Fitness-Smartwatch-Obsidian-Cleaning/dp/B0DCZS6B61/ref=sr_1_5871?dib=eyJ2IjoiMSJ9.5QVDs7PUX7pRPTAaE5KjsGwsTMtStrUCJEGYVU3WKpt1S4p4mTEgEfQop_-ZPdSc3GJH0i_Zm9YBTPXTwp8UPlCu08GFbLqa0dApFon-dhOjV1tnknf_I8ohEQir7MUR4jCgY6lzAAYqx4gq-efFS4ubcGDUJ0cU5NjbboX_op0xIVRXnY2oZgAP5a0L-sa5zGSo_tJ6FAvxfXKh2XEzXZGAFXtZee8gGF9yLGlMN7wZ9misrkU96V4UbrImAdWoGeh15VTfnHwz9JEY0IfLMpLn3oTp_RSaKMiRUNtuX_c.CnKGZF4nyL6WJwkUlnfbzHJyUJ953TBV62HA3Hcb5CM&dib_tag=se&qid=1755803132&refinements=p_n_g-101014971069111%3A119653281011&s=electronics&sr=1-5871,https://m.media-amazon.com/images/I/71G3cxVaN7L._AC_UL320_.jpg
"HP 147A Black Toner Cartridge for HP Printers | Works with Printer Series: LaserJet Enterprise M610, M611, M612, LaserJet Enterprise MFP M634, M635, M636 | W1470A",Printers & Ink,256.89,Hp,/HP-W1470A-Toner-Cartridge-Black/dp/B086XH8S47/ref=sr_1_2007?dib=eyJ2IjoiMSJ9.z06QkZRs1xw3XkMpwF66ASyrBKZk803mddeOUrvgQ68T9IRKLE1JupN_UZ-t-vwukeSup_jp-as76rgCj95usLXtxWmGhMf3VRqXjW0sULlakwzwj-z6kvIamKVan4ABJFhXWZyrnoSPwXoR25X7HUI24hLL1EXkp4HAMVJfhDVVKxbw-Z6UrZZyiC9BbF315AQSDSCRiXNjtmyKvaLA9f4zT2uVGUR6dabhDkSa3Z9-H-IYLv1fM_7KuEVu3ygMVU0Cq8Q1YmlmhudIzq8BtWaWO2eX1yU3r2z5mfTP44s.Ad2qFhNPhZOnWf3nORqogo99W16grx5qt4R4IeMBMDA&dib_tag=se&qid=1755801119&refinements=p_n_g-101014971069111%3A119653281011&s=electronics&sr=1-2007,https://m.media-amazon.com/images/I/71FnX6ODFfL._AC_UL320_.jpg
"VTech IS8151-5 Super Long Range 5 Handset DECT 6.0 Cordless Phone for Home with Answering Machine, 2300 ft Range, Call Blocking, Bluetooth, Headset Jack, Power Backup, Intercom, Expandable to 12 HS",Phone & Tablet Accessories,119.95,Vtech,/VTech-IS8151-5-Answering-Bluetooth-Expandable/dp/B086R819LS/ref=sr_1_3716?dib=eyJ2IjoiMSJ9._N-24hSh6MyC3whJKH6U1tuDhsjgLBn7AqExnUaU71cMvPgfUeB8B_SzJ8MZqj4WjktIo6rm-L9FJOH7KoB8PwOsfysOaBTRuGqG3fsjMH-TjXX9NvsdYh6XatwAvwc3HQogoDZpKtemj57SbsG_14WoxRmNZiROvezZ_fryYdOB6ADFLvGYhsCyCve2OEC8J-I0bQn-zx24UiqtCoMOxl-gRDUIxWVQPRHG_UcTRd2TRnNFkDUaFAepGp6rMB6iXHxGFO0EAbOibczy9fompO9Cnn-OS_eIDzifku05hVs.NCsRi0TMwmPX1HfjyDeai3zUSsWVmyozqFE07ezq4hM&dib_tag=se&qid=1755802003&refinements=p_n_g-101014971069111%3A119653281011&s=electronics&sr=1-3716,https://m.media-amazon.com/images/I/817N3Lf0hEL._AC_UL320_.jpg
"SAMSUNG Galaxy Watch 5 40mm Bluetooth Smartwatch w/Body, Health, Fitness and Sleep Tracker, Improved Battery, Sapphire Crystal Glass, Enhanced GPS Tracking, US Version, Gray (Renewed)",Phone & Tablet Accessories,,Samsung,/Galaxy-40mm-Bluetooth-Smartwatch-GPS/dp/B0BGQ7JBP7/ref=sr_1_3266?dib=eyJ2IjoiMSJ9.p_ATIAh7nwg_HSegqwRGA96GSr7LKzzwhds0o12q7_oCU7LjHe5662VEcf9o5AFHHAaxS3Kp4X9ZTaHxp-jFDSDaD7JmVe-wX7sB8tilnetNE_idm8ImWXK91IFte75FQywPE3uiER7vJ8er6hcla2DEZfz89xOpPf1aQuBIp0GbtP3nDsrTN4i0f6pjLNGXfILyRb08O4wKYXuanT8i66NzWYetTfHnkBKfuzc8MCMattod6MhtU_ZPVnUP16HPxTURQtlptfdHyyvIN7Tj6xwr1eeKohtE1-01w_ve8UM.I6QXPBRtVRNz54xrxgX2VFUtCKOxCm3W2jQWJFsfljo&dib_tag=se&qid=1755801766&refinements=p_n_g-101014971069111%3A119653281011&s=electronics&sr=1-3266,https://m.media-amazon.com/images/I/61X2Pl7752L._AC_UL320_.jpg
"Power Wheels 12-Volt Rechargeable Battery, Replacement Battery For Power Wheels Ride-On Vehicles",Batteries,,Power,/Power-Wheels-12-Volt-Rechargeable-Replacement/dp/B00004TFT1/ref=sr_1_9157?dib=eyJ2IjoiMSJ9.AP1EqBSCGMxz5jKnpHNiKkNrtsbsTpfLscEMjI27C1t6qVgR9keu2nZy8pLDuDz5qDWhfdoYDJAHMFrYoSsbiDb6LAO8Z1kAqrIIeJOqxJ7hwASSX0AlBsJ17pZzv9jelVhh2nR6Fnn966wsQiHThzH-2DiRaKsUcqzIKvxdPDUq31ptvtou_G_sAtXGt6p1LZHjQOEATHzzLY8WPkM76VCbUQs3_A5MM3-aO0Gz4LnIfHvgfqnvwC4q0XoV96c-BNQB0VuzmVHQPOBZqWyNBAp4AkU21WgLbcKUXik1clU.cC2gyadLyyFlD15AoRdx_HmCq4ODspBR-Wm9y7zgn6U&dib_tag=se&qid=1756097847&refinements=p_n_g-101014971069111%3A119653281011&s=electronics&sr=1-9157,https://m.media-amazon.com/images/I/61JOTAy6EcL._AC_UL320_.jpg
Dell WD19TB Thunderbolt Docking Station with 180W AC Power Adapter (130W Power Delivery),Computers & Laptops,118.99,Dell,/Dell-Thunderbolt-Docking-Station-Delivery/dp/B07V867LW4/ref=sr_1_2148?dib=eyJ2IjoiMSJ9.vTnirY-HL2wzN1FCG0uyrGnAai8BcaNZF58lKPpVLxTqWh1wtZivsO9EU2zJndcGeZ82fv34Jx6onP80BlNMEoqLHg1R1UewyDvsmyTIUn-DAJgiQi2chVIvkrhJ5m7uOy1myEqNkSNDKAFJhXRJ6QDpWYcpj6Wvn0ib31lzZehIJewnPi6qyWgbtqU5O7zyi2-DF3MWrMFmUG5Vb8mFA_RxhgCnZb7tvBZJ6i8m4BFbpV59YI10wi3B9y9suIkg1k5BNfzA0XIcFiHiNwyAtn-RPMeSugAb-DkQFjCCG2s.BLApdXscTNqWw0B6n6WG4TO1ahKVM-g-ZlXLNlXuQFk&dib_tag=se&qid=1755801195&refinements=p_n_g-101014971069111%3A119653281011&s=electronics&sr=1-2148,https://m.media-amazon.com/images/I/516-JWBNroL._AC_UL320_.jpg
Nikon Z5 II | Full-Frame mirrorless Stills/Video Camera | Nikon USA Model,Cameras & Photography,1696.95,Nikon,/Nikon-Full-Frame-mirrorless-Stills-Camera/dp/B0F3HJD64Y/ref=sr_1_5236?dib=eyJ2IjoiMSJ9.LI1_Jpl8jdDuRmSRkKQW7m6ARTa0VuusUKwfgqRqlcgG2bO0TpQcsqgiCL0hTefFLZRWN8iY2G7D2Yf5BT78ZFZoAua-oJnr-aIYE9ir4X-aj8hMFQSnu1pw_Jm4bR5iBvZtP3e2B20TtcvksYDrazmj4qGS-GwANu9YdmFa5wz7zBdyf4PUy25qH1KUMUlW9M1Tgu8EP1LOsQc84V0se06OmIIIAHfiWOTl9ikiaLfuklHO-jk_oND6qduJ3Nvwl5YnTo0V0sNh-vu6y9-n-dJK0G0Ml65p3MlTaABit9Q.gBdPC5AtLdlWoBpZVcrReZbizcd2AnWQgiTiercimCE&dib_tag=se&qid=1755802815&refinements=p_n_g-101014971069111%3A119653281011&s=electronics&sr=1-5236,https://m.media-amazon.com/images/I/81-VoFn33gL._AC_UL320_.jpg
Sony Playstation PS4 1TB Black Console,Gaming,,Sony,/Sony-Playstation-PS4-Black-Console/dp/B012CZ41ZA/ref=sr_1_13858?dib=eyJ2IjoiMSJ9.mKH3jgFLYt3a4UE6uDmKxWVMGMVEHXNqUTC9hBKv-axAK2YgqIhF2tcbTJp410_0io476k1K69ajw-trdB8YFEihvMbJSrvmaawXRrC87PEoOfEDymeIZlaHL9bNOISRqdsg0UAgtEdgg5NdCLfokEAdKZO_uIC7foiGdCnL9fC4H3gwwtXnStikp8dWohWoA1H51ZBsO6wCtL1jdGuISzPvGwzioL0ah32j-x07jsmp6ifB7yIdy_cGB4whFzIcWS3pZ67eDdebtPzwbWaJ_G3cf0W6AhmQb9JWnIBoD8g.n2igylaVV4dbRgdLaSl7P45BmIWZB4a8bx03o3Cho0M&dib_tag=se&qid=1756100398&refinements=p_n_g-101014971069111%3A119653281011&s=electronics&sr=1-13858,https://m.media-amazon.com/images/I/51OnenSqevL._AC_UL320_.jpg
"Apple Pencil (2nd Generation): Device Compatibility Check Required - Pixel-Perfect Precision, Perfect for Note-Taking, Drawing, and Signing documents. Attaches, Charges, and Pairs magnetically.",Phone & Tablet Accessories,,Apple,/Apple-MU8F2AM-A-Pencil-Generation/dp/B07K1WWBJK/ref=sr_1_157?dib=eyJ2IjoiMSJ9.XSgp82cR-zFu1yCVZYG6b8UIqSUaY8a0t-vFnUEueMJme57IYOKfHd71cgAG6GhE2mWpNf8JtxfmKfEDPHPEuXEPOTDhvdFDNyXeXOCbEAC9PtyWIBn33SIZUE9yYGfQYNw1GwsswN3hcPJZKpBZxXwppJq35f0gY3zHqzqZS98aaFF1KukEfTrs8iXDBzBnjRS4Yb19Jt2uJo6W2LZzvsGXWJclgV8UYfoptL128PmliQ8pf7gO1lsxFcQD6Ig6dI3va6YOr0TvYUakwCSkH2VbBGbFpulFWMEezAJ76kc.Y8v93RWk4YqxipF_I31ZDjK-VkRVq-NAiU6aXz3FBHA&dib_tag=se&qid=1755800156&refinements=p_n_g-101014971069111%3A119653281011&s=electronics&sr=1-157,https://m.media-amazon.com/images/I/21SPDoiRuGL._AC_UL320_.jpg
"Monster Open AC601 Wireless Earbuds, Crystal Clear Call, USB-C Charging, Bluetooth 5.4 Open Earphones with ENC, IPX5 Waterproof Wireless Clip-on Earbud, 32H Playtime Earbuds (White)",Audio,29.99,Monster,/sspa/click?ie=UTF8&spc=MToxNzQ1NzQ0NzE1NTUwMTA5OjE3NTU4MDAxMjg6c3BfbXRmX2Jyb3dzZTozMDA3NDU1MDg4NzEwMDI6OjA6Og&url=%2FMonster-Wireless-Bluetooth-Earphones-Waterproof%2Fdp%2FB0DM8R1Y7P%2Fref%3Dsr_1_114_sspa%3Fdib%3DeyJ2IjoiMSJ9._iIYlKTDQWi6dRtkt7tnlUJi-0qqzHN0yhonfOYFGD8e2-Gd1Rwsc74dPNmaal58z4JOct7-7ejiZLDukUwfLObP3QUGPDaSxVjWN_6djVRvVYGik32eBurR5eevoC2sjqmPJ2xnTq6P1jR6gfLlq6_eRw_3BryCLf4sKYm_KdLBZfI94RFejhfG_iCK0zp6fi9zDMVrGlf0aDqx3DZmg_1hVPvOQ26Ldt6NSH2uXwtnwVKMxAmVzqjNU7mXh_XHTLkJxtKAq-KcTcAZomkcKoIPTZh-T-QqbGc346x-aLw.V-bWswQsjwO77nUVIMnqsKgaJDqLpWb5pwPA5PdrGDY%26dib_tag%3Dse%26qid%3D1755800128%26refinements%3Dp_n_g-101014971069111%253A119653281011%26s%3Delectronics%26sr%3D1-114-spons%26sp_csd%3Dd2lkZ2V0TmFtZT1zcF9tdGZfYnJvd3Nl%26psc%3D1,https://m.media-amazon.com/images/I/61CPPwEJ+lL._AC_UL320_.jpg
"Sharp ELECTRONICS Standard Function Calculator (EL2630PIII), White, 8 7/8 x 12 7/8",Office & School Supplies,116.75,Sharp,/Sharp-EL-2630PIII-Commercial-Printing-Calculator/dp/B00005BIEH/ref=sr_1_7579?dib=eyJ2IjoiMSJ9.h7HFj5iEyNGMU7B4QX-LUjXeOHz-Q99_LXoOpm6Ij6YJGOhSn4lmhYiCkfziODe_k-vhZbdxt1nP0gcM9J_9ZyWYh067qgicKmNTiYDP7uaOpdaWtMZntOOVwrc_IMBLLLA8Be2_oDpr_Sa0W4u4AsNoPId1kRSShvY-cldyt5CylQC9vlX1CsJD8y422URA51s_uE5TFjuyILrH1GmX4ugk8BV6_lFaF_wo4pKdKWfqVZf6x36hKzOGSrLlEygAdjGZ8PfCQkchfCbk2Kda3K4Y769WpvHlGFSyJe02aYw.8Poot0zGgtjL6nluWNly6c-OKH-gygd1cVVQm7En_WA&dib_tag=se&qid=1756096977&refinements=p_n_g-101014971069111%3A119653281011&s=electronics&sr=1-7579,https://m.media-amazon.com/images/I/712Iy+fTT2L._AC_UL320_.jpg
"SAMSUNG Galaxy S25 Ultra Anti-Reflecting Film, Phone Screen Protector, Increased Visibility, Dust and Fingerprint Protection, Anti-Scratch, US Version, EF-US938CTEGUS",Phone & Tablet Accessories,24.99,Samsung,/SAMSUNG-Anti-Reflecting-Fingerprint-Anti-Scratch-EF-US938CTEGUS/dp/B0DKZ7F64Y/ref=sr_1_3831?dib=eyJ2IjoiMSJ9.9M6kTEa7Hf0N29Uhg1bpo6hyHCXutfc09QhgrexpGIsk-FaP3P8bx8sL7EcreRp-WZaKnoHFWPq-z1_4hZv3MlkfUeCEE3Nfl6d5gMNCqp4RMFR3QVYGpNc9yTYpVFmMPt76U6QVWpO4GIWyg-AqPO_FQUBzbhVktwSXOx3NURh0M3hlujDbETJfhbbcYGrE66lNCQImAbm5VvvucQ3R9rBYL16mN_LN2PcTPsnH31fJ_-vfYtES0kUmLo8NT4TfXrWsqlUnJGxIh49a0sPhpNCD0nxaxJrIucN-GxYAsH8.QEdXeO4EcnyYWfnvLC9YxYlqDfFVkh4bQhtTTf7KqWM&dib_tag=se&qid=1755802067&refinements=p_n_g-101014971069111%3A119653281011&s=electronics&sr=1-3831,https://m.media-amazon.com/images/I/613TtYfd3HL._AC_UL320_.jpg
"Lenovo IdeaPad 1 Laptop, 15.6” FHD Display, AMD Ryzen 5 5500U, 8GB RAM, 512GB SSD, Windows 11 Home, 720p Camera w/Privacy Shutter, Smart Noise Cancelling, Cloud Grey",Computers & Laptops,449.99,Lenovo,/Lenovo-IdeaPad-Ryzen5-5500U-1920x1080-Storage/dp/B0CJB5N9BQ/ref=sr_1_7593?dib=eyJ2IjoiMSJ9.ObhP9QPfEPVyx2gmJvApxDRvLkmSuBp6zwNnIAN9uZgRCIqSBljkCn2ZEb5gvnsuHUOcF-LJy4NdigB_WGfWY-LfNkrJzNlHEdXPq9c8yYnDrA-8AgRlbul9ZT7rnQXD9kPjSQhL6OaW5vfAgl2zZjb3sGc8w9dAorSriGQ4D5ZEePYAO3Qu_hJiS7tV504mpuY2rxcW4Cuhs169zn945Yyb4WbbCZf6UGJpvkOok8zuShdYeTRFPUjhr6xJz1PX0HjmYA2M2gOtZYuvxS-Ub46Xw94jdY466_ExYI0TJ_Y.8oRlYfrYMrEcrwbErEZi5RZJS1jZFsguGtHOxsFFq2w&dib_tag=se&qid=1756096990&refinements=p_n_g-101014971069111%3A119653281011&s=electronics&sr=1-7593,https://m.media-amazon.com/images/I/51h3oOo7XnL._AC_UL320_.jpg
"Arlo Pro SmartHub - WiFi Base Station for Arlo Cameras (VMB4540) - Compatible with Ultra 2, Ultra, Pro 5S, Pro 4, Floodlight, Essential (Gen 1), Video Doorbell - Brand Certified Accessory",Networking,96.99,Arlo,/Arlo-Accessory-Smart-Compatible-Cameras/dp/B07YD5S9FX/ref=sr_1_3392?dib=eyJ2IjoiMSJ9.H_b2vDA0Ukp0BTg_LO7hEv9TFvRKv7KsM-LY4BjsZBlJDENAgb_N9WpyAlbEVgiBiknABSabYTk9svM4FBD3WQxUNOqRYSZgb-mQAOc3w5G1y_4XfFDKfT4-BGz-StPIOWnUsg0mvNH9hTlW_8XCa1q9bzGgw8_LRfzmlrsbBccjZcuAomJ5zy4Obt3M4zd39Tqu9o18fVGb63UdHK8QXU3PV3zKgKz72wR8xt2E4ykpNEMXE6H8Z7QLFMUVq6QGyVkDXrTVgnFnMileP1XicvmXNIIGeZcwZ6nAIC86JIw.k6chG0O9FcBGM9OckMCTdktFn1KXahZfTRt14jo9hug&dib_tag=se&qid=1755801840&refinements=p_n_g-101014971069111%3A119653281011&s=electronics&sr=1-3392,https://m.media-amazon.com/images/I/51EjFR6pE8L._AC_UL320_.jpg
"Amazon Basics 12W One Port USB-A Wall Charger (2.4A) for Phones (iPhone 15/14/13/12/11/X, Samsung, and more), Pack of 2, White",Cables & Charging,11.68,Amazon,/Amazon-Basics-Charger-Phones-Samsung/dp/B0773JCTR5/ref=sr_1_958?dib=eyJ2IjoiMSJ9.oBumtB-nVIowxTR7LYTbk6uSz1qGa3UTsflkFikA94mkcmYHf0YRxns18dFnSvieZ3cHLMdIIsjePFuXVpIJGfhu2Ji0JKToIUAaFct3T-IHGSI6e1Sp87HXEn8N4LbS26Skw1BcM9Pa5BtruyEQ9cspKf9-D5Fq_5p6clkKkOrtRzn-LA9vZMvK4GOpASHWNE_ylLE96Z1Sw7m67268uSxJtIDbCbEa_RQp7L0QTG8vcq5O-77HCUTeR1kOXYi99lK-Ak1ZTfULgU5Ugbpri3RdR7HzyNGhejLbN7XyoIw.KUhSmx3NzlTafR0PNIJ6R_JfLJq4-xswwCF0kAfq50I&dib_tag=se&qid=1755800570&refinements=p_n_g-101014971069111%3A119653281011&s=electronics&sr=1-958,https://m.media-amazon.com/images/I/61v79jvS2BL._AC_UL320_.jpg
"Xbox Wireless Gaming Headset – Over Ear Headphones – Spatial Audio with Dolby Atmos, Windows Sonic Series X|S, One, Windows PC, Mobile – Carbon Black",Audio,109.99,Xbox,/Xbox-Wireless-Gaming-Headset-Headphones-Console/dp/B0DH689JGY/ref=sr_1_956?dib=eyJ2IjoiMSJ9.oBumtB-nVIowxTR7LYTbk6uSz1qGa3UTsflkFikA94mkcmYHf0YRxns18dFnSvieZ3cHLMdIIsjePFuXVpIJGfhu2Ji0JKToIUAaFct3T-IHGSI6e1Sp87HXEn8N4LbS26Skw1BcM9Pa5BtruyEQ9cspKf9-D5Fq_5p6clkKkOrtRzn-LA9vZMvK4GOpASHWNE_ylLE96Z1Sw7m67268uSxJtIDbCbEa_RQp7L0QTG8vcq5O-77HCUTeR1kOXYi99lK-Ak1ZTfULgU5Ugbpri3RdR7HzyNGhejLbN7XyoIw.KUhSmx3NzlTafR0PNIJ6R_JfLJq4-xswwCF0kAfq50I&dib_tag=se&qid=1755800570&refinements=p_n_g-101014971069111%3A119653281011&s=electronics&sr=1-956,https://m.media-amazon.com/images/I/71a4QQm1OqL._AC_UL320_.jpg
Apple iPhone FineWoven Wallet with MagSafe - Taupe,Phone & Tablet Accessories,,Apple,/Apple-iPhone-FineWoven-Wallet-MagSafe/dp/B0CHWYG96Z/ref=sr_1_6604?dib=eyJ2IjoiMSJ9.f-samqG_QDnL3EPJD-caiOwe8udd9YxIWLzzi3GPVfoZqzJuk0ZY-kci6Eam4CrUwL55z8UGPJKU2G4nuwNWwAU0dX0r7zJVj1H6r4ZwKyGyeAdktWLYnjkWHMZQWxVcsUduO48NyJ7KjFw1bMUwXueVTJYb0yBNYnw4LPpsQiHAQKLWwaKWuBhbsrm2oT6N4trEJthC3GaWdaVeeSymjpe1UhF0WI853aeaUQJhUUQoKkg54FNOmPr2TTCof9qq1MgCcjMD8MeGtmTJwSUOxSKM1Kk3A-P5H42WnLqcLnQ.Fpbc3kW8CNrelrwV2AUNiQV2bvsBFOr6a856y3K--ek&dib_tag=se&qid=1755803502&refinements=p_n_g-101014971069111%3A119653281011&s=electronics&sr=1-6604,https://m.media-amazon.com/images/I/41b95A3815L._AC_UL320_.jpg
"NETGEAR Orbi 870 Series Tri-Band WiFi 7 Mesh System (RBE873) - Router + 2 Satellite Extenders, Security Features, Up to 21 Gbps, Covers Up to 9,000 Sq. Ft., 150 Devices, 10 Gig Internet Port, BE21000",Networking,,Netgear,/NETGEAR-Orbi-Tri-Band-System-RBE873/dp/B0DPLH5DFH/ref=sr_1_3196?dib=eyJ2IjoiMSJ9.xQuaz4D_rdb4UUmaiC7BRncBZhgfFJ3kp3URdatFsrzs9TSwKXTTnJP1CdBMbKTQb_qZ9Hlitxzgmh5DNtXhFz3tNqJIlVseHaF73nbLrsDTg1-xjtg8mO29UyzRyOxQQVoCx1goUhNyDOKJXgT4_VY8wcUKktTHBk0Nvn7f9wnNrzRQd_Gr0I7y4jXRQ-5gea8hfqMTW0RQwnCNvnvmaqjCAYuOgUuRl87oFK0g48SB7DMmXQ3rUNqY7q8dqOLdkPhdwxHwPMubI1E9xWguYTPHAAGeG-hth5sAmWcSatE.CLxD0S3tmXqH6NOdrKTavrwbXRUCgyXp0gaW-FLsywk&dib_tag=se&qid=1755801741&refinements=p_n_g-101014971069111%3A119653281011&s=electronics&sr=1-3196,https://m.media-amazon.com/images/I/519QkIinKvL._AC_UL320_.jpg
Bushnell Falcon 10x50 Wide Angle Binoculars (Black),Optics,40.72,Bushnell,/Bushnell-Falcon-10x50-Angle-Binoculars/dp/B000051ZOA/ref=sr_1_4513?dib=eyJ2IjoiMSJ9.2Z6QqgtFNU_0spez_13Rpp6vPzqCjP5UfGGKJx43rLCTESItP4fDxr-wlLg4-mBmMrtWFfSQCPbUV8chVZeay1-X3AOWmkWYmytneOGARwa9cXMANUU4rkan6GR8i1U12KinC25u0zxsa0ftakv4mMaStJu1nBfOAZJsR0F7bNtJJ-ZIBQt9H3i_8sWvFUF9vY2UG2bK82iyPcVmJTvQ9olRSXNbblANdi_vM3kX074md-NBCB3rSLxH0LXbb58Gx89s7otEQLSCaJv_XHMonLcveOJ0GDrqSkOlUeOB5Z4.oCxbo75TQUB5QQ0aZOim5OuL2tRMzp-ZrnT4n00I8tA&dib_tag=se&qid=1755802416&refinements=p_n_g-101014971069111%3A119653281011&s=electronics&sr=1-4513,https://m.media-amazon.com/images/I/61MSR9R6PbL._AC_UL320_.jpg
"Targus 15-16 Inch Classic Slim Laptop Bag, Black - Ergonomic Briefcase and Messenger Bag - Spacious Foam Padded Laptop Bag for 16"" Laptops and Under (TCT027US)",Bags & Cases,19.01,Targus,/Targus-Laptop-Bag-Briefcase-Messenger/dp/B005G2YP6M/ref=sr_1_1248?dib=eyJ2IjoiMSJ9.j5YgUa3pGHJF7T3Aaz6F6nWnsQFS4DqoQ6dKMKHt2ohjS2sSQYPLoBc__QE1OO-xXAxy8eg4JQnSO-MBaOCxdrmra484mXPKgSi6O5Xa_vRcLrgMJC5ZW4syJfBQxKVWF7-WtljZZB_96cINlL8LnRXwtjQ0f-sx9llCqJ3alZ3oHqR0hnxETQf9t7WvRuN38sF9sJSbaiEOaHKOIbKCFbpxsQi5c_NUEqwuTotDePfVnHnSb_pBypr-y4PqNPiIhD--RL80Fo7gxl0C29ufiF2awKznjutXC9VlJX9yNzU.xzDiYJ6qgbIinNqD2XlPCbatnpOo-mQolorxLl3cJ8c&dib_tag=se&qid=1755800723&refinements=p_n_g-101014971069111%3A119653281011&s=electronics&sr=1-1248,https://m.media-amazon.com/images/I/61Qp3f635NL._AC_UL320_.jpg
"Duracell MN9100/E90/LR1 Medical Battery 1.5 V Card 2 Size N - 2 Count, 2 Pack - 4 Batteries Total,2 Count (Pack of 2)",Batteries,7.98,Duracell,/Duracell-MN9100-Medical-Battery-Card/dp/B01M2TSIOL/ref=sr_1_8953?dib=eyJ2IjoiMSJ9.siPrdVHR4oxsXGZhQewT5K-DVMdVQgqOp7o1ae51h05LdJ3WX6kuIcchaiTk8g0SphCnDzaFoMz3xWnVJlR15wb6jjSDBKFlQ3KT2pOgUokN2-JCvNlVmxqNkOw1q1ovvU5ZLjWjKG1rjWMfunvbziK7RtMUeHHdFgXfzbv9E7gnODE32_3QTW0Aey-xMEFXMTfasM3Rwfj9Ik1Rv69QLZlg9OJ8nkJM6JAenlMD_wTo8LHe_zG4-bRjK6V-Kd0dRiVbzREYwvWR1dd1Oh9Z8NT5vua--4BfD19xBN4dWYE.A8SJA2Q6qb0-UMxCpHWrPbzoxTUo96GfYVPum1si8as&dib_tag=se&qid=1756097733&refinements=p_n_g-101014971069111%3A119653281011&s=electronics&sr=1-8953,https://m.media-amazon.com/images/I/71KYbmIMlXL._AC_UL320_.jpg
acer Nitro 27 Inch 1500R Curved Zero-Frame Full HD (1920 x 1080) Gaming Monitor | AMD FreeSync Premium | Up to 280Hz Refresh | 1ms VRB | One Display Port 1.4 and Two HDMI 2.0 Ports | XZ270,Monitors & Displays,169.99,Acer,/acer-Zero-Frame-Monitor-FreeSync-XZ270/dp/B0DLP9JPR3/ref=sr_1_2754?dib=eyJ2IjoiMSJ9.kbnYPmRmyxv8xycBJAtq-uQw6BfetfTrHfJ9FoAsZ5qFWIwCkapnGyT8yYygsjhzWOv-iFw0NCHP3uRIUA3ZN13gs3KqhgUwhaDkeHnYC6BC_gSK-1SpyITiTvt2fTOxUWDPHh9qomLF6BpDOsyWQxp__86q4BaLVs17wY7Vk01wYK8vLeQXZ7I5V1wDuBYW00AMvkW4yqnjOW82eQvTTTOtQLxcprsONbGGswp9zjeSafJcock2da_o2IOggeuVxl1nirfe1WB78H6oXZYGUACn7qahgZjYtIYcls_83_k.G1L8nvVKo_2vPrIN-jODzH-y1T_sJRVOrshKPS2qPhI&dib_tag=se&qid=1755801504&refinements=p_n_g-101014971069111%3A119653281011&s=electronics&sr=1-2754,https://m.media-amazon.com/images/I/81e9MKxUy7L._AC_UL320_.jpg
Renata 390 SR1130SW Batteries - 1.55V Silver Oxide 390 Watch Battery (2 Count),Batteries,5.25,Renata,,https://m.media-amazon.com/images/I/51NU85WzAhS._AC_UL320_.jpg
"Xiaomi Smart Band 9 Global Version (2024) 1.62"" Amoled Display | 233 mAh Battery | up to 21 Days of Battery Life | Over 150 Workout Modes | BT 5.4 | 50M Water Resistant - Midnight Black",Smart Home & Wearables,58.97,Xiaomi,/Xiaomi-Version-Display-Battery-Resistant/dp/B0D8WQ94W5/ref=sr_1_5623?dib=eyJ2IjoiMSJ9.GECdrDXEvQm_VYxdeKh0GM8DhTyGZ1QioPNDTVu44YS-zR94JaywKigGOGdwhS__vshOYVJgb4g27GNw1hgqYsCAoB4-zrL99STkP17ABoqYLzi9ziHz1jjD6xjrjRY3dHHgwiYlU4sbHAY2YGyTLK6nIBCz_ed629qJyG6aKo7h3MKxpWzIbEpXzoURfobFJIQ9XJDjST0p5VwK0m7XcK4dlvgasu9xfTqycoY2AcxkUW7K5ZZFlomHSLnehsfp_IKJtqt4-69HqpBQRTQnFobBZBMLla51UfnpksdAs2E.vW94d8AOmm_HnkyuPQ1A7ENeY3MmPD19dM745vXDDjU&dib_tag=se&qid=1755803014&refinements=p_n_g-101014971069111%3A119653281011&s=electronics&sr=1-5623,https://m.media-amazon.com/images/I/71NbXlZpPKL._AC_UL320_.jpg
"Kensington MP14 Magnetic MacBook Pro Privacy Screen for 14 inch MacBook Pro (2021-2024, M1, M2, M3, M4, Pro, Max), Removable Laptop Privacy Screen, Anti Glare Blue Light MacBook Mac Screen Protector",Computers & Laptops,35.08,Kensington,/Kensington-MacBook-Magnetic-Privacy-Screen/dp/B0BZYKKHY8/ref=sr_1_4988?dib=eyJ2IjoiMSJ9.1oETfBn9vpzsJsmEum904_F1E7q8TT8jhFcuAQbg7D8ExygbSBHLIcvVzH_4Uec_Tl2UMLgz65sJjrfwyZzcR0I-asax_IDWZM7ludDIgOuWmtfxzoBjqEG0FTIUuHJA_LiLM_X_etyJ7dc5QxlQsjgqzjhkAz8swWp_YsTYXQmbZvVkPtWz9BTWk1dUyVRZw03TNmEnWRTpKupPapzN_jb8-IiSobJStvkcVLx5xxCoHuYmrbJUfSEgVpXe4y8ZMVYfFgaD-gnWDoxQkdX9sYkMFtrKtaDU3kY6SM2oknk.Jsf0rnVS-UoV6Vr1wL-CHgzMOyr4WRf2SWT6gzU6TI8&dib_tag=se&qid=1755802677&refinements=p_n_g-101014971069111%3A119653281011&s=electronics&sr=1-4988,https://m.media-amazon.com/images/I/71BslDkW2HL._AC_UL320_.jpg
"JanSport Right Pack Backpack - Durable Daypack with Padded 15"" Laptop Sleeve, Spacious Main Compartment & Integrated Water Bottle Pocket - Black",Bags & Cases,,Jansport,/JanSport-Right-Pack-Backpack-Black/dp/B0028BRZ98/ref=sr_1_7596?dib=eyJ2IjoiMSJ9.ObhP9QPfEPVyx2gmJvApxDRvLkmSuBp6zwNnIAN9uZgRCIqSBljkCn2ZEb5gvnsuHUOcF-LJy4NdigB_WGfWY-LfNkrJzNlHEdXPq9c8yYnDrA-8AgRlbul9ZT7rnQXD9kPjSQhL6OaW5vfAgl2zZjb3sGc8w9dAorSriGQ4D5ZEePYAO3Qu_hJiS7tV504mpuY2rxcW4Cuhs169zn945Yyb4WbbCZf6UGJpvkOok8zuShdYeTRFPUjhr6xJz1PX0HjmYA2M2gOtZYuvxS-Ub46Xw94jdY466_ExYI0TJ_Y.8oRlYfrYMrEcrwbErEZi5RZJS1jZFsguGtHOxsFFq2w&dib_tag=se&qid=1756096990&refinements=p_n_g-101014971069111%3A119653281011&s=electronics&sr=1-7596,https://m.media-amazon.com/images/I/71iP9QknPsL._AC_UL320_.jpg
"Shure GLXD16+ Dual Band Pro Digital Wireless System with Pedal Receiver for Guitar & Bass - 12-Hour Battery Life, 100 ft Range | Includes WA305 Premium Cable with 1/4"" Jack (GLXD16+-Z3)",Audio,599.0,Shure,/Shure-Digital-Wireless-Guitarists-Bassists/dp/B0BSP3NDDR/ref=sr_1_9170?dib=eyJ2IjoiMSJ9.AP1EqBSCGMxz5jKnpHNiKkNrtsbsTpfLscEMjI27C1t6qVgR9keu2nZy8pLDuDz5qDWhfdoYDJAHMFrYoSsbiDb6LAO8Z1kAqrIIeJOqxJ7hwASSX0AlBsJ17pZzv9jelVhh2nR6Fnn966wsQiHThzH-2DiRaKsUcqzIKvxdPDUq31ptvtou_G_sAtXGt6p1LZHjQOEATHzzLY8WPkM76VCbUQs3_A5MM3-aO0Gz4LnIfHvgfqnvwC4q0XoV96c-BNQB0VuzmVHQPOBZqWyNBAp4AkU21WgLbcKUXik1clU.cC2gyadLyyFlD15AoRdx_HmCq4ODspBR-Wm9y7zgn6U&dib_tag=se&qid=1756097847&refinements=p_n_g-101014971069111%3A119653281011&s=electronics&sr=1-9170,https://m.media-amazon.com/images/I/61UZBNNKF6L._AC_UL320_.jpg
"Dell UltraSharp Webcam - WB7022 - 4K UHD - Large Sony STARVISTM CMOS sensor, Advanced AI auto framing",Cameras & Photography,,Dell,/Dell-UltraSharp-Privacy-Computer-Proximity/dp/B098GXD82C/ref=sr_1_7797?dib=eyJ2IjoiMSJ9.KGxyqQzabxUTeENxTitU-c9ZN5Yjdv2Y8qrQuyxuyjrI8pKVED8PvsouMTQdHWjqSE9qbZuTme-niFrHEIkRjtjzIS4F7ETMlP6XYR0ooVccy4EQPv0S2jZn_r-rA7iV3ijq3iwHC84T_Mz3uTaoVvn2PUR_R6tgIpXylRMQwq0rbw0ADO1gYzcvM-kixujiTo4Vp_QaBCrQuMVDv1fiiC4LxMaH1GoMwpJQEyjycHpG3jlIKomA152qjSfdhdIHSgQD0kJqjLfFyVTCgIT4Qua59BSMsiWnWKPUk7-ycaw.BSrh7z1_0ozCfgu9QJg_eQYUDitAXrmo96nzTM2qxSY&dib_tag=se&qid=1756097098&refinements=p_n_g-101014971069111%3A119653281011&s=electronics&sr=1-7797,https://m.media-amazon.com/images/I/61XK43E1nKL._AC_UL320_.jpg
"Fujifilm Instax Mini Instant Film BLACK FRAME 3-PACK BUNDLE SET , Film Black Frame ( 10 x 3 ) for Mini 90 8 70 7s 50s 25 300 Camera SP-1 Printer",Cameras & Photography,42.04,Fujifilm,/Fujifilm-Instax-Instant-3-PACK-Printer/dp/B01MQ0IP8F/ref=sr_1_6790?dib=eyJ2IjoiMSJ9.V09UGHsEUC5hdOZ3J8JGw4GgDmYs3TnERZk9yF8DTTCyNhfjdQixSY9yc-ToyDh8AanecYUZhgEoVPx1mkavcA_d9Ud0N5ejCibt5XWE_m8wIr4w0-Us2XR8T2QA-EADlx7_SLm3Oso5xlD45geiNnCyR6N4NwqjIuaTkpMof4z2i2-k_ZAwvvwDyYRSa9X--F-NVXy-9umq26JeIugSEjutPty1ww7EMhbCSi_mZmsqMSOYJQ9u9citiarJLWng05CSbCiP5j99xtvh-KTpEaNn7QAoWxCl4jNskqmDp8Q.gvkeGOl4sjxPfFQB-gaXY3dHJHXilwKNtGlZyy_7afQ&dib_tag=se&qid=1755803596&refinements=p_n_g-101014971069111%3A119653281011&s=electronics&sr=1-6790,https://m.media-amazon.com/images/I/61utRYcUJgL._AC_UL320_.jpg
Meta Quest 3 512GB — The Most Powerful Quest — Ultimate Mixed Reality Experiences — Get a 3-Month Trial of Meta Horizon+ Included,Gaming,,Meta,/Meta-Quest-512GB-Breakthrough-Reality-3/dp/B0CD1JTBSC/ref=sr_1_539?dib=eyJ2IjoiMSJ9.HjrAn_bL0HHzWlYLVbL9LB9oFp03_JGR-j5cRq4iVIcck9fQ0qTtOSFP4FD87e3-o2Pydk0N7lhmkizWM6xpbHOmNUqEiox7x37Yx2rT9x-WSccm5woumq9k1B4V20y_y-DLujs8VdfWXoh1vKePrCA5syNG_t_fpekHS3bck-gwqxHKow3q3XeYHIV7TI2OYH8XrfCXpfZ4xK2iM5H0pf6XgGFQpd0AIZR4ZC5dIpddRyC-PMGUd6q9KtO0tu7tNoVJ1TsWwQAIWcnzCqBq8p2m9th9SRc_9T6g_aOlSoY.C_eOrVD-aSP0QGrBzI7a0WBK2Xea9eQaYGYIsHuFWHE&dib_tag=se&qid=1755800360&refinements=p_n_g-101014971069111%3A119653281011&s=electronics&sr=1-539,https://m.media-amazon.com/images/I/61nkctF66PL._AC_UL320_.jpg
"OtterBox iPhone 12 & iPhone 12 Pro Symmetry Series Series Case - Clear, Ultra-Sleek, Wireless Charging Compatible, Raised Edges Protect Camera & Screen",Phone & Tablet Accessories,22.95,Otterbox,/OtterBox-iPhone-Pro-Symmetry-Case/dp/B08DY86MQD/ref=sr_1_3443?dib=eyJ2IjoiMSJ9.AlCkoNnJ-tlQbe8qwvObGF_Eo65rTuBQEuc8YPNgPrzFwNTQkHda38z6ZtS_2YalTeoLWxqmM8EQSaeA26htIHsY_cM5E66LseCWrqqV9Z7BBVU27oNnO4p_dkscvKOXO44qs5vXRTQfOUrrcUfbtEp3a4lxdqeggMMYYq_sENy4o3gcXAewg7ZoyBVqT-1-h5DT-cHFki1Y59H63k-4OTVHvw7WJHbQ1vaVB9owFvPxc9yhHlSPRK3f6-PWgMO5KSd1fNu7NSdD7z2SbQUDYFDgT-jon0JB6N9dZFMgSLA.0NPbMW9qzddNd5pHjKtzU1qstycugf2EuJa1lK27KEs&dib_tag=se&qid=1755801863&refinements=p_n_g-101014971069111%3A119653281011&s=electronics&sr=1-3443,https://m.media-amazon.com/images/I/51AvtEkKD3L._AC_UL320_.jpg
"AT&T BL102-2 DECT 6.0 2-Handset Cordless Phone for Home with Answering Machine, Call Blocking, Caller ID Announcer, Audio Assist, Intercom, and Unsurpassed Range, Silver/Black",Phone & Tablet Accessories,49.94,At&T,/AT-BL102-2-2-Handset-Answering-Unsurpassed/dp/B086QB7WZ1/ref=sr_1_351?dib=eyJ2IjoiMSJ9.SCvwpGQ7qrsNfjkMR0fkHKNH3iWIbFTghiC4F2TVcWnTt1-BqCo6i2iIbrKHt-Te2vmA5GvMzU_cSJeLmUCNOKiqsJsDJtBHQIgX3eS_EgMhyRV0XMehaarAG0ukMQc4td6i73C2b_nacCvGBLKywVECzBqWJN2g3xE6q4v_KLD3hQj7SIQEyTRe25G7lFbbDaETcaIpE2jvfv_6eEF2ErpS1bkSrEO0QzK-Iizfe0ALV52PnEgRH4jfk1iQ7SyV65y5IwzQ0shzG2-mnW2VjWLRAEl_HDNTt2i4PvLXIfc.CKQowpQk_YCop6XfUhhYth6FNP06clRfEA-WF2x60FE&dib_tag=se&qid=1755800259&refinements=p_n_g-101014971069111%3A119653281011&s=electronics&sr=1-351,https://m.media-amazon.com/images/I/81vjTHTF9WL._AC_UL320_.jpg
"Apple MacBook Air MJVM2LL/A 11.6-Inch Laptop (1.6 GHz Intel Core i5, 128 GB Hard Drive, Integrated Intel HD Graphics 6000, Mac OS X 10.10 Yosemite) (Renewed)",Computers & Laptops,,Apple,/Apple-11-6-Inch-Integrated-Graphics-Refurbished/dp/B07CCM5X58/ref=sr_1_3338?dib=eyJ2IjoiMSJ9.g0qSuKQ_8tBAqgc9NNdyaQGVwLBKdsMZSj6BemqtBJkFBfi0OrCqnZ9YcQ4T-HlhHyb0L4FKfUvkksXBYHIqbI4X7RcepYn9zt5kwrmvgRG71QEdt0sVcdiVRuQCvkvqbBmxAx0rE3fntnbnbFS906t_3rJqtSB8iyDSV_DPKDAutYcjXN24-GwbAYTGGwQxUZuj9H5SUiD4D3zzsApI_gxz1YL3NsRG0LBZQZrOjNSG5kqyANKm1p4Ug2V9QKbZeXQwKSAvTx9Y59Ln2naq002xynAte6txC8FgHWdq_nA.M1AY7Pt6HXd1a8zYCeQCFRdAI_bBRaHKNk6c7gcB0E4&dib_tag=se&qid=1755801804&refinements=p_n_g-101014971069111%3A119653281011&s=electronics&sr=1-3338,https://m.media-amazon.com/images/I/71N+DK0pEaL._AC_UL320_.jpg
"Skullcandy Hesh Evo Wireless Over-Ear Bluetooth Headphones with Charging Cable, Noise Isolating, Up to 36 Hours Battery, Foldable Lightweight Design, Microphone for iPhone Android - True Black",Audio,54.99,Skullcandy,/Skullcandy-Over-Ear-Headphones-Microphone-Bluetooth/dp/B0CBLLJTTN/ref=sr_1_778?dib=eyJ2IjoiMSJ9.m9r-YkeAii9IFq5_p2RuRqJrLJffKpk_zUeT04IHr154hgXb5OZS7n9VnMd_by0rOIBVH_agLGbz0mYPh9IYNGL-em34eKAgaasQe_StHOnIrU4kEffhR5pqO2LoKNOfnoCFWXOvIqSaO-2f95ywCcKjZykao-W1bh9XHc_69rqwWoPDnl_CfDWnApSA0mCSz6nze1JYxQzQ50faCMCtP4P1NOZIXX7ZfE3YMmYpPC5zXi4_gFmbkkZkPR0l-KVyHslXWgwwWYFJOcuKJ3f5ekJM3A62oXGaAAAtKI3EuoE.71T-1UyiExX86EUTMAVyt7KvE2ngYwc1fY6oDLfQcFk&dib_tag=se&qid=1755800484&refinements=p_n_g-101014971069111%3A119653281011&s=electronics&sr=1-778,https://m.media-amazon.com/images/I/714rWTJzaEL._AC_UL320_.jpg
"Fujifilm QuickSnap Flash 400 One Time Use 35mm Camera with Flash, 27 Exposures, 8-Pack",Cameras & Photography,134.9,Fujifilm,/Fujifilm-Quicksnap-Flash-Single-Use-Camera/dp/B07GWGB7QT/ref=sr_1_2212?dib=eyJ2IjoiMSJ9.Rz05Ip3DZykVpQjGikOfl0B55_2IyZqAhBtTL4X-ywDkIBUJMOYeMFUHFQ_HfcgNjAkumQUFBheGppWOsojvhiRnWts8X9UVpEM_XM2QZ3UEADKragGoZ-rK_05ZuJ-IP7-772meBOo1426wOYCgrKBvvPKOlanWDzqgobi7N99zjGiHX6oLVfAc4soJsnuvGQojrgmD5DIGeEsfbHjMijZLgnyfxTj61vNFNqfQf4E2tQwl9Sik_i3a_6apE4cxNEyk0_bqlYIpWIWJW7wwOvtJhQgdhUMkCn55KJmP5MA.9AAHG8lYJ7WZ6rmTxcm82AZ6Ymr-RNaSphYrGITVBF0&dib_tag=se&qid=1755801219&refinements=p_n_g-101014971069111%3A119653281011&s=electronics&sr=1-2212,https://m.media-amazon.com/images/I/8176btI1lfL._AC_UL320_.jpg
"Apple iPhone 13 Pro, 128GB, Graphite - Unlocked (Renewed)",Phone & Tablet Accessories,,Apple,/Apple-iPhone-13-Pro-Graphite/dp/B09LP77GDL/ref=sr_1_2428?dib=eyJ2IjoiMSJ9.1Bavs2c_EvocvjJYNtUmhYl6lB0ulkPmlE4twYl4PYD_RJH5ISVOU7N_f_fjKD80gGYeAlNhQZE0UMOtsuKAvm5bLvFWHoql4esXjly5jzK0HagEmwdbz9tSXqUBd41tOn0AYnXyUYPjutDKbKMqAMdxmLscN37Jb9UY2InamG7UbXu38HypGwldzxOhvst2bNcu2y5t4aQ3FsGx8eDC8ykjCEFULzE1hPxrSbHZRoJw6KMswvXtTpw-AYQljdiAJSWR6RaRmEcKkdgZePWaR1q_qgDODi9ziMEpL_EHzhs.W91kHwURj0MHwoerOoU4xzXOEggoiIn-sdubzrliHAI&dib_tag=se&qid=1755801327&refinements=p_n_g-101014971069111%3A119653281011&s=electronics&sr=1-2428,https://m.media-amazon.com/images/I/51UtM-A3fdL._AC_UL320_.jpg
"SENNHEISER HD 599 Open Back Headphone, Ivory",Audio,239.95,Sennheiser,/Sennheiser-HD-599-Open-Headphone/dp/B01L1IICR2/ref=sr_1_7213?dib=eyJ2IjoiMSJ9.5QexfqpvjDlYmCLvTyZ3b2wOpkHOcbZn22FfQlUVM4p0b-DCNe_tdzm3sjZmcML2Fn2iOZo3UV3W0s_YGFrVKA6UQqBG4WEX1Rpdgh-EeNDvV2WiB2x0DUY_zv3aTWFh0Pb-nsAGKQxgiySw2jTMqiHUarzYS8yEaF3wLxSnhit2IhMmzyHt-osSfLldNHqx6viJvGAv4fnDcZJHqfVvDASWb3hug1Rn9B-TKgdcdTTJWn4p8R_LPUxK_zgoyFqFv6bmRByUAKeie4v1-YMRwvX7ZLQP2n-pT5EPeTJkAHM.SfsfOpi6Y2B0LMhqBdbIkoQg0UTdk_KvmjVNU-sQppA&dib_tag=se&qid=1755803817&refinements=p_n_g-101014971069111%3A119653281011&s=electronics&sr=1-7213,https://m.media-amazon.com/images/I/612KFU4Js-S._AC_UL320_.jpg
"Xbox Elite Series 2 Core Wireless Gaming Controller – Black – Xbox Series X|S, Xbox One, Windows PC, Android, and iOS",Gaming,,Xbox,/Elite-2-Controller-Black-Xbox-One/dp/B07SFKTLZM/ref=sr_1_322?dib=eyJ2IjoiMSJ9.0k7WmbJY2IoPgM6QRgS1VtWqYoWhuo5FkYcqpLkiv9bsCbFo5F08onmqJy8GwKutOWw5Rdc3El5qzxqcmHtHFyWaQsLFMVCc3UdfXP4qU0G7iUaE02sT9bYXGcbJEWBb0QYlHt7xyoJ61kxnoovWC7UZd6E3Kp0V5HLHqBcFQ0dM9MZUNS57GFGklbH9XWuMAcpb70KuaMq7-GsoHdR1sewY6duupRSmp31qTiHdtfUpJE-51aQ2KYK2ysmgsTLZZlYzu23aU0tWzHvha70F8gCmhzZLiRVdCmoqdJABOL0.Pirz7mvfZmaA0sojPPRpv16qAg3n_jXlRGER_G3HEyg&dib_tag=se&qid=1755800245&refinements=p_n_g-101014971069111%3A119653281011&s=electronics&sr=1-322,https://m.media-amazon.com/images/I/717XTm0moDL._AC_UL320_.jpg
"Samsung Galaxy Watch 6 Classic 43mm Smartwatch with Rotating Bezel, Fitness Tracker, Advanced Sleep Coaching, Heart Monitor - Silver (Renewed)",Monitors & Displays,,Samsung,/Samsung-Smartwatch-Rotating-Advanced-Coaching/dp/B0CVLHY995/ref=sr_1_6697?dib=eyJ2IjoiMSJ9.tsxbc--OY_GWQrk-_ntZziCStG1cmTN80NfMdIiDhBBMKM92oh7qL9XvEqMhANCb8DVCAYDqFllKmBtYUK2Fidb89jut7hLDLgEIrxRZ1LJ0MVlPh8G9srBehlu0xiGKcez8ToRsAqvWF3irG2ecKOFnBMJouvPIV97AMrh2jSxYgqvPbvOlaV7E3PV-7TB-dhfnUItAkEQrUzneODmlDqy-lP24Sva6xdQXFCupEpJSFurKPzdHBjUZhjgWaUu3ib1J_n7MUl_1IOc27F4H7eSsxjJpmwq96i7WLpKgmgk.BFTZUimONefyCjyrEkKKEQMZVnrjNKC-_DLQnyFTCWA&dib_tag=se&qid=1755803546&refinements=p_n_g-101014971069111%3A119653281011&s=electronics&sr=1-6697,https://m.media-amazon.com/images/I/615spwkClYL._AC_UL320_.jpg
Thrustmaster T-Flight Hotas One Microsoft Flight Sim 2024 Collectors Edition (compatible with Xbox Series X|S and PC),Gaming,99.99,Thrustmaster,/Thrustmaster-Microsoft-Collectors-compatible-Gaming-Console/dp/B0DBM9NKQ7/ref=sr_1_3264?dib=eyJ2IjoiMSJ9.p_ATIAh7nwg_HSegqwRGA96GSr7LKzzwhds0o12q7_oCU7LjHe5662VEcf9o5AFHHAaxS3Kp4X9ZTaHxp-jFDSDaD7JmVe-wX7sB8tilnetNE_idm8ImWXK91IFte75FQywPE3uiER7vJ8er6hcla2DEZfz89xOpPf1aQuBIp0GbtP3nDsrTN4i0f6pjLNGXfILyRb08O4wKYXuanT8i66NzWYetTfHnkBKfuzc8MCMattod6MhtU_ZPVnUP16HPxTURQtlptfdHyyvIN7Tj6xwr1eeKohtE1-01w_ve8UM.I6QXPBRtVRNz54xrxgX2VFUtCKOxCm3W2jQWJFsfljo&dib_tag=se&qid=1755801766&refinements=p_n_g-101014971069111%3A119653281011&s=electronics&sr=1-3264,https://m.media-amazon.com/images/I/712BmPLVgbL._AC_UL320_.jpg
"Apple Watch Series 7 (GPS + Cellular, 45mm) Blue Aluminum Case with Abyss Blue Sport Band, Regular (Renewed)",Smart Home & Wearables,,Apple,/Apple-Watch-Cellular-Aluminum-Regular/dp/B09Q6J8S2K/ref=sr_1_7607?dib=eyJ2IjoiMSJ9.ObhP9QPfEPVyx2gmJvApxDRvLkmSuBp6zwNnIAN9uZgRCIqSBljkCn2ZEb5gvnsuHUOcF-LJy4NdigB_WGfWY-LfNkrJzNlHEdXPq9c8yYnDrA-8AgRlbul9ZT7rnQXD9kPjSQhL6OaW5vfAgl2zZjb3sGc8w9dAorSriGQ4D5ZEePYAO3Qu_hJiS7tV504mpuY2rxcW4Cuhs169zn945Yyb4WbbCZf6UGJpvkOok8zuShdYeTRFPUjhr6xJz1PX0HjmYA2M2gOtZYuvxS-Ub46Xw94jdY466_ExYI0TJ_Y.8oRlYfrYMrEcrwbErEZi5RZJS1jZFsguGtHOxsFFq2w&dib_tag=se&qid=1756096990&refinements=p_n_g-101014971069111%3A119653281011&s=electronics&sr=1-7607,https://m.media-amazon.com/images/I/51l0fGq-nhL._AC_UL320_.jpg
"VIVO 500ft Bulk Cat6 Wire, Full Copper Ethernet Cable, 23 AWG, UTP Pull Box, LAN Network, Blue, CABLE-V017",Networking,119.99,Vivo,/VIVO-Copper-Indoor-Ethernet-CABLE-V017/dp/B07GVP71FL/ref=sr_1_6124?dib=eyJ2IjoiMSJ9.q5Om1OwN1SqB4g3O9Kj_Sx3ZO8dGhn_2GMU0WSpjWplK9veR7Vg9cH2dn74mqYVtKvmqwJtMOzwuA6VldctfUpbf3MMzeSdv2YU-wVVM1jE8G42nlis9B4kkqoVubMgv830y8X_Zj5WtzVL3b1OtkGOhprg80Tb1HTi6UsR4XuDrqewMsIYSJCWUe0kacx72p3fCxEi47x-qjsgCPNx5Oieo5nHSA6Irk-co53ih-VClVQMDZUCo49SxRz_rMTXBKGsizw_C67fgtOTFeOaxMkogQ8crD1A1WQuE4jihyj0.8iCuurE1P9OLQlEW-zchz1qE8WnyHsuROgquYmfRWXQ&dib_tag=se&qid=1755803269&refinements=p_n_g-101014971069111%3A119653281011&s=electronics&sr=1-6124,https://m.media-amazon.com/images/I/81rLPtCV5NL._AC_UL320_.jpg
"Garmin 010-01689-00 Forerunner 35; Easy-to-Use GPS Running Watch, Black",Smart Home & Wearables,189.95,Garmin,/Garmin-Forerunner-Easy-Running-Watch/dp/B01KPUHBK6/ref=sr_1_9557?dib=eyJ2IjoiMSJ9.qlQKnbbBZVs3Zw0PMKCkISKEa79TXe5GwEms_FSqee8wnMn3ZIDN-d90KFIUT_anyE7X1tSHpQaB33EvMAzkQIIkDNog0N8iw80fuX3vcwD6-sHEJjJquSLuvm94T6-MX1Q9cx3Tw83dVQKzWyPogZmofBEDN60kajjZozei-d_snDYy49XYshdXEmAorktT_m3Q_BDxisIm1PoJhdSrPBzxHMvPCU7kKU166TwVnHpBRoErRsCNSnSXsDDu_66V1aGm7wxyQVXvIWpkIG7aecvceMd8I0x97EwvWR0Hb2g.sX-wt9vj40anW1PW977RBxYs0h1KvbpkjPata1yKxOg&dib_tag=se&qid=1756098059&refinements=p_n_g-101014971069111%3A119653281011&s=electronics&sr=1-9557,https://m.media-amazon.com/images/I/61Biw4s+ELL._AC_UL320_.jpg
"NETGEAR Nighthawk WiFi 6E Router (RAXE500) - Security Features, 12-Stream Gigabit Router AXE11000 Tri-Band Wireless Speed (Up to 10.8Gbps), New 6GHz Band, Coverage up to 3,500 sq. ft, 60 Devices",Networking,499.95,Netgear,/NETGEAR-Nighthawk-12-Stream-AXE11000-Tri-Band/dp/B08R58D9FH/ref=sr_1_9215?dib=eyJ2IjoiMSJ9.WBYUnseBwD6TULOBRn7P0p9JUlcX-GP8S2m4mfU6CHVxi7Vro6eY5z_157xx4VIuqc45sNdelXt46eDwQlVEUfTTmZ1CeVLCJhSPazV85qrX3ztjRRavU1cMe_oRvOBpyp-CyMRmqKMngSf0GMnl_6G0MVUBDyyM4IS42NW5pNERijgy2FsnwHgbjPE7mweYyn_wuEkC4Ty2LuQqRkKroq4st0uhb7oAzKn1pkcmaker6DxVRYNbL9Bl63i_tA-T9-MVrFH6Kj2vT2xgNj4X-yCXNlZSCKlNxDGD1d_yMKc.ifWQZrcMk1_4Nn6VAktQr69xbnlqJPhX7VO2u9tXnG4&dib_tag=se&qid=1756097872&refinements=p_n_g-101014971069111%3A119653281011&s=electronics&sr=1-9215,https://m.media-amazon.com/images/I/518ksJZHekL._AC_UL320_.jpg
"Logitech G PRO X SUPERLIGHT Wireless Gaming Mouse, Ultra-Lightweight, HERO 25K Sensor, 25,600 DPI, 5 Programmable Buttons, Long Battery Life, Compatible with PC / Mac - White",Keyboards & Mice,,Logitech,/Logitech-SUPERLIGHT-Ultra-Lightweight-Programmable-Compatible/dp/B087LP6F4Y/ref=sr_1_2054?dib=eyJ2IjoiMSJ9.qqPN5G1f4PSMGQ57KEjB3E8hsv5JDSg-5CUYymFBQqob6xrt4z7hGqphJxjeqJaiuhY6dPT33S6OUmOpQtIGDglk1cO3bIzJUaR3kHAj9MNb6nwmaifp2skRg1c0MMDRQzwJr9O8oRHsTa5iGRiiB8l0DqC4IwF0iUTMFcjrLUX5S3se55C--fYjC3GdlrsUXu5p4UkiCfwaF7XhdwqphxGGnfDLm4YJror2prT_EJJ1QibA6LnI6-3utWbXt4PKIUKjb5HKMkW5bJcSiR9USFpaERgC_3FjdssxeL6-_bs.aIc86qtXXumSO6yO9b_NsCGh7NuSby21NN6xEXyNXV0&dib_tag=se&qid=1755801142&refinements=p_n_g-101014971069111%3A119653281011&s=electronics&sr=1-2054,https://m.media-amazon.com/images/I/61ykKLbddNL._AC_UL320_.jpg
"UGREEN USB C to Ethernet Adapter, Plug and Play 1Gbps Ethernet Adapter, Aluminum Case, (Thunderbolt 4/3 Compatible) to RJ45 Network Dongle, Compatible for MacBook Pro/Air, iPhone 16 Pro/Max, iPad, XPS",Networking,9.99,Ugreen,/sspa/click?ie=UTF8&spc=MTo3MjgxMzQyNTM1NzYwNjU1OjE3NTU4MDA5MzQ6c3BfbXRmX2Jyb3dzZTozMDA2MTgyNTg2ODczMDI6OjA6Og&url=%2FUGREEN-Ethernet-Thunderbolt-Converter-Chromebook%2Fdp%2FB082K62S48%2Fref%3Dsr_1_1650_sspa%3Fdib%3DeyJ2IjoiMSJ9.aCR_7UxBLdhgHdg4ZHpeaQ6ZB1yqqow-19oo6CNTADbChuIGsduZyMpYVSUOZ97lx0C6r7zQ2UvhBDfGdDKYwjEiVo6opF1RQQ7CcB3gNI8xm7EYLFr6OPl0Q7oe4gdgJ4QWTO7k0Aedf2Cc1uu_cn2MhPlyx09JxpwX00YcGXHlK_XCI_V4otSxrv7EhZITTpJ-Cj0IAJg1xQx6s78mpR6nbIrYN2edHEC-nHWLIwL5kYaJVin1w6Vm_HYaXEKDV2rP9wIC3CoR0QEJxgkAWCoxaFrsrc2-KA3mqTWOT-A.pqJhdqDYkqI-3Py4cJlua4BIo-DopsrVdjE6YzI_iaA%26dib_tag%3Dse%26qid%3D1755800933%26refinements%3Dp_n_g-101014971069111%253A119653281011%26s%3Delectronics%26sr%3D1-1650-spons%26sp_csd%3Dd2lkZ2V0TmFtZT1zcF9tdGZfYnJvd3Nl%26psc%3D1,https://m.media-amazon.com/images/I/61dUGXV5t0L._AC_UL320_.jpg
"Amazon Basics 8-Pack Rechargeable AA NiMH Batteries, 2000 mAh, 1.2V, Recharge up to 1000x Times, Pre-Charged",Batteries,9.83,Amazon,/AmazonBasics-Rechargeable-Batteries-8-Pack-Pre-charged/dp/B00CWNMV4G/ref=sr_1_318?dib=eyJ2IjoiMSJ9.0k7WmbJY2IoPgM6QRgS1VtWqYoWhuo5FkYcqpLkiv9bsCbFo5F08onmqJy8GwKutOWw5Rdc3El5qzxqcmHtHFyWaQsLFMVCc3UdfXP4qU0G7iUaE02sT9bYXGcbJEWBb0QYlHt7xyoJ61kxnoovWC7UZd6E3Kp0V5HLHqBcFQ0dM9MZUNS57GFGklbH9XWuMAcpb70KuaMq7-GsoHdR1sewY6duupRSmp31qTiHdtfUpJE-51aQ2KYK2ysmgsTLZZlYzu23aU0tWzHvha70F8gCmhzZLiRVdCmoqdJABOL0.Pirz7mvfZmaA0sojPPRpv16qAg3n_jXlRGER_G3HEyg&dib_tag=se&qid=1755800245&refinements=p_n_g-101014971069111%3A119653281011&s=electronics&sr=1-318,https://m.media-amazon.com/images/I/7107Ze-04CL._AC_UL320_.jpg
"Apple AirPods 4 Wireless Earbuds, Bluetooth Headphones, Personalized Spatial Audio, Sweat and Water Resistant, USB-C Charging Case, H2 Chip, Up to 30 Hours of Battery Life, Effortless Setup for iPhone",Audio,,Apple,/Apple-Bluetooth-Headphones-Personalized-Effortless/dp/B0DGHMNQ5Z/ref=sr_1_7?dib=eyJ2IjoiMSJ9.avmZlHCQuVOwikquBqYSIjN8SVcyxtkXHQMPt7Zjzkf4TeZzrZfQETMhdWuWgtTrVz8ITKpXLHvZj0fZRjxqgMPYNMitRqeUoeIwdYfc5nnzJ8m0T8HYeedlh3YSOhJQjeHskevMUQWyg6TtoB2tHcHt-edYPsQ6VwFQTI6avsPrgVpFKrto3ff9TDR9BcRyPwM6AiYn-vh7wA5PP9DjZddhCPf7bVPcHMZ6Hwd40dQDWm9_M8R-LcwKY8wnuWRUSplhfYJBvTjAgsb3Y3y88VGpfqY3V8Rd2ge-woBzUMA.yqwi-krmElGgXIMa8kKUPx1XmaXd9lHaAkMkVVpStxo&dib_tag=se&qid=1755800068&refinements=p_n_g-101014971069111%3A119653281011&s=electronics&sr=1-7,https://m.media-amazon.com/images/I/61iBtxCUabL._AC_UL320_.jpg
"Lenovo Legion M410 Wireless RGB Gaming Mouse – 6 Button Palm Grip Mouse with 16,000 DPI, 53 Hour Rechargeable Battery, 2-Zone RGB Lighting, NVIDIA Reflex Compatible",Keyboards & Mice,34.0,Lenovo,/Lenovo-Legion-Wireless-Gaming-Mouse/dp/B0DFJJRFML/ref=sr_1_8812?dib=eyJ2IjoiMSJ9.XCqXL2mVdAd5YahPajgWozHzyWtyIuM9Yo_YXoXC2BSiKV7zs4G9FrqBxl1XpBGltdMUJGE5wOznnITEdPT6aLln-DD82bC4zvPJZomTj12ucSIJHUAxt4MFgVbYunVgRazlKV6oiVlrH1x7i7EtZL9c8I9fmqfGtH9FH94YMpRQDCwDhhZ4yk3EcCj_F2HV-Vs3_RIw7zChoW1uvLjslxc2IhXJRxHF7UKCU8yr_ogZcydpQ04rjhZp52w0eDwREQacHfW3T1g_QlQGdQOqUEpLfhn5Mffw4hAYptlxQZQ.PzbpP2mebedCsReeEx57zgDAV2UME9Tft-lxrAv9urM&dib_tag=se&qid=1756097667&refinements=p_n_g-101014971069111%3A119653281011&s=electronics&sr=1-8812,https://m.media-amazon.com/images/I/61pB5E-pEbL._AC_UL320_.jpg
FEELWORLD P6XL Camera Field Touchscreen Monitor 6 Inch 1200 Nit Bright Built-in Battery with Aluminium Housing 1920x1080 IPS 3D LUT HDR Waveform DSLR Camera for Sony Canon Nikon Fuji Photography,Monitors & Displays,165.0,Feelworld,/sspa/click?ie=UTF8&spc=MTo0MjY2ODkzNzQ4MzA2MTA2OjE3NTU4MDEyMzE6c3BfYnRmX2Jyb3dzZTozMDA4NTcyOTM0OTMwMDI6OjA6Og&url=%2FFEELWORLD-P6XL-Touchscreen-Aluminium-Photography%2Fdp%2FB0F99Q2FYJ%2Fref%3Dsr_1_2241_sspa%3Fdib%3DeyJ2IjoiMSJ9.kwXkUnBrDQd3gWLj_JzRuw1IbPQhGBZnRAuzFa4v015n6-m59ASUFG380HHikPGsVDATYmbWVM999L_xF-qc7p3G7g_T08D4-isBlSh1KQbYt3GbZoGTgryuw5zUaktbdW9dkuPZpcdqtSfiLbJo12eRtIlVsbIQ5PDnHKFhcOt97TfWNfBLeE0D2m1CWJKfOZdkw7VUF1Ngx0AGuituK3eD9p2Aks5rdfldnaCkdveF31cA6VgIFgdk1sjDqh3vXUOkBc6la-rT1jyJMjhQ8b2iQTk9qvZatetWSNGLHj4.U9zu_oZjWGIUUz5YuXxtwFxS5nZ7l1FIDB24hlTxdmk%26dib_tag%3Dse%26qid%3D1755801231%26refinements%3Dp_n_g-101014971069111%253A119653281011%26s%3Delectronics%26sr%3D1-2241-spons%26sp_csd%3Dd2lkZ2V0TmFtZT1zcF9idGZfYnJvd3Nl%26psc%3D1,https://m.media-amazon.com/images/I/714Z4DIJDML._AC_UL320_.jpg
GoPro Floaty (HERO12 Black/HERO11 Black/HERO10 Black/HERO9 Black) - Official GoPro Accessory,Cameras & Photography,34.99,Gopro,/GoPro-Cameras-Floaty-HERO11-HERO10/dp/B08FRTD2TQ/ref=sr_1_11941?dib=eyJ2IjoiMSJ9.aLOao9Q8gVrdnj5ULU16cSJJY6SA_oebTPHi9SnY63xItj370w7KcW7A71lKJaBWLe1hV4JReDRk28B6EOkPs2ZBiPvdrtTsMu7420LOSC0KklPaR9W5pm6qrTUIxgR1wK1R3qG1q6XD6KiGiDn3G43mqK26tI0sNZ1BDOtTXNZbFc2BWRuHrTLzCcKmSKrN8t189Giv8QFS3xC4gtwRJD7MBCtjjtygtnd4qd4y9fwi1CIZGvezjXl9YTJ8ukSShttnsk6_nYy4_9JeAtNCoCW4uUiZz8Wi0HuRURk8tcc.gs_5lPIG55y-7D2DhaQwWPHXGwmF1xChC-VTBR46vD8&dib_tag=se&qid=1756099264&refinements=p_n_g-101014971069111%3A119653281011&s=electronics&sr=1-11941,https://m.media-amazon.com/images/I/61aJ1BxGlXL._AC_UL320_.jpg
"Apple iPhone 16 Pro Max, 256GB, Black Titanium - T-Mobile (Renewed)",Phone & Tablet Accessories,,Apple,/Apple-iPhone-256GB-Black-Titanium/dp/B0DMX8C67G/ref=sr_1_4914?dib=eyJ2IjoiMSJ9.SYFcxBfG8nulq_2rIcQ3jKCNJVueT9Jc3v0XMcFlLa_qR3avx8q0CK3L0rLhZW_gDpAQZMZfOldXUeoXaC6iaCaVkktPgzO_fkpVcWZxVkhpo2JNonq5kJAF3f5_xbngsZoHTM8dRf1Mo2cDK_27qkjqEVK7Wp6ohUBAfVKVTQy4Z285LZ-bRcnDN4RoDlNBpTNwOoW_l7wlf30SDaIrCLHKBIvjtIg42GnPm48DXIYUdxEdYjEtMpk_uRYe1leYmaYvUvXeshIH39BPNHbYGGEcywGfcEBjIA0PtlXFS8M.z9GWIaoOSM-8aqkriMlO85OnmZkRhUOR-QZCcqWdwr0&dib_tag=se&qid=1755802638&refinements=p_n_g-101014971069111%3A119653281011&s=electronics&sr=1-4914,https://m.media-amazon.com/images/I/41Vt4AQ8kwL._AC_UL320_.jpg
Humminbird LakeMaster Premium Minnesota V1 Map SD Card for Fish Finders,Storage & Memory Cards,157.11,Humminbird,/Humminbird-602006-1-LakeMaster-Premium-Minnesota/dp/B0BG6GMQWZ/ref=sr_1_22148?dib=eyJ2IjoiMSJ9._J2ujxrQnUFwhM7dsrEXna3V9_b5y27QvdtOXNCJHTFcVfTHsgq2_kW2Hf-6GWz6Jsyytvn2dy9Swv2P8xa4b-CcfZ1560SrT0XNwKWS-2YPA7k1YhTmMXBbx8mFmIgCNfC6Un5kw1Fd5i7VZcDV1twwPhV3N2mQT3B3lfF2Jg1bmaOGzEU5dyrsIDfK8WXrIwpK57LP51c8vpAvWFJ4fAEA8PSgWBK_t1ttKD2m30-zXUXWEVPBHipNzVvY928LwZe4HWezEGIr-KHkqR7U2ZiaCooa3Q8S4X-6DkbD3ik.UiH6F1yOvFDtcFY0pn9PpNS9_zKdSzxnSuAU4gQ2UO4&dib_tag=se&qid=1756307116&refinements=p_n_g-101014971069111%3A119653281011&s=electronics&sr=1-22148,https://m.media-amazon.com/images/I/719YsHWTY9L._AC_UL320_.jpg
"CORSAIR Nautilus 360 RS ARGB Liquid CPU Cooler – 360mm AIO – Low-Noise – Direct Motherboard Connection – Daisy-Chain – Intel LGA 1851/1700, AMD AM5/AM4 – 3X RS120 ARGB Fans Included – Black",Computers & Laptops,119.99,Corsair,/CORSAIR-Nautilus-ARGB-Liquid-Cooler/dp/B0DF7C4YPQ/ref=sr_1_1645?dib=eyJ2IjoiMSJ9.aCR_7UxBLdhgHdg4ZHpeaQ6ZB1yqqow-19oo6CNTADbChuIGsduZyMpYVSUOZ97lx0C6r7zQ2UvhBDfGdDKYwjEiVo6opF1RQQ7CcB3gNI8xm7EYLFr6OPl0Q7oe4gdgJ4QWTO7k0Aedf2Cc1uu_cn2MhPlyx09JxpwX00YcGXHlK_XCI_V4otSxrv7EhZITTpJ-Cj0IAJg1xQx6s78mpR6nbIrYN2edHEC-nHWLIwL5kYaJVin1w6Vm_HYaXEKDV2rP9wIC3CoR0QEJxgkAWCoxaFrsrc2-KA3mqTWOT-A.pqJhdqDYkqI-3Py4cJlua4BIo-DopsrVdjE6YzI_iaA&dib_tag=se&qid=1755800933&refinements=p_n_g-101014971069111%3A119653281011&s=electronics&sr=1-1645,https://m.media-amazon.com/images/I/71rD5Q7LtLL._AC_UL320_.jpg
"Lenovo IdeaPad Slim 3 Chromebook Laptop (14"" FHD Touchscreen, 8-Core MediaTek Kompanio 520, 4GB RAM, 128GB (64GB eMMC+64GB SD)), Anti-Glare, Webcam, 13-Hr Long Battery Life, IST HUB, Chrome OS, Blue",Computers & Laptops,,Lenovo,/ThinkBook-14-Business-Anti-Glare-Fingerprint/dp/B0D6YL4XKR/ref=sr_1_7531?dib=eyJ2IjoiMSJ9.87RuYDXUid1Z7PQ596adF8ruAfme-XE1eUt9ZVBi40XsrK1XwLEuyYOCPlPPNsmWALbBxMII6WrC6QQqno5Lb8CA-DBNhJEEgF8nTC8-LqMZ-kTBL8wTXx8waRCurVPE05G5u6Z3N0FdYsAYtZ9tinR8LihsQRNdY1dHvEvezcwRejWxDP6kjPXmPDFn9bX4RqkjscpM0-4xRmEqTfxLJyMXS4Z1hVjIi3pdj4fI9fZcNGbx9LDTpYdjyEyhjtClcSqEEfMYe2wxe0YbR65JpzXgqAmcOhZnyjjPBJ88t3E.lhWDYIeVhUT1UWnR4WJEZXDqEp875vnuqWW-hmQbSRo&dib_tag=se&qid=1756096952&refinements=p_n_g-101014971069111%3A119653281011&s=electronics&sr=1-7531,https://m.media-amazon.com/images/I/71yp4U9jzxL._AC_UL320_.jpg
CORSAIR iCUE Link LX120 RGB 120mm PWM Fans Triple Pack – Dual Light Loops – Includes iCUE Link System Hub – CORSAIR AirGuide Technology – Black,Computers & Laptops,105.99,Corsair,/CORSAIR-iCUE-LX120-120mm-Triple/dp/B0D3H8HVMY/ref=sr_1_4531?dib=eyJ2IjoiMSJ9.s5LEOcUKf5gtLFZ6i4xYRlCTaHSxVA60rijBuwpxfYuX-ndvhYOy-Rml48iR3xkfy355MbHkid78hP4Tj9lOT7uoFDVzAo0TmlaSwPLxHz94EC77R3QesxDJF7WzXUYR3lWiJpf20qaPnvNsgJzacVeCaLRql3XMm7sNCxWqo9k8zGwxsXdQ9b5Gdq9h3mkWgScEGs3MYwBM6DUFBik3ElWR1ooRYRWakj53ZjZwwEGET1kNiIZ-dT2w7eqgBl5uyQIJRirbhO9r1iIYjWY1MEMiv9gca3upDEKai9cRlwM.BKU_gVw6o531cgRyXUghcql_OQhoJL_sJOb_wcIVURI&dib_tag=se&qid=1755802428&refinements=p_n_g-101014971069111%3A119653281011&s=electronics&sr=1-4531,https://m.media-amazon.com/images/I/71iIJVz+EZL._AC_UL320_.jpg
"Canon imageCLASS MF751Cdw - Wireless Duplex Color Laser Printer, Multifunction with Copier, Scanner, Automatic Document Feeder, Mobile Ready, 3 Year Limited Warranty, 35 PPM, White",Printers & Ink,,Canon,/Canon-Color-imageCLASS-MF751Cdw-Multifunction/dp/B0BSNBVCBV/ref=sr_1_1795?dib=eyJ2IjoiMSJ9.wZdmH_pLBn6qfDBF3lpSlwvtZ_pJVG9u0oWkVSVEhhrAmHm7E-siEiBtSS7Pmx9WvUnFYJpV8bNTQRiCvZH7UZWId7OWnmLOsHM38eBzYBbA87yQA0dhUOyLkIPpg9OYEdg36VT-u9QnTa_jdf66Iri9PmOxmJgWAiBRNlsPKoMIti7IZgE4c_AIQup_JuxbSg1qYsdp9GyUJaZgOaj63DFPAT451nuvkX81cD8UkTZvV7lgHkcjMI9kPEN8w5zaRozoTDklovbytRT4zOlzEzOXF2-JyWeBXDzvyQgDxeo._v1mgd7NjSojab5jdZwDOmUkA3hotvDzy6d9_OQr-6Y&dib_tag=se&qid=1755801007&refinements=p_n_g-101014971069111%3A119653281011&s=electronics&sr=1-1795,https://m.media-amazon.com/images/I/61WcPeNcJ+L._AC_UL320_.jpg
"WD_BLACK 8TB SN850X NVMe Internal Gaming SSD Solid State Drive - Gen4 PCIe, M.2 2280, Up to 7,200 MB/s - WDS800T2X0E",Computers & Laptops,599.99,Wd_Black,/sspa/click?ie=UTF8&spc=MTo0NjQ0ODYyNTI2MTM5ODQ5OjE3NTY1MzkwNTA6c3BfbXRmX2Jyb3dzZTozMDA3Njg4Nzc3ODMwMDI6OjA6Og&url=%2FWD_BLACK-SN850X-Internal-Gaming-Solid%2Fdp%2FB0D9WT512W%2Fref%3Dsr_1_31985_sspa%3Fdib%3DeyJ2IjoiMSJ9.BHIL_QS3ujjMdSWcMkE9pISFVB03MS_i8bzQdTHRjXwXRbQBXvJ3r3ACGcCFmf07KZPvFjnatGCunx3dHZ0vgl-P2Ot-XNvleUGSQX5erzIC0-fcSue1tMSaSTa0SBkABBDzpazFtSCOHXyF5VqhcAZusodb3krlaWzVid78sObgC2_j86jCY6Jkx_e0_k3HoWLP_-DyGozHDRDlQy8exnphvaVTaKHcSmqHqgcP0-PxVZIR45MqJA4xPyn7DQKX--GWC2GRlH3UvJ7vM8D_jbbdCZGrSQxRNGogCMRiGws.jmxwo0LMDFwCoAdVDpnAJwiuxCZW69DnthDLHqw0myw%26dib_tag%3Dse%26qid%3D1756539050%26refinements%3Dp_n_g-101014971069111%253A119653281011%26s%3Delectronics%26sr%3D1-31985-spons%26sp_csd%3Dd2lkZ2V0TmFtZT1zcF9tdGZfYnJvd3Nl%26psc%3D1,https://m.media-amazon.com/images/I/61J2Cr41nmL._AC_UL320_.jpg
"ESR for iPad Air 11 Inch Case M3/M2 (2025/2024), iPad Air 5th/4th Gen(2022/2020), Slim&Light, Yellowing Resistant, Transparent Back Cover, Supports Pencil Pro&Pencil (USB-C), Zero Series, Clear",Phone & Tablet Accessories,8.99,Esr,/ESR-Compatible-iPad-Air-Transparent/dp/B09Q3C8TXV/ref=sr_1_6639?dib=eyJ2IjoiMSJ9.khpnCZB0AWbDL0N2_rewsDjJv89QocQtRxP6q8aMIVgZMeRtELgQ2VVAeLqvzIXiw6bRW-HsZQSxy5SU2YUol8KKTiE23YPnlO-J1HS-HoU-ITHOZyHP9hYFRj6CcY8GdespPFZkwLhsqF2EnrmwL40me0Cy7m9jobpDPrUypSt-iDMXvcEr4RhuX31sYW9WwPjoedpFD0bS9hVW0S9otPuQPmrJ_i9BTyeaody_2aGGTkh9ZZavfLQekWuNXHeOLGcYCNgTdIh0un-75NmWlPjUnus0w3LYJXp7pyoCud4.F8QEopb71vIbqevSjZ_yEvrnsEjo8JtgPKiEAHwO1Lw&dib_tag=se&qid=1755803523&refinements=p_n_g-101014971069111%3A119653281011&s=electronics&sr=1-6639,https://m.media-amazon.com/images/I/71WOTWM8qrL._AC_UL320_.jpg
"SAMSUNG Galaxy Buds 3 Pro AI True Wireless Bluetooth Earbuds, Noise Cancelling, Sound Optimization, Real-Time Interpreter, Redesigned Comfort Fit Latin American Version (Silver)",Audio,126.0,Samsung,/SAMSUNG-Cancelling-Optimization-Interpreter-Redesigned/dp/B0D9C8VNSN/ref=sr_1_596?dib=eyJ2IjoiMSJ9.tgxYnMXJArIyRhIl6b5pwn_CS4eT4pbpKmf2_KJDScYQl_WPhbzL2l2kZWHoSVIYlqIWy3sGJwjPNQ6AlL1-3Igf3WUtHP82mvpAuy5kwGWBJllwumlGUvbdOIPx4oRnirGAyxPNRvLGkMqyKjqfOzm9ZUUgGizklc30ACX1o6EtMP-70h_ZQkFS2zDRJucehha9BFKwSimk8A7RZSdS1jBaC8S_oF_zRh0-cV-lLLInqxauUCSEeV_tsLevlxNTcKyZrh4eMpNYKiDYxTReFxKlrgikQEz80lrTbby9UyI.ch-Kq8V5LuQVnXSFa9ZVjy9b0DKSAKeoiqCNudjXwms&dib_tag=se&qid=1755800384&refinements=p_n_g-101014971069111%3A119653281011&s=electronics&sr=1-596,https://m.media-amazon.com/images/I/41Tlt5ZapiL._AC_UL320_.jpg
"HP 210X Black High-Yield Toner Cartridge | Works Color Laserjet Pro 4201, Color Laserjet Pro MFP 4301 Series | W2100X",Printers & Ink,209.99,Hp,/HP-Black-Original-Laserjet-Cartridge/dp/B0BSMXY58J/ref=sr_1_518?dib=eyJ2IjoiMSJ9.lm2tbyOfKCrv246UHu7UNH5r7vER1-8JTf90KBYXWlnAKLiyaJnU5kHcoJd1kptYOaNigIQDQGpYPkdvpX2S0xwhdAPtKjitYuBN7kvMWgfGMk3bXcIBIERFFa8Nvm2lGxfoRramTYw5sjNHOojqvtsJW0a4QpeXdFGo9o42VWNkqV0N6Xa1RaOL9qr2C3G9SgfRLkzdEqc2mMJZ5mgCHA0MFEsUVoBMHY88wAsiP3v9w7B-5RhS_Jh2b2AsAJ2w52JhaIshk2wRuNP691Pygmme1ZGD_cWjQwQfgiP-qfY.70aKal4hKVNIbx8M7302KpiVU3FfwkQADJWEAuSN2nA&dib_tag=se&qid=1755800347&refinements=p_n_g-101014971069111%3A119653281011&s=electronics&sr=1-518,https://m.media-amazon.com/images/I/61Kh4-wsZKL._AC_UL320_.jpg
"ARCTIC MX-4 (4 g) - Premium Performance Thermal Paste for All Processors (CPU, GPU - PC), Very high Thermal Conductivity, Long Durability, Safe Application, Non-Conductive",Computers & Laptops,6.77,Arctic,/ARCTIC-MX-4-2019-Performance-Durability/dp/B07L9BDY3T/ref=sr_1_1065?dib=eyJ2IjoiMSJ9.I80-l2TS0exC26QHeMJQ9BVuTzo_L8Kc5r3XDsQGANIeYsIf9NHuWSOE4LR48a5wr2Pu_XGyqghjBAU0mG5UtrE_JQbx00AxwhqAFWlq87yzK3WxGPz-8YAHwUaxT1rxPtEUM7x87HMec3Ll6HUrtw1Q1nik_aCMUjEkc4TRlaUpdgoKwn2ee02TtDuiATlT0l1zYtxwknGWZeWDhZHyUvJPf0CVYxWLW1VhK4-e1tpJAWOXxfabionrmIhSeSLBQppNxsCJ7pMXg8S30H0DTpanAokvscdUYTJKoPmx2lI.DHJ-Oe2jPFj1nHKaWgzfV61H30pery1srN324X4ihu4&dib_tag=se&qid=1755800634&refinements=p_n_g-101014971069111%3A119653281011&s=electronics&sr=1-1065,https://m.media-amazon.com/images/I/51fVtU+cDIL._AC_UL320_.jpg
"GIGABYTE Z390 UD (LGA 1151 (300 Series) Intel Z390 SATA 6Gb/s ATX Intel Motherboard for Cryptocurrency Mining with above 4G Decoding, 6 x PCIe Slots)",Computers & Laptops,,Gigabyte,/GIGABYTE-Z390-UD-LGA1151-Motherboard/dp/B07HS59X7P/ref=sr_1_9253?dib=eyJ2IjoiMSJ9.OdDy-UBwwCM6l0kwvN5Q3OW1GQU9xXYGmowyuvbGayaGOcK295CndPhC_U4ThTS15fdPxfCrRlAH1UN59sJ-q-9-VLKEMzYUGXprX5RaKlKeOF3v5dAu-ZulkLMYJyLyMbXWWcmfxpGN7FuFe8SmC3fO5Mz1YTep0TXlr44CK52GezBHkhiDLC6hbIC2obKIzypp-nUGsn6uwZ2oYn8mDYRJN0urVjUr-VLCnxF3xuB1kfoQyW_KBSpH7Kq5SeC3b-R8hjgut5Xv5cA7rKANSTVPKJxaitzSpKwOlq8eksI.GU5g4tEaLDzwy6bBAZ6OU6OreeGusTWnVcMZGn-_WwM&dib_tag=se&qid=1756097894&refinements=p_n_g-101014971069111%3A119653281011&s=electronics&sr=1-9253,https://m.media-amazon.com/images/I/71hmU4YEp+L._AC_UL320_.jpg
"ARRIS (SB6183-RB) Cable Modem - Fast DOCSIS 3.0 16x4 Gigabit Cable Modem, For Comcast Xfinity, Cox, Spectrum and more, 1 Gbps Port, 400 Mbps Max Internet Speed, 2 Year Warranty - Renewed",Networking,53.67,Arris,/ARRIS-SURFboard-Renewed-Gigabit-Spectrum/dp/B01ERK1JLM/ref=sr_1_8035?dib=eyJ2IjoiMSJ9.U__pzz1hFB0HP2bqHfjSwHNHLBaLg6Q0IXqZbqko-l3lyF2nguHDsqM-ajepmdZkwov2Xrhu6NaC05GndpFAtSWUz584slOS1MRa02KUpdgbh_HcdsjMMdmvYQwNH_Sqy2idV4yGr7aJr5LNCRU6gorwwqsPQRgKdLkOZ3iifQkRf7VImTipecR15QlJXrl0zTpOgjkmaAqsFqhvccybfQfVRsy0AJvdBm2osZP5mHcYYGS0TpsS3uvRtVBbbsh1ERIfL1h4re3HSsJdiZXcSgHXoLFX8tRtdgnyh2jnkyU._FtO0cHXFmtSJcecacRgog6Lomd2mwH77rqQb1aA7sM&dib_tag=se&qid=1756097237&refinements=p_n_g-101014971069111%3A119653281011&s=electronics&sr=1-8035,https://m.media-amazon.com/images/I/51PbjvN726L._AC_UL320_.jpg
"Dell OptiPlex 7070 SFF Desktop Computer PC, Intel 8 Core i7-9700 3.0GHz up to 4.70GHz,32GB DDR4 Ram New 1TB NVMe M.2 SSD,AX210 Built-in WiFi 6E,Windows 11 Pro, Wireless Keyboard & Mouse (Renewed)",Computers & Laptops,408.99,Dell,/Dell-OptiPlex-Computer-Wireless-Keyboard/dp/B0B1DK5CLT/ref=sr_1_1329?dib=eyJ2IjoiMSJ9.lkW5tFNxIvDKGJjPWyilvtCdtMbvYcnK-ch-7lC9EyKmtOqcrtoMcjAcSFxzAtMcTvzLfgY4ruEX8AqMn0v-gj3SgLdY_mm7N8_d606V1DtuRzEHcZB8YptgS9ME0jvfwW5qacY60olMDe9mRdfc2QX7y3ZcN-p7JCypXnFJcLKhObj1swyAa92adF5oDwc2XuG0WM2mVm5D9AcNpeVWsUTuACV6hNLbtQPF_017ZFR9HTIXFivjy_8KMiKW0CQNFpQuupVKwkmNB_TfpREwMbPZr_z_XBN41w8L1YNqsIY.95TtDjMyKmklb6NrHZqIKR5LZDILmnGIHMhIpDZ0gok&dib_tag=se&qid=1755800774&refinements=p_n_g-101014971069111%3A119653281011&s=electronics&sr=1-1329,https://m.media-amazon.com/images/I/61GGkjt2U+L._AC_UL320_.jpg
"SABRENT 4 Port USB 3.0 Hub with Individual LED Lit Power Switches, Includes 5V/2.5A Power Adapter (HB-UMP3)",Cables & Charging,16.9915,Sabrent,/Sabrent-Individual-Switches-Included-HB-UMP3/dp/B00TPMEOYM/ref=sr_1_4417?dib=eyJ2IjoiMSJ9.X-jP98AunSNfgFBRQ6zv18xfgvCJSkBbF1AKAUf60uITkWRt6Aq81XWlmBF3_hCdUdSH_A8SN6MeFWazsa9slSdf4crCwyv-8wmJKnlhq4tUYOne9cuXvpeseRtDEPDL_mIbl51GC3GeOUjBCAbejqPA812N68aHqlJMrlGe-z9bTg6CruFk0f3ldGxD3LAWEDMnZ4564X_Fz6fQoS1QhKNpwq0VhqydV420OtobVe8FhNnWXL9C6yJuPuIy97kwqCoAp-5MxsHQDsTBkzZY0IjKRIfQ4YWZTXdVCFHRl2c.aKzI5ozKGm9gb5rQGLntYqIdsrNiAvEUEElRcE8uNuU&dib_tag=se&qid=1755802368&refinements=p_n_g-101014971069111%3A119653281011&s=electronics&sr=1-4417,https://m.media-amazon.com/images/I/71kGvIP8ogL._AC_UL320_.jpg
"Belkin 3.5mm Audio Splitter – Dual Headphone and Speaker Jack Adapter for Sharing Music or Videos – Compatible with iPhone, iPad, Laptops, Tablets, and Other Devices with AUX Port – Black",Audio,5.88,Belkin,/Belkin-Speaker-Headphone-Audio-Splitter/dp/B000067RC4/ref=sr_1_5770?dib=eyJ2IjoiMSJ9.h2y-Azxnb8Fz-wH8PQvrtTBKHJKSCKojVq7AAjpxgw1ng-3YZg2dINxnN3z5H3W0Wr7kNXZUQzRNI0BNmnYdsR6LZv0NbXSqbgo_1rG4evGEi5PejyZQZNr3q9ebavUhVI6quxMS8FR6losupB9npyc6ytQNvoegqahNb5bEBWZEho6o1D6sMxrhTkjRxxZ35yUpk0PRJeiAOeJ7NzwUA2xWysjq-jLhuhvq8Uap5kW_joqcFRYyaJTMvhgGDtnIw86PpkBqU7kY_f_6li7Yl5Rl2TNhOLGU4vtOdoKBCnA.1JAYyMKjKcwhgTO3wNwXowTxGT7mTsU0UJDRRU8tPDQ&dib_tag=se&qid=1755803083&refinements=p_n_g-101014971069111%3A119653281011&s=electronics&sr=1-5770,https://m.media-amazon.com/images/I/613f1GaY-9L._AC_UL320_.jpg
Casio SL-300SV Standard Function Desktop Calculator | General Purpose | Large 8-Digit Display | Pocket Size | Basic Math Functions| Ideal for Home & Office,Office & School Supplies,5.83,Casio,/Casio-SL-300SV-Standard-Function-Calculator/dp/B000UUQTKA/ref=sr_1_1492?dib=eyJ2IjoiMSJ9.3MjLc9APopco9S390sejxYLSixMW3LG_zLJ94u_WcwFr-DWHnrblYLxexUKufNBnvYT1RQ1urcf4A9GdJFaFUdfhQo24Edf3f1Y4FV1OT3A0NPMOE_aL6dCgp3lIxfWVjr8dHVyqkBHroXj8g3wvqrP9-QLnlaDxURnu25EB411zCGBpfVZ52-7bMz0vrbuUGE-z634_TsnK6kNrWZLsHXKAPZ33tsppuLmHRhjMPK95BW0BHbinSx6MSZCljTGRASnPYH_c0Bflqi-3dxWUE3V5l9MaMHM2I5_eTGlppKI.rzoQfjjrdaKHapsoibWO_MbY7uqRu-XCY5Gg-vBOOv8&dib_tag=se&qid=1755800846&refinements=p_n_g-101014971069111%3A119653281011&s=electronics&sr=1-1492,https://m.media-amazon.com/images/I/71kcP55HoEL._AC_UL320_.jpg
"Pyle Marine Radio Receiver Speaker Set 12v Single Din Style Bluetooth Compatible Waterproof Digital Boat In Dash Console System with Mic 4 Speakers, Remote Control, Wiring Harness PLMRKT38W (White)",Marine & GPS,89.99,Pyle,/Pyle-Bluetooth-Compatible-Waterproof-PLMRKT38W/dp/B06XN5MLTJ/ref=sr_1_3860?dib=eyJ2IjoiMSJ9.eUAavPIal9LhqKBfe3XyD9v0Cbmo0Hv3j5h6mNY_R8BegfPHhLFeUnge9mQ3dSRIDOWZ1-RXiPPjYn3c1PVceKBwNllDP6i1np2u41yObVKi9ElO4tMRv5UkSL4FBkkZlpPCuSrpeKJtJncmabiLs8NVb_oqiNB3t93cEn-4khBxCOQUz-VMoX-Gf1_OBxNeyk0iw57pasoGTtecrKhaYQeDlfdbEXZylqwqpbQYtjYZpd36fgjEaW9cS1kqjUg-L9iLkhIkUE_UE1Ma6ujBKk8GgViTjo8LdUDja9Q0STw.sgeWLnABqIjj8OlrHK2CsNLDHFwJ6_XUcYuwFBeB_4Y&dib_tag=se&qid=1755802079&refinements=p_n_g-101014971069111%3A119653281011&s=electronics&sr=1-3860,https://m.media-amazon.com/images/I/81Ef5Y6MFjL._AC_UL320_.jpg
Spigen Rugged Armor Designed for Samsung Galaxy Note 20 Ultra 5G Case (2020) - Matte Black,Phone & Tablet Accessories,,Spigen,/Spigen-Rugged-Designed-Samsung-Galaxy/dp/B089CTQ37N/ref=sr_1_7941?dib=eyJ2IjoiMSJ9.lUgBh72XiYRBCHbJYMccGg2ABavPlTKP4MnpTMIAr2dci7-d9khc-S3skkS5WnX-zQs7nJKxzd4ppztBM-GoP1L3JwARNqGC-L7i2-sqQKoU2pyO8CTkSb_OW0OELh3U4FO9uhciYkCqIC6Cv8E5gBXXtgwWgVs0DamT2tnO6Y_on4D7O99PvfrTmJYBYnLENYTpZxx5av7kmKhLx5mOh9ZdIAIz3cZALgEfjyuU8m01Ic4JhbQwLFwt8eXchI9ct6v34auOFhrcFOxBQq5-CkYu667IQx_OPrLRHdzFQyI.5qJMaO0KhL7jiuOnUjMI4daZA_W5toMrNNjX7uASpmA&dib_tag=se&qid=1756097179&refinements=p_n_g-101014971069111%3A119653281011&s=electronics&sr=1-7941,https://m.media-amazon.com/images/I/61J9WiHRkPL._AC_UL320_.jpg
Canon Battery Pack LP-E6P,Cameras & Photography,,Canon,/Canon-6537C001-Battery-Pack-LP-E6P/dp/B0D9KPXFJ5/ref=sr_1_1276?dib=eyJ2IjoiMSJ9.HuiavPXDMl0iFwHHzeJ9V4Rvzx1qx1TB8_YTeHUjlAsS_3U4ZPRRRoBvgCj1zOTDO22UBROFEjEPyC9hQZ32WVrYnTapbPLlu45iljLI_GER4WikYTs0MENgRkhrj1TmiW4cIVF2Yrn8_2U8PVxVBGAXOvTnHdHMXyvNnMACXlATbqV0YT0d7IAfsiWe4fK2UIMyCyb4XSZh0nZBskONBeyEyj7QHtKR-sVdVV-6dINOW01AKJbJShdlAfQPcRKBG2X6bGRFmbyzZXTa3uSp3BpqEsQ7sgaMRf_EwXfQh_E.ocmHQZR2b3Y-d4PtiuhCg_NFieXQpR-Vc5_hrqDzn38&dib_tag=se&qid=1755800748&refinements=p_n_g-101014971069111%3A119653281011&s=electronics&sr=1-1276,https://m.media-amazon.com/images/I/61Uk0tDVDoL._AC_UL320_.jpg
"UGREEN USB C to Ethernet Adapter 2.5G, Ethernet Adapter for Laptop, Aluminum, Type C (Thunderbolt 4/3 Compatible) to RJ45 Network Internet, Compatible for NAS, MacBook Air/Pro, XPS, iPhone 15 Pro/Max",Networking,25.99,Ugreen,/UGREEN-Ethernet-Aluminum-Thunderbolt-Compatible/dp/B0CD1FDKT1/ref=sr_1_2986?dib=eyJ2IjoiMSJ9.sRwYs7WMb2suVZ4vj8CA8g8jMR5JdUDRUWxTSrB0oQ3yBiVmOBHSPrSi4mDFXjUJvHVInil35oieYs2-wcR4bcKvPoPmqX4og_--zikx5HF6BRI09d_xXF1TtokSZ_3UbrxFZaHvGN_mOLDcfN3o3sqIfG9xaoPyaK1ZzlGWaKCFf4G3mjZLZCsXk3gHt8pdWi8xPAOGhPWIkIk4MqpNDVnSU3mkBien-UwZEB1aIGN7ECJA92MjFhUOo22DP9MDW3wi0iXYd28xbJl9jMsI1WCuNf-CTPvjm5g2AXYUE0A.hFkTnAbfDrD3l_CSRWcPoHC1GXd1mbTAwTEzu-3nsV4&dib_tag=se&qid=1755801631&refinements=p_n_g-101014971069111%3A119653281011&s=electronics&sr=1-2986,https://m.media-amazon.com/images/I/612ZK+3GsQL._AC_UL320_.jpg
"HP 26X Black High-yield Toner Cartridges (2-pack) | Works with HP LaserJet Pro M402 Series, HP LaserJet Pro MFP M426 Series | CF226XD",Printers & Ink,,Hp,/HP-Cartridge-Cartridges-CF226XD-Laserjet/dp/B01N4FWECS/ref=sr_1_3019?dib=eyJ2IjoiMSJ9.a76FeXwe9I_0bSIp54YIZN7JETq0fqU98_epuP4gegUUE3CqD6tl-Dl8DIdSbzaNS5KwdcaN_h6qFIONyUM2Olzv5EnL7j8ek-d87zeR-gxo6a32fs7_WAMSmWyiF8-nHkvzJ-EHb0Uabqnjyx4ibacqewrp0xH17nN36AmNtdxwByUDNYkOywTz1CPFxY0NLFwShXL-dtEaEpo57E5j60JhOIY0Q-uNv3J4Mb85UHeRrjULx4YbCivvvDpiO_Q8gDLJZBZg9sEr0jVzTYu-AI4HKco_i6zD92yAozb_AnQ.TUFb25vcQUYys7Ee0HoeP1yU4Ry9Xq5qYe4Q2WQ46Ck&dib_tag=se&qid=1755801645&refinements=p_n_g-101014971069111%3A119653281011&s=electronics&sr=1-3019,https://m.media-amazon.com/images/I/711CWGR4+JL._AC_UL320_.jpg
"KENWOOD ProTalk PKT-300 Compact UHF Two Way Radio, 2W Power, 6 Channels, VOX and Privacy Talk, 10 Call Alerts, Rugged MIL-STD 810, IP52 Weather-Resistant, 16-Hour Battery, 6-Mile Range, LCD Display",Audio,,Kenwood,/KENWOOD-Handheld-Modifiable-Channels-Backlight/dp/B0DLHKVBP7/ref=sr_1_9179?dib=eyJ2IjoiMSJ9.Kx6oepMwbwz3RkyR9oZ6BB5UvoodYvV2F0h2PcZW6V4A3cowNABPcJREW9bw4BdDDPC5NPu9Z1rA9zY_dfOiXQ4-KjZvluYSDZkDik5sGMUp_xoD7rqjUw_wyuDJcC6KLPkiAsNnED9XDtoCY1Ie66uEpcAIqbB9Nl8NP7yi-9j1FmXbtVMNm99JTyDICb1HeE4RHcdsjVEMEmxMPoalye-g4WpxxmH4jHP9NCMtdQ2RB-vtiZ3ctW5-t6acBK1pxgIHAL7WaeChyE0ZQDKLrfKDJOcX0IfqukYkvYlR3W4.wnIFn2AVv_USkqi643RIOt8WqQPmZ0EtC5J0-z9kwNU&dib_tag=se&qid=1756097860&refinements=p_n_g-101014971069111%3A119653281011&s=electronics&sr=1-9179,https://m.media-amazon.com/images/I/71vYM7AuyyL._AC_UL320_.jpg
ThinkPad Universal USB-C Dock-US LDA-KP,Computers & Laptops,136.99,Thinkpad,/ThinkPad-Universal-USB-C-Dock-US-LDA-KP/dp/B09BP25QZ1/ref=sr_1_6740?dib=eyJ2IjoiMSJ9.0cB4tEdM6U2z7sLu3hyEk-0kpMf6DTHZfR6DzGDdgFCGg7lj40XXdsol4XorFD0ol3lBpInwFXO7SHtQBLoVGo0jMrlDkPVDUuEOiu7YUsUmap73uNWauJwPeIBuh5jNYw4Ddv7L_6LEddnMbBrvoxSk7EMA1IUal3r-cbVOR8LiZQphcxTeOUNC47LEKcrTpNSl1FjI_DYwSXoOHhGFOdxzBY-A0qxDlf1CN564cy_pNI-ON0FSu-LrZ2wGzFMa0cXOH70PNe115Iuqo6s8pyK237F_RQLc5tlqwj0YALs.8qS3ot8-cUGBRXU12vsT_2VfVWPe5Yuk3e3CaxoAq5Y&dib_tag=se&qid=1755803572&refinements=p_n_g-101014971069111%3A119653281011&s=electronics&sr=1-6740,https://m.media-amazon.com/images/I/41n9wWIgITL._AC_UL320_.jpg
"Garmin Dash Cam™ Mini 3, Ultracompact 1080p HD Dash Cam with a 140-degree Field of View, Built in Clarity™ Polarizer, Voice Controlled, Automatic Recording",Car Electronics,119.0,Garmin,/Garmin-Ultracompact-140-degree-ClarityTM-Controlled/dp/B0DDM7PFLW/ref=sr_1_768?dib=eyJ2IjoiMSJ9.iiAjF2h9FIjKy1ggGC-ks1IcS1KGp_8fFYDKCmEbOOGmWzbo3xZG1WAwgy-ecVcx8qFDxqNKSChgT4rF35TJL80FQydqvGPrCW3_2orVNTdJrRyTAWV2BI7_AQrsfczXF8ZIBgceYDMfoCNRj6eTTdC15txssUvb58DVpVtTdXHge6gplx2WpeMfgHEhheTNf7f6XYL94yKe0F3vedRtK-qLmdkKPjLmWpHOJnCGOlK1RVf3Ta10tXjM4xY8ERb9HbXPo4fQfOcuTDi2rXxBGE0TyqicSQO798wmELVLdbA.E-EwoxLZQId7Ot9WMnMyyJtOV4g9ow2kHUPOlp_Fcn0&dib_tag=se&qid=1755800471&refinements=p_n_g-101014971069111%3A119653281011&s=electronics&sr=1-768,https://m.media-amazon.com/images/I/71JA8bmxxQL._AC_UL320_.jpg
"VIVO Dual Vertically Stacked Monitor Desk Mount, Extra Tall Adjustable Stand for 2 Ultrawides up to 34 inches, 22 lbs Capacity, Black, STAND-V002T",Monitors & Displays,39.99,Vivo,/VIVO-Monitor-Stacked-Vertical-STAND-V002T/dp/B00DGTP57A/ref=sr_1_3688?dib=eyJ2IjoiMSJ9.sKSQo1rDOdQQgMtFG7nGJZTxUiI9-AOsDURfjLizNbsknjkMdr8NcR2xFS1QCiVqg3bsixHkSW1_cLLWvqbpJ6gMEjaQrTN5LyigTP0ZBjMyxLB6r7JatRLYOIbusgv3GQPbZUBfb_N7uxtPRCm2tN5rqMveDydBNEEt1BHSHQLuDobOq5VLW7fzgehqBhEIQNgspUB6c8rJKEPD6PCs2fetUzzU9PFHTj4SKgFdt2420ywiUeekVMbDwSN9IlftZEXAq5KFKUyLdGIJF3pjnZrMOL2DnKl6XFdHboPiGJQ.utruOHVc3K53PPuRc8B0tZsWM2ADv8XqlYbSNj3Mj2Y&dib_tag=se&qid=1755801991&refinements=p_n_g-101014971069111%3A119653281011&s=electronics&sr=1-3688,https://m.media-amazon.com/images/I/61vR1ZLWgBL._AC_UL320_.jpg
"Seagate Storage Expansion Card 2TB Solid State Drive - NVMe SSD for Xbox Series X|S, Quick Resume, Plug & Play, Licensed (STJR2000400) Black",Computers & Laptops,219.99,Seagate,/Seagate-Storage-Expansion-Solid-State/dp/B09BJYXMDW/ref=sr_1_502?dib=eyJ2IjoiMSJ9.JpfgOzvtNfg1LGNGEqqshdGCS4QhdmRKUSHPGkDrkr1wllkbp9sghZHK_ij7ys1b-1Bkm_ijhgkkGLjmuOkorfskJx-OHtXqkJzp-uWK7m_zBZ6DdIyLHwCmtFJM_9DDUH9TYlGhlAJL20-ONaQy79ebXOjdSDGHUmeGuWFdOeUsSNy9g6e-EV25JTpWtRQFjxsiKIONQB718f0PXwcjoLI-ABHjYLnYc_CddsH82c-Q_WR2-KCDJUw3dJkY1jl5i1nnS0KOXH8pNw1SkrZvkaMsl4RpLNF_O7ziU7Ajzic.s7PlyR90l84F2S5WjUJZC1iXrBhKGU-Qgf29wTihv2s&dib_tag=se&qid=1755800335&refinements=p_n_g-101014971069111%3A119653281011&s=electronics&sr=1-502,https://m.media-amazon.com/images/I/81Vt8SIjsZL._AC_UL320_.jpg
Texas Instruments TI-503 SV Standard Function Calculator,Office & School Supplies,7.89,Texas Instruments,/Texas-Instruments-TI-503-SV-Calculator/dp/B00000JBNQ/ref=sr_1_886?dib=eyJ2IjoiMSJ9.bB30ptEuw6LuX4QzkznNBi-Aot6mfhzu5V513SxpQQ3RN5oWOKbej7ZsZ-DkJU6Wazo7ULZmk9ciQBYkhS4WKHzdpEwRli0foFmxdF_EIYumI3syT4mETBA7ZohQKH3iOzV5vqp4IdKS-ect2eIDv9iWyWvSWIcoMXfff0eu-PShB3bo22LTybD5VO-7AHUj8beWR3Kbgqw6da6e_lYPYn2J39EvhYMhOVFMhsyHg7z70h4Gw-YiYmIb2stFk-3X8EUtIwMBed988Wl-zlRIx6078bD3-bPlenG1uCDuoNU.QfhAqAK9S1qSqlXcNAQrLWupoRJS_X_4gVCwk86diZI&dib_tag=se&qid=1755800536&refinements=p_n_g-101014971069111%3A119653281011&s=electronics&sr=1-886,https://m.media-amazon.com/images/I/71OgeC0-3ML._AC_UL320_.jpg
"Avery Printable Address Labels with Sure Feed, 1"" x 2-5/8"", Matte Clear, 300 Blank Mailing Labels (18660)",Office & School Supplies,9.92,Avery,/Avery-Printable-Address-Mailing-18660/dp/B00004Z5T0/ref=sr_1_1430?dib=eyJ2IjoiMSJ9.KikC3h_12EDb4Hi0HRfzHFNxU8D-DbvpCxuYs6SyP04TkimM7pobLCNQtWRVX2c2TyS_r7JKh6e5SSXuZJMJgdiDtmae20q1q_7KdNuTGStIEl6ja3ZQOygAPORylX6-AoJpXtdifcCp5kHfbjScHMiH4yMmTJPuwxEDuHyQSzZVO_KMupF5-POvA03nKM71zGpoY4kS_Oo-qLNRT2VMbgAkXHkWImMayrTmv_mzrDVl56KxS7H6oOAySt_yhtA-dFaEM4w25gJ85W1LYxdYZyjlNSymNMmMoxpQAE20rtc.AfmVR2NdqRjeqd7BAyHdWuxc149iitCeMkz3pc2jaIE&dib_tag=se&qid=1755800821&refinements=p_n_g-101014971069111%3A119653281011&s=electronics&sr=1-1430,https://m.media-amazon.com/images/I/71lyweM6u9L._AC_UL320_.jpg
"Brother Monochrome Laser Printer with 32 PPM Speed and Automatic 2-Sided Printing for Home Office, Fast Black and White Output, Compact Design with 250-Sheet Capacity (HL-L2400D)",Printers & Ink,134.99,Brother,/Brother-HL-L2400D-Monochrome-Printing-Connection/dp/B0CPLF5VP5/ref=sr_1_2053?dib=eyJ2IjoiMSJ9.qqPN5G1f4PSMGQ57KEjB3E8hsv5JDSg-5CUYymFBQqob6xrt4z7hGqphJxjeqJaiuhY6dPT33S6OUmOpQtIGDglk1cO3bIzJUaR3kHAj9MNb6nwmaifp2skRg1c0MMDRQzwJr9O8oRHsTa5iGRiiB8l0DqC4IwF0iUTMFcjrLUX5S3se55C--fYjC3GdlrsUXu5p4UkiCfwaF7XhdwqphxGGnfDLm4YJror2prT_EJJ1QibA6LnI6-3utWbXt4PKIUKjb5HKMkW5bJcSiR9USFpaERgC_3FjdssxeL6-_bs.aIc86qtXXumSO6yO9b_NsCGh7NuSby21NN6xEXyNXV0&dib_tag=se&qid=1755801142&refinements=p_n_g-101014971069111%3A119653281011&s=electronics&sr=1-2053,https://m.media-amazon.com/images/I/71Y+m8BdZCL._AC_UL320_.jpg
"Amazon Basics Manila File Folders with Fasteners for Organized Filing, Letter Size, Beige, 50-Pack",Office & School Supplies,15.5,Amazon,/AmazonBasics-Manila-File-Folders-Fasteners/dp/B00V5DFWW2/ref=sr_1_3039?dib=eyJ2IjoiMSJ9.e38ofx2OfUwoYBd-7HzNoMambj4JpxROKounKfmtBcnT1_qJLisiDRPzP93hPovHaarn8IbyJpTpFDBPXr_d6hV1UNl-vhTx0Y8CAoufHDWLEirBZ41BBlzopeGgzTEHMyBpd7pbO_11c9d3O00_d_Wi_9xC4FwIiMDgzs9Gcr9IgJ9gkxNshp1jLXvlLB8_BW5qQeztJWsonenAhxmQt1BUFfRknFSTpcwzjr41xL0fhSOVzTAwMjwQwGEkjRBwh2ZaTHTlhuXDY7bWMTDUb_fAAkeWOpkVm00ojMGebYY.bZrEqdR3xndVDwNNY2W_bTPC2cRYrAicSdZ97jLAhLw&dib_tag=se&qid=1755801656&refinements=p_n_g-101014971069111%3A119653281011&s=electronics&sr=1-3039,https://m.media-amazon.com/images/I/91ffYrZ2B9L._AC_UL320_.jpg
"Klipsch Reference Series 5.1 Home Theater Pack with 2X R-625FA Floorstanding Speakers, R-52C Center Channel Speaker, 2X R-41M Bookshelf Speakers (Speaker System + Subwoofer)",Audio,,Klipsch,/Klipsch-Reference-Standing-Subwoofer-Bookshelf/dp/B08WPPL38V/ref=sr_1_9004?dib=eyJ2IjoiMSJ9.30cNIJPFvYW2giEChuC8m84WkbpQTO8AH-mU2ldeW2Kg65E9Vn6BCIeFBns_Z-WzN3m38HEu6CiJ666DW8fnEEeU9yapRUq4D9KuB2KgGvKVvExAThwBz9T2v44sP15HYHMHhfQVlwAjLw4EE4ljXvrCzl3ZGVt9kioKNfss4DZj85FeuDtZRfsMTqCwoDldOeyIMlBXPp2IKYbNcu0vMvmgXUS7OpQJ4xBdnioX3gXVZG3pbERPVU9rMjJ5mmzXx15ek00rdP2ZoXaGKZOjuqbukrhpVu3R3syFlfTWP_4.lKIgMoBRiBM0E9pZmi_EefSTYGJ1MsZbA74sIkH8df8&dib_tag=se&qid=1756097773&refinements=p_n_g-101014971069111%3A119653281011&s=electronics&sr=1-9004,https://m.media-amazon.com/images/I/61nLktnrwIL._AC_UL320_.jpg
"2018 Apple iPad (9.7-inch, Wi-Fi, 128GB) - Silver (Renewed)",Phone & Tablet Accessories,104.85,Apple,/Apple-Generation-128GB-Silver-Refurbished/dp/B07G4M8TXS/ref=sr_1_6591?dib=eyJ2IjoiMSJ9.f-samqG_QDnL3EPJD-caiOwe8udd9YxIWLzzi3GPVfoZqzJuk0ZY-kci6Eam4CrUwL55z8UGPJKU2G4nuwNWwAU0dX0r7zJVj1H6r4ZwKyGyeAdktWLYnjkWHMZQWxVcsUduO48NyJ7KjFw1bMUwXueVTJYb0yBNYnw4LPpsQiHAQKLWwaKWuBhbsrm2oT6N4trEJthC3GaWdaVeeSymjpe1UhF0WI853aeaUQJhUUQoKkg54FNOmPr2TTCof9qq1MgCcjMD8MeGtmTJwSUOxSKM1Kk3A-P5H42WnLqcLnQ.Fpbc3kW8CNrelrwV2AUNiQV2bvsBFOr6a856y3K--ek&dib_tag=se&qid=1755803502&refinements=p_n_g-101014971069111%3A119653281011&s=electronics&sr=1-6591,https://m.media-amazon.com/images/I/61ZkDkRVhNL._AC_UL320_.jpg
"Canon Genuine 067 Cyan Toner Cartridge High Capacity Compatible with LBP633Cdw, LBP632Cdw, MF652Cdw, MF653Cdw, MF654Cdw, MF656Cdw",Printers & Ink,111.6,Canon,/Canon-Cartridge-Compatible-LBP633Cdw-LBP632Cdw/dp/B0BSR6RFDG/ref=sr_1_2084?dib=eyJ2IjoiMSJ9.5FZ7H_ow9oUTBpORLdPT2zWIU2jG4T1cOrF-9aMfQwIdu_MWUUDwwdbpnzv7X74tIEN3mpdZzOFD_Zs8qz4GCrDmReizWimeHlAWTcjF0Nc3hs3rCDSRLQGJ6nVyA2Mphak5j2oPySTb17xJc3L6F2Qs_n_AR8N1uHlnKcwDYmtZLM4olk456rU_kz3uwl90LTUCoM3yJ4zUryfF6_YMGdR7lyR74pyt9--7f8dI0JjXnpI_pZWD8_x3JY8hXGqTTKZrQQd9f-7a0vAhpGfKt9lhksehFUNq593haUrWLBo.1gUYKYJZeYW6k6gBuVP_G3n5L2DgvYLlcYp6BV9DKp0&dib_tag=se&qid=1755801153&refinements=p_n_g-101014971069111%3A119653281011&s=electronics&sr=1-2084,https://m.media-amazon.com/images/I/61xushAh26L._AC_UL320_.jpg
"Fender Professional Series Instrument Cable, Guitar Cable 10 ft, Guitar Accessories, Stage Ready with Anti-Kinking Design, Black",Cables & Charging,13.2,Fender,/Fender-Professional-10-Instrument-Cable/dp/B07MVZQXRZ/ref=sr_1_1242?dib=eyJ2IjoiMSJ9.j5YgUa3pGHJF7T3Aaz6F6nWnsQFS4DqoQ6dKMKHt2ohjS2sSQYPLoBc__QE1OO-xXAxy8eg4JQnSO-MBaOCxdrmra484mXPKgSi6O5Xa_vRcLrgMJC5ZW4syJfBQxKVWF7-WtljZZB_96cINlL8LnRXwtjQ0f-sx9llCqJ3alZ3oHqR0hnxETQf9t7WvRuN38sF9sJSbaiEOaHKOIbKCFbpxsQi5c_NUEqwuTotDePfVnHnSb_pBypr-y4PqNPiIhD--RL80Fo7gxl0C29ufiF2awKznjutXC9VlJX9yNzU.xzDiYJ6qgbIinNqD2XlPCbatnpOo-mQolorxLl3cJ8c&dib_tag=se&qid=1755800723&refinements=p_n_g-101014971069111%3A119653281011&s=electronics&sr=1-1242,https://m.media-amazon.com/images/I/61RlttA7BuL._AC_UL320_.jpg
"Synology HAT3300 4TB Plus Series SATA HDD 3.5"" (HAT3300-4T)",Computers & Laptops,99.99,Synology,/Synology-HAT3300-Plus-SATA-HAT3300-4T/dp/B0C7FPRSK3/ref=sr_1_2887?dib=eyJ2IjoiMSJ9.opsiVF4nsaI-W2iACGBD0JBquNt5jhwI92zCZhnEdyeJlZiSnidNZMPv4abq6eE02rZ119J5BmX3v2XTNnds82ZtEFNjJA2Aag6ZpuBb9wYyYJdEb1rtmDvV4V0hMgadZcjFLFo-pFQ3B34f12GSglWo-TV19Z2Q1ARH8V12eJScYiomrdzJIZlkdyYflMGqYwlwiaOKol5VgPyOIVRDnD2txsu0ZESaS9iVZgZVIwzgptDDnG38S_2lvZNW3R9ZSLibLJuufXv8s8rwjJ9NYR3ThZHVloHRJ9rWcAK5bxc.o3owzSVyRMctNkosZMO2rbFuIQKbA0mVrVYS4EkWNPs&dib_tag=se&qid=1755801584&refinements=p_n_g-101014971069111%3A119653281011&s=electronics&sr=1-2887,https://m.media-amazon.com/images/I/71b9leY5tZL._AC_UL320_.jpg
TACTACAM Defend Cellular Security Camera,Cameras & Photography,149.99,Tactacam,/TACTACAM-Defend-Cellular-Security-Camera/dp/B0DBMNGYK4/ref=sr_1_5860?dib=eyJ2IjoiMSJ9.5QVDs7PUX7pRPTAaE5KjsGwsTMtStrUCJEGYVU3WKpt1S4p4mTEgEfQop_-ZPdSc3GJH0i_Zm9YBTPXTwp8UPlCu08GFbLqa0dApFon-dhOjV1tnknf_I8ohEQir7MUR4jCgY6lzAAYqx4gq-efFS4ubcGDUJ0cU5NjbboX_op0xIVRXnY2oZgAP5a0L-sa5zGSo_tJ6FAvxfXKh2XEzXZGAFXtZee8gGF9yLGlMN7wZ9misrkU96V4UbrImAdWoGeh15VTfnHwz9JEY0IfLMpLn3oTp_RSaKMiRUNtuX_c.CnKGZF4nyL6WJwkUlnfbzHJyUJ953TBV62HA3Hcb5CM&dib_tag=se&qid=1755803132&refinements=p_n_g-101014971069111%3A119653281011&s=electronics&sr=1-5860,https://m.media-amazon.com/images/I/61LwigxNI9L._AC_UL320_.jpg
"SAMSUNG 12.2"" FHD 2-in-1 Touchscreen Chromebook Plus Laptop for Business&Students, Intel Dual-Core, 4GB RAM, 224GB Storage(64GB eMMC+160GB Docking Station Set), Stylus Pen, Wireless Mouse, Silver",Computers & Laptops,349.0,Samsung,/SAMSUNG-Touchscreen-Chromebook-Business-Dual-Core/dp/B0D6W1GQ6X/ref=sr_1_3912?dib=eyJ2IjoiMSJ9.1__4lRe2SrT9mDH2pENb6z8BqTJqRLIyp1Z4PpV1G-n7TQGp7NBU87ycapn2-mIHI8WkkQ6DHhQerq7gqAiS6b2i4oMjs1t0DcqZxbILoyOrfv33qMikvNIR2XgFGePJHbcl7IcCb7wRWavvrh6YwfT6v6BBuy8Wq0Y2xqS9HjxDd_q1YpmY5BXGvrbHHyLwXkiKsNyY_m6Oj0sPK7y8OzAGTPzemgCKUZM67Gpf6eEZopjiu4e7cUCTgGQRJvWAS8flzM7vvTtbxFubWHwi8JgTVcJE6Hy0GGKM79Tfkxk.iNCwLX2-6LJPOhWLdhflIyvKTi-OQnZic5QdPa0cqME&dib_tag=se&qid=1755802104&refinements=p_n_g-101014971069111%3A119653281011&s=electronics&sr=1-3912,https://m.media-amazon.com/images/I/81k+w98hRSL._AC_UL320_.jpg
"Lenovo ThinkPad P14s Gen 5 AMD AMD Ryzen™ 7 PRO 8840HS Processor, 14"" WUXGA (1920 x 1200), IPS, Anti-Glare, 1 TB SSD, 32 GB DDR5 Windows 11 Pro 64, 21ME001LUS",Computers & Laptops,,Lenovo,/Lenovo-ThinkPad-Processor-Anti-Glare-21ME001LUS/dp/B0D9MLV4WV/ref=sr_1_7956?dib=eyJ2IjoiMSJ9.gWcf0ib7nFm8_W53Co4EbjvxW7kOq2grFZyn_-ZmdtzemOuRuGcJQMR3ZvPn6MBa5NlPSi-zT44vwDtg-FVHFXj-k8jDZHgznGma3ouVM1wQTnxdx-Je9fn7UFORK4_JAEYKEf8FRp3vuwAPHxK4AbgTU-3RorA3odxaP9yDppXaH6QqkPRrBA2qZamk9iQ_Dw-wmiT_S6S4Aw2exouJvdDjQgvusKdwSQRu869ZIPjszi4OrtFC_N23Uf0VwvPG3vWo-FHlml8AoXDjb5JdXdeDTb1DWvQOqu2wvCiV3kU.Xs3fY6HT305RcuSgSANdHFZAeO6zJc1HIe4sVnk_iQY&dib_tag=se&qid=1756097195&refinements=p_n_g-101014971069111%3A119653281011&s=electronics&sr=1-7956,https://m.media-amazon.com/images/I/71tSWdms2XL._AC_UL320_.jpg
"GoPro Hero - Compact Waterproof Action Camera with 4K Ultra HD Video, 12MP Photo, Touch Screen",Cameras & Photography,219.0,Gopro,/GoPro-Hero-Compact-Waterproof-Action/dp/B0DCLRRHSP/ref=sr_1_878?dib=eyJ2IjoiMSJ9.bB30ptEuw6LuX4QzkznNBi-Aot6mfhzu5V513SxpQQ3RN5oWOKbej7ZsZ-DkJU6Wazo7ULZmk9ciQBYkhS4WKHzdpEwRli0foFmxdF_EIYumI3syT4mETBA7ZohQKH3iOzV5vqp4IdKS-ect2eIDv9iWyWvSWIcoMXfff0eu-PShB3bo22LTybD5VO-7AHUj8beWR3Kbgqw6da6e_lYPYn2J39EvhYMhOVFMhsyHg7z70h4Gw-YiYmIb2stFk-3X8EUtIwMBed988Wl-zlRIx6078bD3-bPlenG1uCDuoNU.QfhAqAK9S1qSqlXcNAQrLWupoRJS_X_4gVCwk86diZI&dib_tag=se&qid=1755800536&refinements=p_n_g-101014971069111%3A119653281011&s=electronics&sr=1-878,https://m.media-amazon.com/images/I/613kXwYXRjL._AC_UL320_.jpg
"DJI Mini 4 Pro (DJI RC 2), Folding Mini-Drone with 4K HDR Video Camera for Adults, Under 0.549 lbs/249 g, 34 Mins Flight Time, 20 km Max Video Transmission Distance, Omnidirectional Vision Sensing",Cameras & Photography,,Dji,/DJI-Mini-Drone-Transmission-Distance-Omnidirectional/dp/B0CNTQBK93/ref=sr_1_5004?dib=eyJ2IjoiMSJ9.TLPIK-KPBZ2Cj-LJxVytQH4GN6Ij3r3tYm8rik9xPFxVwlEbNPmfoUBnsbKdkOxHPwzkZTXDzJ4FQ4_j8ZVivp36R0uQLC4PSExHNDeg9mzMxTSv4npdQCbQDGcwrfLyvX9DbGCl1GBPZ2MeP65ZqZV5H8n--sfxdNKZ3YpF6TiP5vLP8gj1FKE-zGZTXZqhxCe_ChVUHQzqLm6Wqy9-D3FdQdxXYGqmu7xjAd7OpkTPOik9AqXTQqAnvri5s68pj23iJ2cXLIYp4uxXIl0clLE6A3-vYMRpsnH-sVKZ8_k.55xTlCU6hJEIxktMHBeMENn07_htVkCkckvZXBZDNJA&dib_tag=se&qid=1755802689&refinements=p_n_g-101014971069111%3A119653281011&s=electronics&sr=1-5004,https://m.media-amazon.com/images/I/514KN3MHwYL._AC_UL320_.jpg
Ubiquiti UniFi G4 5 Megapixel 2K Network Camera - Color,Cameras & Photography,108.95,Ubiquiti,/Ubiquiti-UniFi-Protect-Instant-Camera/dp/B09YN7SXYV/ref=sr_1_3481?dib=eyJ2IjoiMSJ9.y2cZg4D3fZlZJvPzo60pRSwgM4FqRUYAWL0D_77jCbri1og_slbQk8cQHV5-HE_EY4IKCkwqGoVbVzPT68FiyvMSvi_s4DKurF33ccUGd_b3M1vQF3pOi-H7IBTNVzGZLDiuJhioa3GwePWb46kcxYf7m5IjVlqam7_siOjrqnMDYyy8PFOOI1ATejvfMtxvWt7Z7NhZhov8PUBB03q3P7Ji_kFg4_mHSGeakHuUtfKoH95wQjsyFCLQ7fpdz0XGraOwkKvJlY-SQBeE2EK-IR50juuyrBNKFJZTyY8AgGw.LAitht2PIF41Bt-3ejkB3NR28GgIa6vV1ddaWe3aiV8&dib_tag=se&qid=1755801877&refinements=p_n_g-101014971069111%3A119653281011&s=electronics&sr=1-3481,https://m.media-amazon.com/images/I/51bQdyzuTVL._AC_UL320_.jpg
"Escort MAX 4 Radar Detector – 2X The Filtering Accuracy, AutoLearn Intelligence, Advanced Detection Range, Built-in GPS and Bluetooth Connectivity, Apple CarPlay and Android Auto Compatible",Car Electronics,369.99,Escort,/Escort-MAX-Radar-Detector-Built/dp/B0D1ZXGJM2/ref=sr_1_6796?dib=eyJ2IjoiMSJ9.z9XqW45NWRKa5bTQagJEuERHFxayAor8ZkOolrPgiP9Y4ebmvWSlC5iAXROx2KbrOOeGBq-sdHZv96ilK5I4Vt7DBFmxICsrc5t-dEeqNK7BefZjXzkQuWwgUQ2bwveTG7wwhX3qx54qHjonI-pUB5mh5HqWt7h2uei0xxkumVUs1zDF8s-e8HgBKWqM--wta9dAQfYhXaVLANlva7xw6DcyGGrUBmZo3sU8CQSz0Bp2i-UPOEbOV1Z3vXGmoNq1JGzhFH6me-MDA3JYIIao87WL-FVlm1WPJMT_LXiQd0g.Jc45-0mW4eY7d3CNGAD6BJbKRXL2DjYGjyOEUQArYGk&dib_tag=se&qid=1755803610&refinements=p_n_g-101014971069111%3A119653281011&s=electronics&sr=1-6796,https://m.media-amazon.com/images/I/61nyDuoTWsL._AC_UL320_.jpg
"Skullcandy Jib True 2 Wireless Earbuds, Bluetooth Headphones, Up to 33 Hours Battery with Charging Case, Noise Isolating Fit, Sweat and Water Resistant, Microphone for iPhone Android - True Black",Audio,32.99,Skullcandy,/Skullcandy-True-Wireless-Ear-Earbuds/dp/B09VM2TBZF/ref=sr_1_1277?dib=eyJ2IjoiMSJ9.yM4Xk_KefL0fYTuTbMtFqQg4HCJTGGymp8e7Ibn86aSil1ybZg58ltzwr5M6ViHxcwzFpU9sWMJhX8h_gsNsdjd0tLcn9-mbkoskrj8241BuGkzPckrF8QS2H2kQl7me2O5XKqESaUQ7xB4EW_5vJYNQGFpNFS9mj16x_vqwqIq9pZCvvPvkxx_jR3eWGvGYtX7Av8nyZFu0XRVFwvctDDMlbB368w2-1c0jxtyQKMpgNda2N2Gjce6EH4X3dBBIBKVQOgx1Zmvzwz3I-zcXx2NscHusLvHoxeoMzHwiQ_U.VnUQhWfbbtLDjKjBZ0QlQuoyAOIJ0L0_N_RhqWmgH3s&dib_tag=se&qid=1755800737&refinements=p_n_g-101014971069111%3A119653281011&s=electronics&sr=1-1277,https://m.media-amazon.com/images/I/61GP+Gpn0aL._AC_UL320_.jpg
Blackmagic Micro Converter BiDirect SDI/HDMI 3G PSU (CONVBDC/SDI/HDMI03G/PS),Computers & Laptops,,Blackmagic,/Blackmagic-Design-Converter-BiDirectional-SDI/dp/B08P3TCMT2/ref=sr_1_4498?dib=eyJ2IjoiMSJ9.2Z6QqgtFNU_0spez_13Rpp6vPzqCjP5UfGGKJx43rLCTESItP4fDxr-wlLg4-mBmMrtWFfSQCPbUV8chVZeay1-X3AOWmkWYmytneOGARwa9cXMANUU4rkan6GR8i1U12KinC25u0zxsa0ftakv4mMaStJu1nBfOAZJsR0F7bNtJJ-ZIBQt9H3i_8sWvFUF9vY2UG2bK82iyPcVmJTvQ9olRSXNbblANdi_vM3kX074md-NBCB3rSLxH0LXbb58Gx89s7otEQLSCaJv_XHMonLcveOJ0GDrqSkOlUeOB5Z4.oCxbo75TQUB5QQ0aZOim5OuL2tRMzp-ZrnT4n00I8tA&dib_tag=se&qid=1755802416&refinements=p_n_g-101014971069111%3A119653281011&s=electronics&sr=1-4498,https://m.media-amazon.com/images/I/61XQr-kwhnL._AC_UL320_.jpg
"SAMSUNG 49” Odyssey G9 Series DQHD 1000R Curved Gaming Monitor, 1ms(GtG), VESA DisplayHDR 1000, 240Hz, AMD FreeSync Premium Pro, Height Adjustable Stand, Ultrawide Screen, LS49CG954ENXZA, 2024",Monitors & Displays,,Samsung,/SAMSUNG-DisplayHDR-FreeSync-Adjustable-LS49CG954ENXZA/dp/B0CP6HW894/ref=sr_1_1201?dib=eyJ2IjoiMSJ9.I8JxLJaSAYf5ArZNKLnA0mE9RRRbPzFsCwWy2oMASgopBd9bDw3scrn_K5gDV9wMGQ-rXRMfvZXTFv3gPRWFPXD9z9wPOdoAg00FQjaGdkK9gIVadrmt-Mo4AU_jrxtujlyRvpqPzyd4BIZSYQZB-eTgqikJtl6AXLU1jD5GAHnzE45be8BEEChOh1v5o-EzYMUChCgRyyXMsTgMgm1zNu1y8bBeNCMy06cPkj-acCQYR7baX73eLJ_unQJlNFStYzY1RZSznVx_YQFsThSUFIoCos1pjq-SlLFh3PcS73M.Gxj6vaQIQ4SpzFWxgYOwbDdoB2j9_e7DbU3MMGh7PaA&dib_tag=se&qid=1755800702&refinements=p_n_g-101014971069111%3A119653281011&s=electronics&sr=1-1201,https://m.media-amazon.com/images/I/61gZrVSSCoL._AC_UL320_.jpg
"SAMSUNG AKG Earbuds Original USB Type C in-Ear Earbud Headphones with Remote & Mic for Galaxy A53 5G, S22, S21 FE, S20 Ultra, Note 10, Note 10+, S10 Plus - Braided - includes Velvet Pouch - Black",Audio,24.49,Samsung,/Samsung-Earbuds-Original-Earbud-Headphones/dp/B0B5HW7WTN/ref=sr_1_7003?dib=eyJ2IjoiMSJ9.ceq9aYU1-26DaOQ5ZMwAboKt_7gWV16FJnzsE4hYLXpRk0P2pa9YNNLmRSyGT0Nm6DB9i9HUzJmMR8cKgBWfm5xioFZf14SGxQmY21vSYnNrtwl0Kv7a42eOb0lDwQ-sMgBXojK8abyGdZczqZbZnZDxnuj9Y7mu39DWIxovFXFPwY4z-xWw5oiUcdx7ipvCLEagHtuymfLQWK_o-B1naT8Bytl53jzlOMCRRG1GxlImKFFGqpdTNFPzya_F7qndTSgqlverhioKf09lpe0ivEoSu_2z7oUvcIYXSWjkzag.hUqTZ_JLGK_A4OTtXAgDlupyQjus_x-Ya3xJ-Fe8Lrw&dib_tag=se&qid=1755803704&refinements=p_n_g-101014971069111%3A119653281011&s=electronics&sr=1-7003,https://m.media-amazon.com/images/I/61fmIvVXAOL._AC_UL320_.jpg
"Apple iPad (10.2-inch, Wi-Fi, 128GB, 8th Generation)- Space Gray (Renewed)",Phone & Tablet Accessories,,Apple,/Apple-MYLD2LL-A-cr-B08L1VD7K9-Renewed/dp/B08L1VD7K9/ref=sr_1_511?dib=eyJ2IjoiMSJ9.lm2tbyOfKCrv246UHu7UNH5r7vER1-8JTf90KBYXWlnAKLiyaJnU5kHcoJd1kptYOaNigIQDQGpYPkdvpX2S0xwhdAPtKjitYuBN7kvMWgfGMk3bXcIBIERFFa8Nvm2lGxfoRramTYw5sjNHOojqvtsJW0a4QpeXdFGo9o42VWNkqV0N6Xa1RaOL9qr2C3G9SgfRLkzdEqc2mMJZ5mgCHA0MFEsUVoBMHY88wAsiP3v9w7B-5RhS_Jh2b2AsAJ2w52JhaIshk2wRuNP691Pygmme1ZGD_cWjQwQfgiP-qfY.70aKal4hKVNIbx8M7302KpiVU3FfwkQADJWEAuSN2nA&dib_tag=se&qid=1755800347&refinements=p_n_g-101014971069111%3A119653281011&s=electronics&sr=1-511,https://m.media-amazon.com/images/I/71r+Ejv1XzL._AC_UL320_.jpg
"Avery Waterproof Labels with UltraHold Permanent Adhesive, 2"" x 4"", 500 Labels for Laser Printers (5523)",Office & School Supplies,37.64,Avery,/Waterproof-UltraHold-Permanent-Adhesive-Printers/dp/B00006IBUW/ref=sr_1_3609?dib=eyJ2IjoiMSJ9.OIsvkZN0_DItZvpzjVTZYdn5y7UbsHyWXHXVkyGOyo-5Fcpq3HBvnjCbknI3ie56iHmrhfAzAggJZLQgg4TboRZIdf6RAbWsutr8OZS4kbqmFQpx3-6k3fEF96VooAaq5i57q1ltUob1JXnMl3dVt5sQ-OpLWDAmerQ0zsvAuGiH5dC4WekiJrHCUO_HFPHUGFmQB3LJxG3Pg7mUg17YwISSL7lUIiuIb_WStc4gcd1-x6S1l0Od0DgijS32Ql4_XI7ugJ8rHGchmKK5mjcyNnWo1Q0w3h5CCxH1tx5AtLE.ryWsRsY5nF5nna14CybvS7RohHgzTHumf3Pqf3S8V4Q&dib_tag=se&qid=1755801952&refinements=p_n_g-101014971069111%3A119653281011&s=electronics&sr=1-3609,https://m.media-amazon.com/images/I/81avWDLXEJL._AC_UL320_.jpg
"Kasa Smart 3 Way Switch HS210 KIT, Needs Neutral Wire, 2.4GHz Wi-Fi Light Switch works with Alexa and Google Home, UL Certified, No Hub Required, White,2 Count (Pack of 1)",Networking,27.19,Kasa,/TP-Link-Switch-HS210-KIT-1-Pack/dp/B07724HNTX/ref=sr_1_1468?dib=eyJ2IjoiMSJ9.SQ8CKZWkfIKyOKNbI_1knBAsCtafqqJ2JmhFbrLyNuqPKqxb_E3-1_TlTtRYZ60-S9b8rUyPU69iP5yv0eOemYa3DgyZU1cTVAHcRShOoylOwQ5dB1Q7afDi3FtAKeelex4xafrc0t5CSDlnPbFgLVAOuRUq799j-F8qJEvR909qdsQUlldNbKVKaBwyutb5MoH8JuuXTOfMIeDaI4j2PTTlqB5uifhIQ3R-mBmJ8X428rRUvIMQZ3wqcGsisPzha9RLjgRXHptTTM1dcILp6FILoEt6SF1KxJz0w99oqZs.oj8l49qZo9o-EIvttPzv_9X-dISo5daToc5f3TlF9qU&dib_tag=se&qid=1755800834&refinements=p_n_g-101014971069111%3A119653281011&s=electronics&sr=1-1468,https://m.media-amazon.com/images/I/61wXUxO7APL._AC_UL320_.jpg
"JLab JBuds Ergonomic Vertical Mouse, Reduce Strain, Connect Via Bluetooth or USB Wireless Dongle, Multi-Device Toggle Up to Three Devices, Custom User Profiles, Adjustable Tracking, Rechargeable",Keyboards & Mice,,Jlab,/JLab-Ergonomic-Multi-Device-Adjustable-Rechargeable/dp/B0CNH7T8VK/ref=sr_1_9300?dib=eyJ2IjoiMSJ9.QGp-yJAAJZZdmm80-b70c6IKhbkB4Mt-jXLo4zGy8n2Iq5e4SOg3mHozD0IrEzm94YzITGQiOicJGn2V4ixlT29JYdq31KsPD_Hip5TWKkpXEhCsdzxekEDZv33HARdRHXbVSXd7n6X5Qa3OJ_52JhLfv1BJQRqRan0786sXzjT1G8dpzBALi9_diQ9ieBqO8SJmq2G6ADQ5s66WqeKN0lqRGRya0nMJBQ3aD6SSW-a0Z8m2xVdfaG7QC-rv7ELznYbxHvjQQ3MzbXWt6OT1YqE0XLwoiLKf3dzMyg_iw14.MI1HRUo_Ks44ZAL-o_KZRITO-U7WnasZ6idWGQ1XZzk&dib_tag=se&qid=1756097919&refinements=p_n_g-101014971069111%3A119653281011&s=electronics&sr=1-9300,https://m.media-amazon.com/images/I/61t12Re+GlL._AC_UL320_.jpg
"SteelSeries Arctis Nova Pro Multi-System Gaming Headset - Premium Drivers - Hi-Res Spatial Audio - GameDAC Gen 2 - ESS Quad-DAC - ClearCast Mic - PC, PS5, PS4, Switch (Renewed)",Audio,104.99,Steelseries,/SteelSeries-Arctis-Multi-System-Gaming-Headset/dp/B0B33MZR28/ref=sr_1_6643?dib=eyJ2IjoiMSJ9.khpnCZB0AWbDL0N2_rewsDjJv89QocQtRxP6q8aMIVgZMeRtELgQ2VVAeLqvzIXiw6bRW-HsZQSxy5SU2YUol8KKTiE23YPnlO-J1HS-HoU-ITHOZyHP9hYFRj6CcY8GdespPFZkwLhsqF2EnrmwL40me0Cy7m9jobpDPrUypSt-iDMXvcEr4RhuX31sYW9WwPjoedpFD0bS9hVW0S9otPuQPmrJ_i9BTyeaody_2aGGTkh9ZZavfLQekWuNXHeOLGcYCNgTdIh0un-75NmWlPjUnus0w3LYJXp7pyoCud4.F8QEopb71vIbqevSjZ_yEvrnsEjo8JtgPKiEAHwO1Lw&dib_tag=se&qid=1755803523&refinements=p_n_g-101014971069111%3A119653281011&s=electronics&sr=1-6643,https://m.media-amazon.com/images/I/71PYgC+oolL._AC_UL320_.jpg
"KODAK Dock ERA Plus 4PASS Instant Photo Printer, 4x6 inches, 90 Sheets Bundle",Printers & Ink,,Kodak,/KODAK-4PASS-Instant-Printer-Sheets/dp/B0CHYPC298/ref=sr_1_1762?dib=eyJ2IjoiMSJ9.yJaaloSaNomyrm3Pg77vYzCCEQbpfeUeC-mdQAV6C3S2QANcRAmIIYWDBN7NH9DLkGRwn78Em_49rBAhNf6ldHegMIcatNnUJcvuY1BKLXLW6FwAb1YwgnyesVLF5dC03U0OOGHQEA6zwhM6IQlloKaAngf1Ea-iKXRuBtCoslLlqozjkXKWnioswh2qpErxsIBwA7Y-N2IJhL6gApXYte5uth1-wHueFUgazLDh9TCMm2vJZ5isF5zlrkt9NxTUXgU1bDISTUjC3UtjD7zYN-dk_x4w9UQgrreNE_2b570.BHyv4BqxVuiPtd41Ibx2wvaZx_Pwl22RV_S661Zpsns&dib_tag=se&qid=1755800995&refinements=p_n_g-101014971069111%3A119653281011&s=electronics&sr=1-1762,https://m.media-amazon.com/images/I/71MHAS654xL._AC_UL320_.jpg
"UGREEN Revodok Pro 209 USB C Docking Station, DisplayLink 9-in-1 Dual 4K@60hz Monitor Dock for MacBook & Windows with 2 DP & 2 HDMI, 10 Gbps USB C & USB-A Data Ports, 100W PD, Gigabit Ethernet",Computers & Laptops,118.99,Ugreen,/UGREEN-Docking-Extended-Charging-Ethernet/dp/B0BLNCNCMZ/ref=sr_1_6798?dib=eyJ2IjoiMSJ9.z9XqW45NWRKa5bTQagJEuERHFxayAor8ZkOolrPgiP9Y4ebmvWSlC5iAXROx2KbrOOeGBq-sdHZv96ilK5I4Vt7DBFmxICsrc5t-dEeqNK7BefZjXzkQuWwgUQ2bwveTG7wwhX3qx54qHjonI-pUB5mh5HqWt7h2uei0xxkumVUs1zDF8s-e8HgBKWqM--wta9dAQfYhXaVLANlva7xw6DcyGGrUBmZo3sU8CQSz0Bp2i-UPOEbOV1Z3vXGmoNq1JGzhFH6me-MDA3JYIIao87WL-FVlm1WPJMT_LXiQd0g.Jc45-0mW4eY7d3CNGAD6BJbKRXL2DjYGjyOEUQArYGk&dib_tag=se&qid=1755803610&refinements=p_n_g-101014971069111%3A119653281011&s=electronics&sr=1-6798,https://m.media-amazon.com/images/I/71+uwP+NKDL._AC_UL320_.jpg
TP-Link TL-SM5310-T | 10GBase-T RJ45 SFP+ Module | 10G Copper SFP+ Transceiver | SFP+ to Ethernet | Plug and Play | Hot Pluggable | Up to 30m distance| | Durable Metal Casing | Versatile Compatibility,Networking,,Tp-Link,/TP-Link-TL-SM5310-T-10GBase-T-Transceiver-Compatibility/dp/B0B12N5SJN/ref=sr_1_8001?dib=eyJ2IjoiMSJ9.HlL826tm9E32aOcgbJdQ8CrRIdVqo5C3kZJqJoCLABSnJKvNVWMmfKvja7UafHZxNxbr6bGk31dADfbQkaLJ1emcPnrOj01D_arWznbB1G8z-XDaIRAx0YsvBeaqfWY1ObRS7rklCEdmi4UbuV-HYw8m7aiTpTWqTgRujgAX3TEaaT7ArtIV0USbiVQx03RWYcv4AmE2tu9jZxv2xUQJ-xweqcvuZebZPzuyRHp7mJfNKGWJcEJYesvN3KluoqIOGaFGQzW3P2Lob8g5e0zuT8GhqRHN6LIhdfl_BnWqNL8.CMot8XzWWWXddJifCdxwQEoQmn0MtE7MbFiwJORVMoE&dib_tag=se&qid=1756097223&refinements=p_n_g-101014971069111%3A119653281011&s=electronics&sr=1-8001,https://m.media-amazon.com/images/I/61z9tCPIQNL._AC_UL320_.jpg
"Yamaha HPH-50B Compact Closed-Back Headphones, Black",Audio,35.99,Yamaha,/Yamaha-HPH-50B-Compact-Closed-Back-Headphones/dp/B013WW8WRK/ref=sr_1_8224?dib=eyJ2IjoiMSJ9.g2SYPV1CM561UzvuDKQJvJfNWQsJNTyrmxhZjgzSDrCr2PJAVSmYb6SILt2QyOhF-m38Dy_rbCPiDJ21XYWHdjZJ1hBy41UZyTmxpyq5vAzcZC59Ksq7A31WsQ3lPZ4Nzl1OtCoN7pk21ib2E1FCazvNrBo5Q7nmyQyTVvPf8JYSy0YUMCUj_htZPEUPNmGEhpAJkVkkf20oFi_l87nIMnbLtmgTg6TVaHjv-PQT0gls-MiDd_s5IoQqdGpZz2GCdiIEN3MBndnaAD7W_fH7G2DYCw8uX-lzpr7SPm1Ozis.oupsikDwF2Bm-sLWCnxuobCA_ai3k7YcBIf4f3mdVyI&dib_tag=se&qid=1756097341&refinements=p_n_g-101014971069111%3A119653281011&s=electronics&sr=1-8224,https://m.media-amazon.com/images/I/616tI7f6jTL._AC_UL320_.jpg
G.SKILL Trident Z Neo Series DDR4 RAM (XMP) 32GB (2x16GB) 3600MT/s CL16-19-19-39 1.35V Intel AMD Desktop Computer Memory U-DIMM (F4-3600C16D-32GTZNC),Computers & Laptops,,G.Skill,/G-Skill-Trident-PC4-28800-CL16-19-19-39-F4-3600C16D-32GTZNC/dp/B07WTS8T2W/ref=sr_1_3084?dib=eyJ2IjoiMSJ9.zIHHsMmzLgpDMw-Bk-FrE1WiMnOhoihtjvhN07laWaNyQlxd0848H27R9H-tDcNuT2vLjTwNOSkqF0mE5yEX6-G-lx3_itc7RQhtWX_xzuJFTk6U0QUWwaZHLG425qzkIbKhs5z4nQlcETuKrDvooR5zx4_4a5Spu-tn4dvExbn6nnrVNGifsOUGNFH3gOBbshEo9HC54SM7ekINJ-v6DnyQC5RarP_S7bh4y0-Mm6MY_B8Duw5wsoS8sidzVyGNnhomIJMQ5pe7jrfXh5tm5b5zj80M7AkFnTqc9HgOPEc.eSYXTT6Zk3yvVG-JF06fyHYyC5QeN9QUAsmijdBsJAs&dib_tag=se&qid=1755801680&refinements=p_n_g-101014971069111%3A119653281011&s=electronics&sr=1-3084,https://m.media-amazon.com/images/I/71w2mY6QwSL._AC_UL320_.jpg
"VIVO 1,000ft Bulk Cat5e Wire, CCA Ethernet Cable, 24 AWG, UTP Pull Box, LAN Network, Gray, CABLE-V001",Networking,69.99,Vivo,/VIVO-Cat5e-Ethernet-Cat-5e-CABLE-V001/dp/B0092TG310/ref=sr_1_5982?dib=eyJ2IjoiMSJ9.FIDtYJT9knM7S5NFrV1HhGjG7fNr2EA_rKuJ11sPZ0zQVlz6K7Rkb9BTkpv4VTKjNMr1jfzl5GgV3Zz4DVFJoiFW_lRQ7mHNd6ixA-93XE50H2pDg8I1USOcyPOVxxTszY8BeGTUJNakB6tBWS4UDXkyDW34Zx6QaWZf9xIaR-JsY1MwtMbcaDvtqlrb0lSwXc1F2iuGWZAaO02FKa6I0FzZx8CuLgldmQx61t2OuHhR1mBYEbZTr5zJ4dxzZO2xgPCWHLnuSPN9apZeoHlh1F5HE5HQwUiydJC9s7tBBZs.yLQ5azbWBKBu1G-JpuNlQwQxELLqTFSo_EzXS0OocPQ&dib_tag=se&qid=1755803193&refinements=p_n_g-101014971069111%3A119653281011&s=electronics&sr=1-5982,https://m.media-amazon.com/images/I/717TSMbrjCL._AC_UL320_.jpg
"Panasonic Headphones, Lightweight Over the Ear Wired Headphones with Clear Sound and XBS for Extra Bass, Long Cord, 3.5mm Jack for Phones and Laptops – RP-HT161-K (Black)",Audio,,Panasonic,/Panasonic-Headphones-RP-HT161-K-Lightweight-Long-Corded/dp/B075LT8YLR/ref=sr_1_907?dib=eyJ2IjoiMSJ9.nutMgKMTbNTvWtZzMWgnojh7DW3YRt_NcFxlU8arQirRzMIFm--kacPu_A3gOMKrAgOk2R70d2GHkoSjNpdWzifqBJfoLOL-zONRVqWjXdAWHaHIwc5Pnb_vmDo4i0gQlSBhwWAzNisRvZyVcmo1OqbBYnjLYRWCtnN_7Mg8KcbD6QgsRu2L0I25-7NvieIkpIsxa_4RAUtglaFYBYsE9J0DaCwrd7Sgp15d17rPn4ApCkUbaL-5qRAXlQ34W1549zgj527WiXI6Hfu6VjOaCpIapDKTdDuDRnEC-lD6yQY.ejwYl-EvRKya13IZmsUoEar8rU5TFLY8snspnEraTfc&dib_tag=se&qid=1755800547&refinements=p_n_g-101014971069111%3A119653281011&s=electronics&sr=1-907,https://m.media-amazon.com/images/I/61gElFQPjOL._AC_UL320_.jpg
DYMO Rhino Industrial Flexible Nylon Labels | 12 mm x 3.5 m | Black Print on White | Self-Adhesive | for Rhino & LabelManager Label Makers,Office & School Supplies,,Dymo,/DYMO-Authentic-Industrial-LabelWriter-18488/dp/B0001DHHIE/ref=sr_1_9030?dib=eyJ2IjoiMSJ9.-VCyOrIrwX94tC7yI6Z_sKc7BbL2SgoI5CsAx-_p5ESgX3souzsqBThsuru7_aP_yWcKIAgES75esIdAQvLt7HbJa94lsYrdoOpMhDF99T3OYArhJiNTibvqfoU-a6frDNg4ypjXWVU1SgZPgv5UrekQMTbbr0FxpDJjup6QqZbciyVTeyY-kXp784Qmiv2phx2EXrLndCLRx6SLNYeE_DNtECOuNW1agwA1xx5IwsShWVHB7KrLy_5PY_-JXMQGqpz15LkX2BncbTIjiIrEsfzmgdXElB0c2OQqV0867LQ.4E65eTUjxgkKRZzev1e8tUHk_FQViqgB3wlgeTxBRQ4&dib_tag=se&qid=1756097787&refinements=p_n_g-101014971069111%3A119653281011&s=electronics&sr=1-9030,https://m.media-amazon.com/images/I/71iPQu28RSL._AC_UL320_.jpg
FiiO FT1 32Ω Large Dynamic Driver Headphones with Solid Wood Cups,Audio,164.99,Fiio,/FiiO-FT1-Closed-Back-Headphones-Detachable/dp/B0D9QD4Y2P/ref=sr_1_2253?dib=eyJ2IjoiMSJ9.FFZKftGA8r2WwRkurOemF0FyM2fwNK9_tUQbSFHk8g6V_FzOZOOAgVP6fyYsWUFoLzJmjwV_GaGSZxRSzWaYCgceSIJLrfT3muTU9Gr-p7R_L_OV3sdggxjxSPVmYwTihOx-XmBGSfhY7Ixtu6ADl51Qhon8MIDpgTADDoCewE4B09B1cP3XBFB6TGlEvlod8an8GYXyTSX5l_dWjH7qETWfrS_gbmjiEtgmNWLRROPKEblt_99vGJAwlG5uPBFtdFHwJdk3MDNcOyNO7AvHBR8s17nUSKynu6Ll4F3GWkA.IygVFfysZ1qSOvESvAqL7kqwtRQ74hchQXnR0eFAK_A&dib_tag=se&qid=1755801243&refinements=p_n_g-101014971069111%3A119653281011&s=electronics&sr=1-2253,https://m.media-amazon.com/images/I/51JfZINLCkL._AC_UL320_.jpg
"Brother PTE110 Entry Level Industrial Handheld Labeling Tool Kit - Up to 12mm Labels, Orange",Office & School Supplies,61.15,Brother,/Brother-PTE110-Industrial-Handheld-Labeling/dp/B074B4112Q/ref=sr_1_6898?dib=eyJ2IjoiMSJ9.17HoKoBhK-UqO6vlA3bIWJz-fFkcZ2oPcluDLcPpKOt3Yht-Xc0l0s3gfuyJRXreIoxpN57NqEb-iNAkwfVIcFfszDidoseBG5IlsQBMZa1XibGdty2hzxzI5J2gxc5hTGsEC9FElaBCPAHwQQ54gE8kRfkqlQu2MijA3W-UdL7Vzzkf_PGfm8zRVHXzVh9_y1n-poIjL93lXKtQif6Ky33CD6DPhjltI4Xd9b0P9TrpVTeRUNLcXTczSMktXJ0Yy5jfY3cLENGCwSBVOwDrB8P6dyntkVcHzXNCxfew33w.pG5869exT6NpJrCkqDFE_rrLGtQbpNjJHap1G9xYKOI&dib_tag=se&qid=1755803659&refinements=p_n_g-101014971069111%3A119653281011&s=electronics&sr=1-6898,https://m.media-amazon.com/images/I/71+ebQd227L._AC_UL320_.jpg
Brother Printer LC71BK Standard Yield Black Ink,Printers & Ink,,Brother,/Brother-Printer-LC71BK-Standard-Yield/dp/B005S0YXEG/ref=sr_1_7832?dib=eyJ2IjoiMSJ9.FqB3aAr51u1UB8cHB9AYdTqthAnnDGG3acLG2zO3GpMZfCtKSV-SFW3R00bXSOeibxWxyytNjM8vSCPJbETq9rBYb5yX9yo0z2gIwAWuScG2JpfTuS3SwZCP8McgBpHakTGWPCFfaWg1TYDsktj3Kat2ttxBK7bjhZGpcKXnpLgi-pPNUeqxsg3I63r-RckhYJu8Rc9b_dVBwLCtREOeQ_jLF5iDWNgTGKZMgROoTbjKzjkQLvGAe9bkw8qWRdtoAVhqwBoyO-qRDW_XyY5yq3RHqVYUj_jH1A_EaCpiacw.ysZMgK2mcPJAjxgadeNI1zN1KhajrVcmcAobR1fY58o&dib_tag=se&qid=1756097125&refinements=p_n_g-101014971069111%3A119653281011&s=electronics&sr=1-7832,https://m.media-amazon.com/images/I/71fHd6tlAkL._AC_UL320_.jpg
"ASUS ZenWiFi XT9 AX7800 Tri-Band WiFi6 Mesh WiFiSystem (2Pack), 802.11ax, up to 5700 sq ft & 6+ Rooms, AiMesh, Lifetime Free Internet Security, Parental Controls, 2.5G WAN Port, UNII 4, Charcoal",Networking,338.5,Asus,/ASUS-XT9-Tri-Band-WiFiSystem-802-11ax/dp/B0BHL6PXQT/ref=sr_1_5726?dib=eyJ2IjoiMSJ9.g5n32y1SnPlE2qPrPt9Cfn4ICv1kF6WM-xr9-sLL8mp_IlPRiymW7eCzZoEJF8EAWwG9Y7p6Qh3Hz-p4b_OuLYcZINpkFISrYjXAUfqR6WHtufRxbl3OKJWyaN0jxvJYomeRKr_dLUvSSA_JbLFm2e5c06i7I8iDipyZgHHqnWsIsQhdVT7rKvHLfdbF76cu6AnxYVjKDfr7CqZC8DB35_h0XNrBxZkhj0mJnXDkIGO_w-bLmeMeQvEubm0c_2tM-f32RDjJMrt0kA9qTzWe8ZpZuCsZIG4rPBmRSda0DqU.InwcldcJSryjCawr4wgMqyQ8zYHbSyhZA_8lNt5-6Ho&dib_tag=se&qid=1755803060&refinements=p_n_g-101014971069111%3A119653281011&s=electronics&sr=1-5726,https://m.media-amazon.com/images/I/81ahYdW373L._AC_UL320_.jpg
"StarTech.com Standalone Hard Drive Duplicator, External Dual Bay HDD/SSD Cloner/Copier, USB to SATA III Docking Station",Computers & Laptops,100.0,Startech.Com,/10Gbps-Standalone-Duplicator-Dock-SATA/dp/B019Y4JE22/ref=sr_1_8219?dib=eyJ2IjoiMSJ9.g2SYPV1CM561UzvuDKQJvJfNWQsJNTyrmxhZjgzSDrCr2PJAVSmYb6SILt2QyOhF-m38Dy_rbCPiDJ21XYWHdjZJ1hBy41UZyTmxpyq5vAzcZC59Ksq7A31WsQ3lPZ4Nzl1OtCoN7pk21ib2E1FCazvNrBo5Q7nmyQyTVvPf8JYSy0YUMCUj_htZPEUPNmGEhpAJkVkkf20oFi_l87nIMnbLtmgTg6TVaHjv-PQT0gls-MiDd_s5IoQqdGpZz2GCdiIEN3MBndnaAD7W_fH7G2DYCw8uX-lzpr7SPm1Ozis.oupsikDwF2Bm-sLWCnxuobCA_ai3k7YcBIf4f3mdVyI&dib_tag=se&qid=1756097341&refinements=p_n_g-101014971069111%3A119653281011&s=electronics&sr=1-8219,https://m.media-amazon.com/images/I/616TiLBF24L._AC_UL320_.jpg
"Hisense 55"" Class U7 Mini-LED ULED 4K UHD Google Smart TV (55U75QG, 2025 Model) - QLED, Native 165Hz, VRR 288, Up to 3000 Nits, HDR10+, Dolby Vision IQ · Atmos, IMAX Enhanced, 2.1.2 Ch Surround",TV & Home Entertainment,,Hisense,/Hisense-Class-Mini-LED-Google-55U75QG/dp/B0F22F1VLH/ref=sr_1_4764?dib=eyJ2IjoiMSJ9.M7K3hMtP5BZpn5Nbf0wkagYZoY1lmgoDoYCGS3ebmsg4vsUEQvqLfIwwdX64-eZmok_ZgiC8mgOY97apwDdXaw3gEuDIWgB4ZYPJPfU_yUve4sgv2kaWTigQIZbBzTbc0rrU5l1oLK3vvRqqjPdQp1ajHcTMxkI4wtQcBj1pnfXjm3686LLDjI0CvYHS_91YBKQ8tNqaoa4W_xiM2GOv7Ve63oKbCfpc_ysBPOaiDLQlH6YLcCmrQiyxgINki7fWONK11FGpvgGi-Csb-IRVFnK9-v4YqnLzdCoN8Me3mm0.6vAmWvzKgCyxqNekLiLFxCt6FT_77F2yxzLkcBVZeA0&dib_tag=se&qid=1755802556&refinements=p_n_g-101014971069111%3A119653281011&s=electronics&sr=1-4764,https://m.media-amazon.com/images/I/816gMgK4XtL._AC_UL320_.jpg
"Elgato Wave Neo – USB Condenser Microphone, Tap to Mute, for Gaming, Streaming, Meetings, Voice Recording on Teams/Zoom/OBS/Twitch/YouTube & more, Plug-’n-Play, Works on Laptop, PC, Mac, iPad, iPhone",Audio,89.99,Elgato,/Elgato-Wave-Neo-Microphone-Plug-n-Play/dp/B0CVYHHPX6/ref=sr_1_7438?dib=eyJ2IjoiMSJ9.2h4mR2soMeodmMe5ccphCdIqPkkCkXpZssXI9mBKlLFTLM7cOG6UsQONjpZY4w1RVQeWpIfwvZ48Z6uweZV2xrktXXKoUE7ovKeIeUs7u2riZiS5TG6ydT-LJw-Xc5OVpHacOUCylfVbJSBfjdnsHbs017swSv1DkmDwVwrJPjuk_JilOI3p4H-7Xu9IdQoi2qF73NTUlXIZxDd2JcSeHnD9PBlZ1GRwRbB7zcmsEfz_N_CgimoBeCjn9sJLmDDjTfQxriz1h6fFwLUpWhoUbCMw1xICQHsaOT66Pn-BB60.Rvo4cV3HL7SBHGB9MbIyotVgslEfGdrLi_njSftxTs4&dib_tag=se&qid=1756096901&refinements=p_n_g-101014971069111%3A119653281011&s=electronics&sr=1-7438,https://m.media-amazon.com/images/I/518oJ-D7zkL._AC_UL320_.jpg
"Canon IP8720 Wireless Printer, AirPrint and Cloud Compatible, Black",Printers & Ink,298.99,Canon,/Canon-iP8720-Wireless-AirPrint-Compatible/dp/B00HM0IV52/ref=sr_1_9355?dib=eyJ2IjoiMSJ9.fdsegf8K_18QlxyVgM0ZPwt4MCxs6kVyMOBFLTnSgQJ9W3pb4wVX3HFYKKZutpHKGmubUI_1fGrVyR9qctT_Ov1MyLaMUayywmREYyyDulelPI6Ii5u9btd3_BvamFr4OM30-JCkmKjiTuuF7jlwWOo27AUBY0LZAPmnSJIv6ETlchquz76FjJwzJsuyYo4lxFG62NxcsjSt_LL9tei_WCWyoHprzowVrXnTGhwsEZmSMo1u-FP8anOMgqifF-Tjt4iQoA3GBZnP86oP9EXTjQ9yemiQkjLqtiAU7vuBewY.EWMbqcf29uWKl0tWy_Y88BawXAnMJYBSoLYVUQELXYY&dib_tag=se&qid=1756097945&refinements=p_n_g-101014971069111%3A119653281011&s=electronics&sr=1-9355,https://m.media-amazon.com/images/I/71tO-xleuRL._AC_UL320_.jpg
"Logitech Rally bar mini and tap IP Bundle, 1920 Pixels x 1080 Pixels, Graphite",Other,3599.0,Logitech,/LOGITECH-VC-Rally-Mini-Bundle/dp/B0B18LR5NV/ref=sr_1_9028?dib=eyJ2IjoiMSJ9.-VCyOrIrwX94tC7yI6Z_sKc7BbL2SgoI5CsAx-_p5ESgX3souzsqBThsuru7_aP_yWcKIAgES75esIdAQvLt7HbJa94lsYrdoOpMhDF99T3OYArhJiNTibvqfoU-a6frDNg4ypjXWVU1SgZPgv5UrekQMTbbr0FxpDJjup6QqZbciyVTeyY-kXp784Qmiv2phx2EXrLndCLRx6SLNYeE_DNtECOuNW1agwA1xx5IwsShWVHB7KrLy_5PY_-JXMQGqpz15LkX2BncbTIjiIrEsfzmgdXElB0c2OQqV0867LQ.4E65eTUjxgkKRZzev1e8tUHk_FQViqgB3wlgeTxBRQ4&dib_tag=se&qid=1756097787&refinements=p_n_g-101014971069111%3A119653281011&s=electronics&sr=1-9028,https://m.media-amazon.com/images/I/51veT1ift6L._AC_UL320_.jpg
"OtterBox Defender Series Case for iPad Pro 13-inch (M4) (2024) - BLACK, Rugged, Durable, Multi-Layer Protection (single unit ships in polybag, ideal for business customers)",Phone & Tablet Accessories,103.99,Otterbox,/OtterBox-Defender-Case-iPad-13-inch/dp/B0D3JBRZ3F/ref=sr_1_13876?dib=eyJ2IjoiMSJ9.mKH3jgFLYt3a4UE6uDmKxWVMGMVEHXNqUTC9hBKv-axAK2YgqIhF2tcbTJp410_0io476k1K69ajw-trdB8YFEihvMbJSrvmaawXRrC87PEoOfEDymeIZlaHL9bNOISRqdsg0UAgtEdgg5NdCLfokEAdKZO_uIC7foiGdCnL9fC4H3gwwtXnStikp8dWohWoA1H51ZBsO6wCtL1jdGuISzPvGwzioL0ah32j-x07jsmp6ifB7yIdy_cGB4whFzIcWS3pZ67eDdebtPzwbWaJ_G3cf0W6AhmQb9JWnIBoD8g.n2igylaVV4dbRgdLaSl7P45BmIWZB4a8bx03o3Cho0M&dib_tag=se&qid=1756100398&refinements=p_n_g-101014971069111%3A119653281011&s=electronics&sr=1-13876,https://m.media-amazon.com/images/I/71jxFxOUfQL._AC_UL320_.jpg
"Lowrance TripleShot Skimmer Transducer for Hook Reveal and HOOK2 Fish Finders, Black",Marine & GPS,,Lowrance,/TripleShot-Skimmer-Transducer-Lowrance-Finders/dp/B077PDL4DQ/ref=sr_1_6836?dib=eyJ2IjoiMSJ9.HfxMQGH5jQ5S4hJE1nK5eyvcTTh07-TZiThkZtk770NMk5a7cigeVN9rQ_YvPeZKoaQCU8wjdj9UskE4ZlP8rV_QVOhOz-TMjPdaGobUU2sB2JJTveW-q573IYeJ7iFWJNR19RlPpklbsSo5KsZGykbMT8Cm2Go0QRBKlosnSLEIcWlGGUVMSNBzKX9wtWH45zdVt9VGn9LIsyu5O12oLfB1kzg3pzWKi29mrHgJv162nKFmbf3HV4ifkEdJwbmGxzwv5fLju7uRHfcyWXGUzSG5BjZzOyxGlMAyl2iDdYY.Ga7D7KQYo1-41WRECx8Hii63Wi4QIwwZlDNJ8OOkreA&dib_tag=se&qid=1755803623&refinements=p_n_g-101014971069111%3A119653281011&s=electronics&sr=1-6836,https://m.media-amazon.com/images/I/71KODZZcRKL._AC_UL320_.jpg
"Goodyear Retractable Extension Cord Reel – Heavy-Duty Commercial Cable with Triple Tap Connector, Auto-Rewind & Wall/Ceiling Mountable (Enclosed, 12AWG x 65 ft)",Power Strips & Surge Protectors,,Goodyear,/Goodyear-Extension-Retractable-Commercial-Connector/dp/B0C1HJKZ4C/ref=sr_1_9435?dib=eyJ2IjoiMSJ9.FFAMpNQHBJSS6HymLlypFq2y3n_8eHbtAqYAqRCAaKGsVhbeoLxM2T39-ZrldChhsBOB6_SPuHhMrZIaUr0ZdH5Nutr5HPisUlEcCXOfcvW-I926HVA3jwV7GOZv-FrLtXq7aHZJWOfGfI433IX_MzM1csKtbse8MBIMU0jjtbRgs_4VmhZfP3XKYAr3pNQg9UbfiOzNr0OB3cb0s3mAHmkRnnmZS0jZmWlQst6rN2aS2AhGflqwSxRXyDWLa-WtKOyBcRtXvkH4iS4a1gJeFmbR0ymNtuaELfGgon4vI0w.uAOuq6YBE9WSN5mD5B4TKKCvTV-m-4NcoHEG_bEDats&dib_tag=se&qid=1756097995&refinements=p_n_g-101014971069111%3A119653281011&s=electronics&sr=1-9435,https://m.media-amazon.com/images/I/81GX3zUHYpL._AC_UL320_.jpg
"HP Victus 15.6 i5 Gaming Laptop, 15.6"" FHD 1920*1080 144Hz, Intel Core i5-12450H, NVIDIA GeForce RTX 3050, 16GB RAM, 1TB SSD, Backlit KB, Touchpad, SD Card Reader, Webcam, HDMI, Wi-Fi 6, W11 H, Blue",Computers & Laptops,,Hp,/HP-i5-12450H-GeForce-Backlit-Touchpad/dp/B0D841QS9D/ref=sr_1_6220?dib=eyJ2IjoiMSJ9.Y1mmiLccTSkaIi4S7lP3gS3zN_eiH3Fb98kjdu7UNT_7rsOZXAWYBCrBifGPDIZ9MMEu-qXADJ_y_aCriTPTWGIW1_IHZxpuirjCkxYigPZNOV0IX-OXOyeLAAqdbpaZbxQvxNfSF3wkOXHEjgEfCOEOSTpGUO1Yn7Z1VIy1y77BLKs-n6Q4miVyTovBcSdEvK8YNDgULeTlKYeA9okD0ongRXU9qAdOeTZ703iCwN3B1GO0BJJRgW-tRp8uycPSD-5cdATI7FtsbqPLmn-eQj9wHrfXS5xKLn-GTutNMQg.P3fvzG2T3pB3T-PtNM6n4C8qQVicrWILjfGrnIlDRfk&dib_tag=se&qid=1755803319&refinements=p_n_g-101014971069111%3A119653281011&s=electronics&sr=1-6220,https://m.media-amazon.com/images/I/71DHV9GZSOL._AC_UL320_.jpg
"NETGEAR Nighthawk Dual-Band WiFi 7 Router (RS200) – Security Features, BE6500 Wireless Speed (up to 6.5 Gbps) - Covers up to 2,500 sq. ft., 80 Devices – 2.5 Gig Internet Port - Free Expert Help",Networking,,Netgear,/NETGEAR-Nighthawk-Dual-Band-Router-RS200/dp/B0DG6DNF94/ref=sr_1_3253?dib=eyJ2IjoiMSJ9.p_ATIAh7nwg_HSegqwRGA96GSr7LKzzwhds0o12q7_oCU7LjHe5662VEcf9o5AFHHAaxS3Kp4X9ZTaHxp-jFDSDaD7JmVe-wX7sB8tilnetNE_idm8ImWXK91IFte75FQywPE3uiER7vJ8er6hcla2DEZfz89xOpPf1aQuBIp0GbtP3nDsrTN4i0f6pjLNGXfILyRb08O4wKYXuanT8i66NzWYetTfHnkBKfuzc8MCMattod6MhtU_ZPVnUP16HPxTURQtlptfdHyyvIN7Tj6xwr1eeKohtE1-01w_ve8UM.I6QXPBRtVRNz54xrxgX2VFUtCKOxCm3W2jQWJFsfljo&dib_tag=se&qid=1755801766&refinements=p_n_g-101014971069111%3A119653281011&s=electronics&sr=1-3253,https://m.media-amazon.com/images/I/41chWArh+bL._AC_UL320_.jpg
"EPSON 220 DURABrite Ultra Ink Standard Capacity Color Combo Pack (T220520-S) Works with WorkForce WF-2630, WF-2650, WF-2660, WF-2750, WF-2760, Expression XP-320, XP-420, XP-424",Printers & Ink,30.85,Epson,/Epson-DURABrite-Standard-Capacity-Cartridge/dp/B00NFSDTSE/ref=sr_1_3772?dib=eyJ2IjoiMSJ9.bYwVDsybLJMR97JGlcyDL_FI2iBJ4u40-J7sXqzYjjTSei4663pzpcPJul5256cSG5eSlT_3XwGH322XLIMee7cUFHpkb7X0kL4iyjCqyRPbt10Aa-3SSxSrmDn9OSpr5zZ-NLK3SuO8x3yBogJ0rL0XW4NNey2LvtgVfxneR-S978gMADHPgRH-N8c5x-OzGjhwrpdM8RB8LABBeajUrYEvSSiYlcjOGpXT9Yv8TH0VjmCkKoL7IyfYGshDp5qy4P5ecc02DYcqj3X-VlN6HAfoi8BCjpX9qiZ7FkFhQJU.aN46o0aHTfcNBA5m4SnBIhuKq4zCPWFk41qD2OTV1g8&dib_tag=se&qid=1755802027&refinements=p_n_g-101014971069111%3A119653281011&s=electronics&sr=1-3772,https://m.media-amazon.com/images/I/71FgSIfB31L._AC_UL320_.jpg
"APC UPS 1000VA Sine Wave UPS Battery Backup and Surge Protector, BR1000MS Backup Battery Power Supply with AVR, (2) USB Charger Ports",Batteries,,Apc,/APC-Sinewave-Battery-Protector-BR1000MS/dp/B0779KYKLB/ref=sr_1_3185?dib=eyJ2IjoiMSJ9.SXfvfz5eZMVQEn6HfvbB8WNhm3a1k-09PFK8HMEw_BAAksD1EaXDubo7GLAA55uRZdLi9Vff8QxrO6Nb_arPARZ8gztDGMUFL3BUi41YqgfeA11eqjTFBWpsXeoo7Gt4KU5tlV_38gg__S4aHuxHxAkIV68P1bvFj7xyrV2Q9JKLzSlh4IzSRm7AyRp0ZK3g3wj_YGb5RDDcRvjdblFIC-kTKw0-e3-sE4CHaYDjgNnECJ8cqUqPnzkQZqK0XgAC2W43Tn9oepQjcvFfvLiK60c34O1a9XxQCkO5ZAOqnJc.kVuieb00xAiH9LAdVlY2B3mnaQrO_Ln76SgyIBYFnqE&dib_tag=se&qid=1755801729&refinements=p_n_g-101014971069111%3A119653281011&s=electronics&sr=1-3185,https://m.media-amazon.com/images/I/61t9b-h4r3L._AC_UL320_.jpg
"Amazon Basics Expanding File Folder Organizer with Pockets, Letter Size, 3.5-Inch Expansion, 25-Pack, 9.5 x 11.75 Inches, Brown",Office & School Supplies,23.4,Amazon,/AmazonBasics-Expanding-Accordian-Organizer-Folders/dp/B00V5DG2J4/ref=sr_1_1091?dib=eyJ2IjoiMSJ9.pqFd60mKbPThLJWJ1T3tkut6AfdSis9YUoc5FVfVhePl7BuUdvLpSdshV4arvaDKlL-Huz2Azxp__zwdoJD26kWg4xh4AHIkp1-CGcd84eX3lw-5jCNt3B1KEuCW6wuN70_d1mni9eTZOxeUILKhqqF2cuudSDbO1Img6AvAK1KVaW69yKOTkxl1JwPYlOr0x-2an43L3r33-OF9-xp_6yP4Tzj28u8-w5pDWTLBlZ0AJ_tgDvg_cBAazjr8r2HJ6NgLztI38J7HFhjUIxhZ-FFeJRY5mruNPuv7JyTf3Lg.GcrhhC-nDNyYdBkcmmKKSukiIHYK_7BfdByI0AYCjs0&dib_tag=se&qid=1755800649&refinements=p_n_g-101014971069111%3A119653281011&s=electronics&sr=1-1091,https://m.media-amazon.com/images/I/91iQ+HvfmcL._AC_UL320_.jpg
beyerdynamic DT 900 PRO X Open-Back Studio Headphones with Stellar.45 Driver for Mixing and Mastering,Audio,,Beyerdynamic,/beyerdynamic-Open-Headphones-detachable-cable/dp/B09G777VG7/ref=sr_1_4751?dib=eyJ2IjoiMSJ9.v_9_XBemfo1stbh7tYoj1hsKTagxD0TYWvWBei_X6OMB6I-8bD16CpWkFZ5CXLkvDKF69BPiJrs50IQ-pHI1RjUO7IkJkA1YE1CkzyTmxBy1H5GZnBEu4po8ZEG_bJ8mJnPmaaRkMS4LxYyBdpa5OetinialqRlsFtCQnFgNinwWwt2C8pRemoO9qD9Tn7GEo16lq6YHI55x8y7WFTkyDca3O3Gxd0sk5qinTyAv-iGOU_6XGqRJayYSemzRz0RgrGb86VxIyPYJctjr166ovkTs0qUHHBt5ophln81E6YE.HoTOWbSF7K33jddAM3w7PEfVgf70aZOImcOX8WRTyos&dib_tag=se&qid=1755802544&refinements=p_n_g-101014971069111%3A119653281011&s=electronics&sr=1-4751,https://m.media-amazon.com/images/I/61mv8WlwPlL._AC_UL320_.jpg
CORSAIR 4000D RS Frame Modular High Airflow Mid-Tower PC Case – 3X CORSAIR RS Fans – InfiniRail Fan Mounting System – Fits Multiple 360mm Radiators – Reverse Connector Motherboard Compatible – Black,Computers & Laptops,99.99,Corsair,/CORSAIR-4000D-Modular-Airflow-Mid-Tower/dp/B0DPJ9K8WK/ref=sr_1_2339?dib=eyJ2IjoiMSJ9.e9efhJilcOp0-r_e2T3bq3nQ-J3yKx_dptRbNqzWAMdcPw9nU8S3a4DENKNVioLCVCciy0Vy4W-LgTbhQAEBXZv5_Y-p47KxE9qsKCr_Vwmf3v59-722xwOV6LGWa_GYblmlDsj51BWHohvKm6Izt-8wGWRap3xuMu9ygJ9ZRqqV9chJmgx477CAbMnYkSkOgonjXBQsL8OSNDKqBF-YZlBXARfRcuBsm0DbUAebTfhtqTr1g3eRHl0YyYpm8_nooAIGMk8xsMo80_54XKkQSPNNxpiPZJrnhZ50Z8ZEgwI.brB6gAwUYl7zkT4Ah8KkdFtfyQ25Ax04geELA1M_Kak&dib_tag=se&qid=1755801292&refinements=p_n_g-101014971069111%3A119653281011&s=electronics&sr=1-2339,https://m.media-amazon.com/images/I/61tst5iCRHL._AC_UL320_.jpg
"OtterBox DEFENDER FOR BUSINESS W/ KICKSTAND/HANDSTRAP for iPad (A16) & iPad 10th Gen V2 - BLACK, No Screen Protector Included (Single unit ships in Polybag, Ideal for Business Customer)",Phone & Tablet Accessories,49.99,Otterbox,/OtterBox-Defender-Business-Kickstand-HANDSTRAP/dp/B0DLLKJZ76/ref=sr_1_6655?dib=eyJ2IjoiMSJ9.vQc3xhqPgCSjZJ108z8FR1XknHTPoBwuTX2_s49g6KxSN1DYSxICZ2CItXvyyvgrNsMJ-1cVAykGDHGp_fIE2Xf91Cd60NGp6l_0US3Yno2vIDRuxfFKR5uDt63IK1sx6qG0KK3b-vJ-dG4u-w5aqJ-xZefs049R99J6juFqR_iC1L85r5NiwkD3WqDbZGSN2Kd2UhC77HTCKvJA7fGYGO90vujFSsTSd4mXPSnz6oS6qLvCfGKHShkSVk-8grgSWP6kJtMsYCOvLd9R_htA5hz6P1uxKMJfr1We-29Knso.8NS5eeYhIA55mkiQNixk6B9JBULU7czxYasXRQWiyDQ&dib_tag=se&qid=1755803534&refinements=p_n_g-101014971069111%3A119653281011&s=electronics&sr=1-6655,https://m.media-amazon.com/images/I/71enNmVCVYL._AC_UL320_.jpg
"SAMSUNG Galaxy Watch Ultra Trail Band, Smartwatch Replacement Strap for Men and Women, One Click Attachment, ET-SVL70MBEGUJ, Dark Gray",Smart Home & Wearables,79.99,Samsung,/SAMSUNG-Smartwatch-Replacement-Attachment-SVL70MBEGUJ/dp/B0D1ZB16T6/ref=sr_1_6903?dib=eyJ2IjoiMSJ9.17HoKoBhK-UqO6vlA3bIWJz-fFkcZ2oPcluDLcPpKOt3Yht-Xc0l0s3gfuyJRXreIoxpN57NqEb-iNAkwfVIcFfszDidoseBG5IlsQBMZa1XibGdty2hzxzI5J2gxc5hTGsEC9FElaBCPAHwQQ54gE8kRfkqlQu2MijA3W-UdL7Vzzkf_PGfm8zRVHXzVh9_y1n-poIjL93lXKtQif6Ky33CD6DPhjltI4Xd9b0P9TrpVTeRUNLcXTczSMktXJ0Yy5jfY3cLENGCwSBVOwDrB8P6dyntkVcHzXNCxfew33w.pG5869exT6NpJrCkqDFE_rrLGtQbpNjJHap1G9xYKOI&dib_tag=se&qid=1755803659&refinements=p_n_g-101014971069111%3A119653281011&s=electronics&sr=1-6903,https://m.media-amazon.com/images/I/81IoucBu+gL._AC_UL320_.jpg
"Lenovo Tab M8 Gen 4-2024 - Family Tablet - Google Kids Space - 8"" HD Touch Display - 2 GB Memory - 32 GB Storage - MediaTek Helio A22 - Arctic Grey - Folio with Stand",Phone & Tablet Accessories,80.9,Lenovo,/Lenovo-Tab-M8-Gen-4-2024/dp/B0D6X4MKFN/ref=sr_1_7498?dib=eyJ2IjoiMSJ9.R9s9iwRwd6AnZGoggDE9tzf-jgjTHQ5TfzYWhZUnrtHJuZVOva5LLEsIeYxB31u_Jt9mIR-2YDDBGx9Mpm5-AitA8hW6Zcv3GeIoI3oR7J3QAdd5FhN3LZISgqetDYS4MBqitfcGaeceklCC0dIV5r0m99H5Q6FmpkcZhIuvaUF6xqk30JYLlVoilqQnWyiF9Sre1t2JEyG2QWphWUzYAl2nrAuw2TWxrtKIKTNXGWDrIKVDSMv4ElG6WAJy5rky9yAYYEwCKZxjJ2U7zFIhPQGY9fYJ9XIwfpeWvEzIXkk.ooqXlEI8Eh0bLxS_oM0MKoK_1DNg-MdknpghPzUKApA&dib_tag=se&qid=1756096938&refinements=p_n_g-101014971069111%3A119653281011&s=electronics&sr=1-7498,https://m.media-amazon.com/images/I/61sgyxdz2IL._AC_UL320_.jpg
"Baofeng Walkie Talkies 888S Rechargeable Long Range with Earpieces for Adults, 16 Channel Professional Radio Handheld Two Way Radios Li-ion Battery and Charger Included (10pack with 10earpiece)",Audio,86.39,Baofeng,/888S-Rechargeable-Earpieces-Professional-10earpiece/dp/B0D91Q6HBT/ref=sr_1_4564?dib=eyJ2IjoiMSJ9.0MxiQ-zVGeYSlLcGHPhqnGiechUt9C7XW8ud52IlJdwjSYlc29__eC8cqkGApawvjFxuFSwO8ZDuBJ0DyE9CYMWpAcgPIGvUf4KxbUV1e9DFz8VD-HjbyBJphIwdMbUZKyjGIxu1ZRwUZnm8SoFKat6BEVH_B2S-F5zuNbYAu_WG0ZscluVtVQCt8QIWMyZ4IsTvlLJZ6UfcSEiUJrIRjQz-7TkHJHbiJDPMCVTxze88UElGHbycV-ogNn3sYGC3SOdT2XAol6dY0ymIhobxVk6bgs5LUmbYqJQsmA90aXQ.0tk_XtSRGbtOD22eCCokfKm07LHclcHyXgdeBse7jGI&dib_tag=se&qid=1755802442&refinements=p_n_g-101014971069111%3A119653281011&s=electronics&sr=1-4564,https://m.media-amazon.com/images/I/81F-EqBhSkL._AC_UL320_.jpg
"UGREEN USB C Extension 10Gbps USB 3.2, USB-C Extension Cable 100W/4K 60Hz Compatible with iPhone 16/15, M3 MacBook Pro/Air, iPad Air 2024, Galaxy S24 Ultra Switch Consoles etc. (Grey, 1 m)",Cables & Charging,9.49,Ugreen,/UGREEN-Extension-Extender-Nintendo-MacBook/dp/B08NTCD6VQ/ref=sr_1_7529?dib=eyJ2IjoiMSJ9.87RuYDXUid1Z7PQ596adF8ruAfme-XE1eUt9ZVBi40XsrK1XwLEuyYOCPlPPNsmWALbBxMII6WrC6QQqno5Lb8CA-DBNhJEEgF8nTC8-LqMZ-kTBL8wTXx8waRCurVPE05G5u6Z3N0FdYsAYtZ9tinR8LihsQRNdY1dHvEvezcwRejWxDP6kjPXmPDFn9bX4RqkjscpM0-4xRmEqTfxLJyMXS4Z1hVjIi3pdj4fI9fZcNGbx9LDTpYdjyEyhjtClcSqEEfMYe2wxe0YbR65JpzXgqAmcOhZnyjjPBJ88t3E.lhWDYIeVhUT1UWnR4WJEZXDqEp875vnuqWW-hmQbSRo&dib_tag=se&qid=1756096952&refinements=p_n_g-101014971069111%3A119653281011&s=electronics&sr=1-7529,https://m.media-amazon.com/images/I/71AZBiR0G0L._AC_UL320_.jpg
"Seagate Expansion Card for Xbox Series X/S, 1TB Solid State Drive, NVMe (STJR1000400)",Storage & Memory Cards,149.0,Seagate,/Seagate-Storage-Expansion-Solid-State/dp/B08K3S6WJM/ref=sr_1_533?dib=eyJ2IjoiMSJ9.lm2tbyOfKCrv246UHu7UNH5r7vER1-8JTf90KBYXWlnAKLiyaJnU5kHcoJd1kptYOaNigIQDQGpYPkdvpX2S0xwhdAPtKjitYuBN7kvMWgfGMk3bXcIBIERFFa8Nvm2lGxfoRramTYw5sjNHOojqvtsJW0a4QpeXdFGo9o42VWNkqV0N6Xa1RaOL9qr2C3G9SgfRLkzdEqc2mMJZ5mgCHA0MFEsUVoBMHY88wAsiP3v9w7B-5RhS_Jh2b2AsAJ2w52JhaIshk2wRuNP691Pygmme1ZGD_cWjQwQfgiP-qfY.70aKal4hKVNIbx8M7302KpiVU3FfwkQADJWEAuSN2nA&dib_tag=se&qid=1755800347&refinements=p_n_g-101014971069111%3A119653281011&s=electronics&sr=1-533,https://m.media-amazon.com/images/I/61MGrHUMWzL._AC_UL320_.jpg
"Brother Genuine High Yield Color Ink Cartridge, LC2033PKS, Replacement Color Ink Three Pack, Includes 1 Cartridge Each of Cyan, Magenta & Yellow, Page Yield Up To 550 Pages, Amazon Dash Replenishment Cartridge, LC203",Printers & Ink,35.49,Brother,/Brother-Cartridge-LC2033PKS-Replacement-Replenishment/dp/B00LGCUPCY/ref=sr_1_1494?dib=eyJ2IjoiMSJ9.LRbwFP9vzyO-J0GYBmgcnoTCUi-_Zt1_7MEa15FoR2a5jRQyUBeK_pUTMZN2jh0nEYsvNt1spQD-Jw0e3vva8JHGv1Nze42pABCNWE9MOGpKs9Pvh7LcX8nzT7v2ocol2E5VPhaCMc5nqUAkpq97M4EKlrPh9bIx40W_GaxoFti9gYPPFB6d2tx4UX_MQ2wfXjwTact5N_8DBL_sZRm7hEVH9ak90DP24HhQfyYt9z7vAaMWE-0p-p0CHx_KYxHg0vhPd_p6-xYA0F-Uz3Brs9JEJRPRp9UKAvaUKuIIjOQ.WXz7O3kJDvtI_RilkYjWtDXKi-qRijcm_kjNGhIdB0g&dib_tag=se&qid=1755800858&refinements=p_n_g-101014971069111%3A119653281011&s=electronics&sr=1-1494,https://m.media-amazon.com/images/I/71tPrB1eM+L._AC_UL320_.jpg
ZEBRA ZD421 Thermal Transfer Desktop Printer 300 dpi Print Width 4-inch USB Ethernet ZD4A043-301E00EZ,Printers & Ink,547.24,Zebra,/Thermal-Transfer-Desktop-Ethernet-ZD4A043-301E00EZ/dp/B09BXWFNQL/ref=sr_1_7149?dib=eyJ2IjoiMSJ9.2HQO49pehoHP4_L7cGsPapFj8326fuEPPh_UrgRKFLiqld7UyElGIxcsx0EZPCzm_13xcpERuVaWX7iIt48kJ-ZvqFaqX38VRdX1F6Og-VRdEfFrjnnO_flgSMyOPWiggzfp9NGeflYJ0K_xWZZEnmP5zdp8Uu-xq--6s8X0knsgIjIqm25OdBwzt0W62m1KEGoj3pPsBzbFnePPXS1JDUglXPiYXafxrzJtX6ztZSrk4vFauOgd--qAzaECfbAUWnsTNaVX40k8XJSMxyWQZYprlJTND36D0yMkE4B4i0E.eMjtGudr3was_dpC_NXMBULlbcVzXHhREKc487YBjns&dib_tag=se&qid=1755803778&refinements=p_n_g-101014971069111%3A119653281011&s=electronics&sr=1-7149,https://m.media-amazon.com/images/I/61+dlGAGK9L._AC_UL320_.jpg
"HP Laptop for Business and Student, 15.6"" HD Touchscreen, Intel 6-Core i3-1215U Processor, 16GB RAM, 512GB SSD, lntel UHD Graphics, Windows 11 Home, with Microsoft Office Lifetime License",Computers & Laptops,429.0,Hp,/HP-Laptop-Touchscreen-Processor-Microsoft/dp/B0D1Q6CK2Y/ref=sr_1_36390?dib=eyJ2IjoiMSJ9.y3E33iRhk0XRdkldMJKWIhCjaN7m_UphS1Y21sru2mOb30BZ1OsQO0TC0RImOPjvx2zyd2NejpjqYym5UZBkAUSZYCHmjdh4qaoW-TZ4DW59s_-R9mqTn3HA4aTa29r4tuH71gHBKsDmadOKGjn8NxywGa2bqP_NIRtbUArVN3-ZlxwpmXjdFnaKqUq5TMdsrS5FppsFW3NcqmQ0tz3Tgbd0IOGZbAVqIfmX9v9NJ34ikLZgPZDtZffev27haVajGH9-oJ-JrsRqyPh-B-XWJsHv0UDq-sV4i39Ne246nFQ.73-Mx8EAAxB3kp1dAKZGvzOCuEM1QggGiVZcjpaIB8E&dib_tag=se&qid=1756608865&refinements=p_n_g-101014971069111%3A119653281011&s=electronics&sr=1-36390,https://m.media-amazon.com/images/I/61z-K1uaCIL._AC_UL320_.jpg
"HP 935 Cyan, Magenta, Yellow Ink Cartridges (3-pack) | Works with HP OfficeJet 6810; OfficeJet Pro 6230, 6830 Series | N9H65FN",Printers & Ink,,Hp,/HP-Magenta-Cartridges-C2P20AN-C2P22AN/dp/B017QX9H5W/ref=sr_1_4440?dib=eyJ2IjoiMSJ9.xsiIfC6f4qbUK6E80Nc0VR31gCWBBNXu5hTFRjZu-GvCeLkjOr6lRVXvVji6ye1lildLQ5tbPRt4P42XBKp4-0yHGyi74-j_x6WUQN4bZJLtVVvM_7PsbxRDLfMroLk6KTCFtJ-D7Hk58_mJCUaSEd68grDzJAIZ7MFmtNtiiwLFLm7GZZatvQwWIamfl4HbQi8vs9GYrBwr9PlRfXP_9WrPwOT81D7foKdXaoTJZ6qpMHlFHkHe9c9s2-7bKvJvN0nUzl9gZRw2esZtLW8clggceSsE9wfVwE20FivbV1Y.Y3v7M-RYz_tyj-lb0Y_4pl2RW3uWitNSOZH3UB9F0XE&dib_tag=se&qid=1755802379&refinements=p_n_g-101014971069111%3A119653281011&s=electronics&sr=1-4440,https://m.media-amazon.com/images/I/71T5155ATbS._AC_UL320_.jpg
"Tapo by TP-Link 2K QHD Security Camera Indoor/Outdoor, 2024 PCMag Editor's Choice, Color Night Vision, Free Person/Pet/Vehicle Detection, Baby Monitor, Local/Cloud Storage, IP66, Dual-Spotlight(C120)",Cameras & Photography,29.99,Tapo,/Tapo-cameras-for-home-security/dp/B0CH45HPZT/ref=sr_1_691?dib=eyJ2IjoiMSJ9.a9QRrcpTZ_Gv23fRQ7ddrP1pyZRBHToVdeYwohOiNmamzLRTxINAT1S_su3gnGveSojQwiabVLNYvzEr64l6FQRO4at_Q0yZ51eSuVjSLvR7uu09RxZixNg5WbQSL7tfQ9IZKKdsWUKwy05Y1Lf85FoN9JgGblscrI_hPSEyCnTbTT5bHhVzD33HqjFMEnG4yAxLfLLnolD0nDDjX0s0_tPAncHSSScvoFL9m_bZZUXAuzQub8xBnrOA7bEx3U0onZtJCiuP1Wz7pas2sjuktksU5T8v1eaoSiBt9P7EFIo.tB8gOxpKFmzD8n00iuYVXHUrbDwqof6xfI9gJpbakXs&dib_tag=se&qid=1755800435&refinements=p_n_g-101014971069111%3A119653281011&s=electronics&sr=1-691,https://m.media-amazon.com/images/I/61Ny8BDEkoL._AC_UL320_.jpg
"Marshall Woburn III Bluetooth Wireless Speaker,Black",Audio,599.99,Marshall,/Marshall-Woburn-Bluetooth-Wireless-Speaker/dp/B09HTD7R7W/ref=sr_1_5391?dib=eyJ2IjoiMSJ9.LBjrZwwz74GzpO-5A6m2kb9ZE15mnmR_wh6K4wrtQFrfbC7HiXKleomXQtXXLmX0oiDJ8UO33QEiegfD4ilLbXhH1FLB48FQ_qjHrcToas8-lLfco-waBFOP43x4MWK_s_CFeuSmPEAdwhxXx3tCriq6z9nuuz61iVrx0EyBRqMfK9FlIIsez1K93gNKkQnyfjtJI8_L4hCMRkMRBeKeJ5CaN91890sWT6N4A1aH_0YPDDYSqblmw2qYflB7kHc_ERL6QbKEHc2VIx91FPr9VztLXpTikhwzZcOQ8XWklxw.w7Xifv506cS3Zgns6ajdLEy8unqcw4M2PmLMEf-ULE8&dib_tag=se&qid=1755802892&refinements=p_n_g-101014971069111%3A119653281011&s=electronics&sr=1-5391,https://m.media-amazon.com/images/I/91QUv-fj6wL._AC_UL320_.jpg
"OnePlus Pad 3 Storm Blue, 13.2″ 3.4K LCD 144 Hz Display, Snapdragon 8 Elite, 12 GB/256 GB, 12,140 mAh Battery with 80 W Charge, 8‑Speaker Dolby Atmos, Slim 5.97 mm Aluminum Body",Monitors & Displays,649.99,Oneplus,/OnePlus-3-4K-LCD-144-Hz-Snapdragon-8%E2%80%91Speaker-Aluminum/dp/B0FC2HCN1Q/ref=sr_1_4788?dib=eyJ2IjoiMSJ9.9kFbkxK_IGNYPLPq21uw0FlhXdDTlKDDrauTHvo1l9A363X8wQLV9Y9-dIplKRULjnGRVQtFidmk9ig7D0ICsUFirEl3DNnWKmWXx2nTJRR14kAZvLlJXSnYuSruFFnI2GKecIDxpbZj_YKcWlO9qGmwlC_LF6mrXqYZofRPnLajg75HUXLUmE-QPXJJSS85DjOk2ShkrGdhR4niRH-xOCcXd7g8oHzbq8GJwRpVc4sTX-Zg1Sj7LNObLOI5C1NUCvlEvnNN8Z8JZybmVOXzhEy2-3qW4adppGUr8Dbq_rg.u2MUkpCUEP4zihF5JKgZvkbXNZnp5MpuQdmSHQlJSw8&dib_tag=se&qid=1755802573&refinements=p_n_g-101014971069111%3A119653281011&s=electronics&sr=1-4788,https://m.media-amazon.com/images/I/519MwpI6qNL._AC_UL320_.jpg
"soundcore by Anker, Earbuds Travel Case, Fits Multiple soundcore Earbuds, Anti-Scratch, Portable, Magnetic Closure, Black",Audio,19.99,Soundcore,/soundcore-Multiple-Anti-Scratch-Portable-Magnetic/dp/B0DC6MGT1W/ref=sr_1_9255?dib=eyJ2IjoiMSJ9.OdDy-UBwwCM6l0kwvN5Q3OW1GQU9xXYGmowyuvbGayaGOcK295CndPhC_U4ThTS15fdPxfCrRlAH1UN59sJ-q-9-VLKEMzYUGXprX5RaKlKeOF3v5dAu-ZulkLMYJyLyMbXWWcmfxpGN7FuFe8SmC3fO5Mz1YTep0TXlr44CK52GezBHkhiDLC6hbIC2obKIzypp-nUGsn6uwZ2oYn8mDYRJN0urVjUr-VLCnxF3xuB1kfoQyW_KBSpH7Kq5SeC3b-R8hjgut5Xv5cA7rKANSTVPKJxaitzSpKwOlq8eksI.GU5g4tEaLDzwy6bBAZ6OU6OreeGusTWnVcMZGn-_WwM&dib_tag=se&qid=1756097894&refinements=p_n_g-101014971069111%3A119653281011&s=electronics&sr=1-9255,https://m.media-amazon.com/images/I/71k584jvPBL._AC_UL320_.jpg
"Garmin inReach® Messenger Handheld Satellite Communicator, Global Two-Way Messaging",Marine & GPS,249.99,Garmin,/Garmin-Messenger-Satellite-Communicator-Messaging/dp/B0BFBZR4KW/ref=sr_1_4167?dib=eyJ2IjoiMSJ9.YafrUsju8ZtnKZ0TxWdoKxpD_etOwsJsoN8sQIOxj05H5GRyFgXByjFFDUava5uwB0SCZUtskxvr8YP5K5on0OLZqGrINlSIYT_0cqAeHbjLnDJX3FDTIelTRc6t2lJaQqwXCT8O2118ymujzd8s5Jsz1ue0uFzkjjHfKQDdehdmRih17v8pmYwpk03Fk9nAhc8mJ2FkkmzpSNKLA18uEnSUJgkWBfffQ36am78orM4i6xKaEb5j7-W-WRk0HPm_cp4Bl0Hs9bmunjJ_e_Q0TLqUslU9w3J03vnR6iBVK98.9hTzAm9ljQ1GRTF6ek-BxJ_C1yagM2Fnhzl898-4vqw&dib_tag=se&qid=1755802240&refinements=p_n_g-101014971069111%3A119653281011&s=electronics&sr=1-4167,https://m.media-amazon.com/images/I/51kc-UN5bbL._AC_UL320_.jpg
"KICKER 46KISLOC K-Series Interconnect, Speaker to RCA W/Line-Out Converter",Audio,16.29,Kicker,/KICKER-46KISLOC-Interconnect-Line-Out-Converter/dp/B00I4EF1BC/ref=sr_1_4703?dib=eyJ2IjoiMSJ9.6VMlr__gXC5U1Lh7KIjkEEnQOHeXxQ4CWIOgikPFcIMMb2v44kpTRf7SBWX7Khorooo7PzPuS9Db9YtFcOaJ2SNp6zGc5Pl8R9UZKODOVwGSnmaxkf2BWIm8A2Ww242P1-Yrj2Y-83cDWZRmBeNfg0qDi009TkZVOXVobrqJH-elwoeauUTvMY7KXHlSPEG4CfR3VsCAlukIOxTbKA7z4ggxEnnEj4boYtGzhCV6bW3J6qXnIkND7nrl8D6EN7073j97K1gJrqYcMNP5Kf7uO1O0AY0-DvuXfFcNcpNjoGg.N7f9e1osOLie1TXxww1YJZmTfnM4t0QFAX4B7d79qak&dib_tag=se&qid=1755802519&refinements=p_n_g-101014971069111%3A119653281011&s=electronics&sr=1-4703,https://m.media-amazon.com/images/I/71lZHqeapjL._AC_UL320_.jpg
"ASUS Chromebook Flip CX1 Convertible Laptop, 14"" FHD NanoEdge 360-degree Touchscreen, Intel Celeron N4500 Processor, 128GB eMMC Storage, 8GB RAM, ChromeOS, Transparent Silver, CX1400FKA-AS88FT",Computers & Laptops,369.99,Asus,/ASUS-Convertible-Touchscreen-Transparent-CX1400FKA-AS88FT/dp/B0DZZVLF6N/ref=sr_1_1997?dib=eyJ2IjoiMSJ9.z06QkZRs1xw3XkMpwF66ASyrBKZk803mddeOUrvgQ68T9IRKLE1JupN_UZ-t-vwukeSup_jp-as76rgCj95usLXtxWmGhMf3VRqXjW0sULlakwzwj-z6kvIamKVan4ABJFhXWZyrnoSPwXoR25X7HUI24hLL1EXkp4HAMVJfhDVVKxbw-Z6UrZZyiC9BbF315AQSDSCRiXNjtmyKvaLA9f4zT2uVGUR6dabhDkSa3Z9-H-IYLv1fM_7KuEVu3ygMVU0Cq8Q1YmlmhudIzq8BtWaWO2eX1yU3r2z5mfTP44s.Ad2qFhNPhZOnWf3nORqogo99W16grx5qt4R4IeMBMDA&dib_tag=se&qid=1755801119&refinements=p_n_g-101014971069111%3A119653281011&s=electronics&sr=1-1997,https://m.media-amazon.com/images/I/61jEU25zSaL._AC_UL320_.jpg
"Epson Ultrachrome PRO10 - -Ink - Light Gray (T770920), Standard",Printers & Ink,,Epson,/Epson-Ultrachrome-PRO10-Ink-Standard/dp/B087N4YF2Q/ref=sr_1_11569?dib=eyJ2IjoiMSJ9.gwzrbIJND22gNk-2W7oC3sEjY_qWFNJT5Uq4rqyTQnH5kasOGp-0xsGiEm65_Qb_wYAneWcV_hqUOqNO3VtymRez0u1DO0cEcrALK6WT4IArWy73-b0zYL8viBaJyek8IplANGNFlVqcmsipZ1cBzKU449tYUm_Um30A4kjYMezkYqqUtbW-DgZnj8pr9yOWmGs2xp7z9EOygPr-zZSswikYthmiI0mG2gjbliyaJplb833e9mDSTK1zOu-33UbauYsu7jhMcTEF9It3Y11gtvdi6mk6RA6QIp0y5gNb2yI.CYq0j0CIaMtzaXQfPXP915qn4CSDVC6jIX-pu5j6CJM&dib_tag=se&qid=1756099084&refinements=p_n_g-101014971069111%3A119653281011&s=electronics&sr=1-11569,https://m.media-amazon.com/images/I/61OOVR4K41L._AC_UL320_.jpg
Nintendo Switch with Neon Blue and Neon Red Joy‑Con,Gaming,299.0,Nintendo,/Nintendo-Switch-Neon-Blue-Joy%E2%80%91/dp/B07VGRJDFY/ref=sr_1_4083?dib=eyJ2IjoiMSJ9.R6IrfGvPmGVB9c5o8dhLmpCFwXseXja9f1nIYjPFhkDUBj7pAiiJRtNiiHcuCPCHHQwO5kRX8LZwmQm_CDSzDLlze2YE755KDPPJzAwjJPyidhSBeHEVXn-InAw_iz0hDTbjs1ALe5fiJhQPf2Lu21Q61VFm3ckUn7Yi9yJT4jfJOcJ9NyfY8quno9296Gbtc_MgCEX4F-PlK9smuosSclK2hneKXXRm_4zKDqq6p4p1hqo8WPd-YEH4bK-FHNT7HJGzpL2YZTCQavgDKYJ-Yk8I4RXQjG-eLEwRk5yu44I.oOUmqNsEROKwOwD8zTHH2WpZsQHLMPREsqeD9SfhYnQ&dib_tag=se&qid=1755802192&refinements=p_n_g-101014971069111%3A119653281011&s=electronics&sr=1-4083,https://m.media-amazon.com/images/I/51YXZgm0DbL._AC_UL320_.jpg
"HP 936 Black Ink Cartridge Printers | Works with Printer Series: OfficeJet 9120, OfficeJet Pro 9110, 9120, 9130 Series, Wide Format 9730 | Eligible for Instant Ink | 4S6V2LN",Printers & Ink,45.92,Hp,/HP-936-Black-Original-Cartridge/dp/B0CJCDJ88M/ref=sr_1_526?dib=eyJ2IjoiMSJ9.lm2tbyOfKCrv246UHu7UNH5r7vER1-8JTf90KBYXWlnAKLiyaJnU5kHcoJd1kptYOaNigIQDQGpYPkdvpX2S0xwhdAPtKjitYuBN7kvMWgfGMk3bXcIBIERFFa8Nvm2lGxfoRramTYw5sjNHOojqvtsJW0a4QpeXdFGo9o42VWNkqV0N6Xa1RaOL9qr2C3G9SgfRLkzdEqc2mMJZ5mgCHA0MFEsUVoBMHY88wAsiP3v9w7B-5RhS_Jh2b2AsAJ2w52JhaIshk2wRuNP691Pygmme1ZGD_cWjQwQfgiP-qfY.70aKal4hKVNIbx8M7302KpiVU3FfwkQADJWEAuSN2nA&dib_tag=se&qid=1755800347&refinements=p_n_g-101014971069111%3A119653281011&s=electronics&sr=1-526,https://m.media-amazon.com/images/I/61vFedmbpuL._AC_UL320_.jpg
"SABRENT 10-Port 60W USB 3.0 Hub with Individual Power Switches and LEDs, Includes 60W 12V/5A Power Adapter (HB-BU10)",Cables & Charging,42.4915,Sabrent,/SABRENT-10-Port-Individual-Switches-Adapter/dp/B0797NZFYP/ref=sr_1_3334?dib=eyJ2IjoiMSJ9.g0qSuKQ_8tBAqgc9NNdyaQGVwLBKdsMZSj6BemqtBJkFBfi0OrCqnZ9YcQ4T-HlhHyb0L4FKfUvkksXBYHIqbI4X7RcepYn9zt5kwrmvgRG71QEdt0sVcdiVRuQCvkvqbBmxAx0rE3fntnbnbFS906t_3rJqtSB8iyDSV_DPKDAutYcjXN24-GwbAYTGGwQxUZuj9H5SUiD4D3zzsApI_gxz1YL3NsRG0LBZQZrOjNSG5kqyANKm1p4Ug2V9QKbZeXQwKSAvTx9Y59Ln2naq002xynAte6txC8FgHWdq_nA.M1AY7Pt6HXd1a8zYCeQCFRdAI_bBRaHKNk6c7gcB0E4&dib_tag=se&qid=1755801804&refinements=p_n_g-101014971069111%3A119653281011&s=electronics&sr=1-3334,https://m.media-amazon.com/images/I/81ggRdW9T6L._AC_UL320_.jpg
"[Older Version] SanDisk 64GB Extreme PRO SDXC UHS-I Card - C10, U3, V30, 4K UHD, SD Card - SDSDXXY-064G-GN4IN",Storage & Memory Cards,15.71,Sandisk,/SanDisk-64GB-Extreme-UHS-I-SDSDXXY-064G-GN4IN/dp/B07H9J1YXN/ref=sr_1_8120?dib=eyJ2IjoiMSJ9.eMnPjnYHFNcBhKRrIv3qLqbPHDPiuiIROipn8P2ipkCtbDH4z5juOo5n7ak9pNj3_IFjE2iTBvLnuD9sgy9Gvl3KT8BQOpoaQmV-yWE80UoAyX92gzrAepW-9Oe6Q_RwJGNP1vfcykOzGOhDDhuBgOHKCrbWJY-3xtLG2N7_Otjm97f2bzf8amBmXuw03Wh_6ZT3T97szeygWRqvWkT7vwk_D2BnMt127PU6vQ2c_vKWhKNWaPSevpEFB7g5Zy8Xo0B9WeuLmltOFHehHBafRBSTbxRkjqwhjD7BbNwfsq0.8PHfEi4BgIBrW8_1wkWyYo8trsfRwDF0QZ5_zufDU2c&dib_tag=se&qid=1756097286&refinements=p_n_g-101014971069111%3A119653281011&s=electronics&sr=1-8120,https://m.media-amazon.com/images/I/61v4RgZDjpL._AC_UL320_.jpg
"Corsair Premium 600W PCIe 5.0 12VHPWR PSU Cable RMX, RMX Shift, RMe, HXi, SF and SF-L PSU's only – Requires 2X Type-4 Connectors – 12+4pin Connector – Mesh Paracord Sleeving – Black",Computers & Laptops,29.99,Corsair,/Corsair-Premium-600W-12VHPWR-Cable/dp/B0BLY1B362/ref=sr_1_5388?dib=eyJ2IjoiMSJ9.LBjrZwwz74GzpO-5A6m2kb9ZE15mnmR_wh6K4wrtQFrfbC7HiXKleomXQtXXLmX0oiDJ8UO33QEiegfD4ilLbXhH1FLB48FQ_qjHrcToas8-lLfco-waBFOP43x4MWK_s_CFeuSmPEAdwhxXx3tCriq6z9nuuz61iVrx0EyBRqMfK9FlIIsez1K93gNKkQnyfjtJI8_L4hCMRkMRBeKeJ5CaN91890sWT6N4A1aH_0YPDDYSqblmw2qYflB7kHc_ERL6QbKEHc2VIx91FPr9VztLXpTikhwzZcOQ8XWklxw.w7Xifv506cS3Zgns6ajdLEy8unqcw4M2PmLMEf-ULE8&dib_tag=se&qid=1755802892&refinements=p_n_g-101014971069111%3A119653281011&s=electronics&sr=1-5388,https://m.media-amazon.com/images/I/71FUUedQLXL._AC_UL320_.jpg
"EPSON 522 EcoTank Ink Ultra-high Capacity Bottle Black (T522120-S) Works with EcoTank ET-2720, ET-2800, ET-2803, ET-2840, ET-4700, ET-4800, ET-4810",Printers & Ink,17.99,Epson,/Epson-T522120-EcoTank-Bottle-2720/dp/B07PN7G526/ref=sr_1_794?dib=eyJ2IjoiMSJ9.m9r-YkeAii9IFq5_p2RuRqJrLJffKpk_zUeT04IHr154hgXb5OZS7n9VnMd_by0rOIBVH_agLGbz0mYPh9IYNGL-em34eKAgaasQe_StHOnIrU4kEffhR5pqO2LoKNOfnoCFWXOvIqSaO-2f95ywCcKjZykao-W1bh9XHc_69rqwWoPDnl_CfDWnApSA0mCSz6nze1JYxQzQ50faCMCtP4P1NOZIXX7ZfE3YMmYpPC5zXi4_gFmbkkZkPR0l-KVyHslXWgwwWYFJOcuKJ3f5ekJM3A62oXGaAAAtKI3EuoE.71T-1UyiExX86EUTMAVyt7KvE2ngYwc1fY6oDLfQcFk&dib_tag=se&qid=1755800484&refinements=p_n_g-101014971069111%3A119653281011&s=electronics&sr=1-794,https://m.media-amazon.com/images/I/61Uae5B43yL._AC_UL320_.jpg
"OtterBox iPhone 13 Pro (ONLY) Defender Series Case - Fort Blue, Rugged & Durable, with Port Protection, Includes Holster Clip Kickstand",Phone & Tablet Accessories,27.54,Otterbox,/OtterBox-Defender-durable-protection-kickstand/dp/B09D56J91J/ref=sr_1_8819?dib=eyJ2IjoiMSJ9.XCqXL2mVdAd5YahPajgWozHzyWtyIuM9Yo_YXoXC2BSiKV7zs4G9FrqBxl1XpBGltdMUJGE5wOznnITEdPT6aLln-DD82bC4zvPJZomTj12ucSIJHUAxt4MFgVbYunVgRazlKV6oiVlrH1x7i7EtZL9c8I9fmqfGtH9FH94YMpRQDCwDhhZ4yk3EcCj_F2HV-Vs3_RIw7zChoW1uvLjslxc2IhXJRxHF7UKCU8yr_ogZcydpQ04rjhZp52w0eDwREQacHfW3T1g_QlQGdQOqUEpLfhn5Mffw4hAYptlxQZQ.PzbpP2mebedCsReeEx57zgDAV2UME9Tft-lxrAv9urM&dib_tag=se&qid=1756097667&refinements=p_n_g-101014971069111%3A119653281011&s=electronics&sr=1-8819,https://m.media-amazon.com/images/I/71P3FvglChL._AC_UL320_.jpg
"Amazon Basics File Folders with Tabs for Filing, 1/3-Cut Tab, Assorted Positions, 8.5x11 inches, Letter Size, Manila, Pack of 100",Office & School Supplies,11.1,Amazon,/August-19-2025-Sindhoora-Positions/dp/B01LYHE49W/ref=sr_1_33?dib=eyJ2IjoiMSJ9.LBpBsHuyfrR7CRIcNLKJuNd86w-xTsaEnYcIS2sQiWPBQ-THGMiZLsovvzc6zU2prrcV96oGOYrhT_X_YbP0XY6vdZMKx6b6N8yqNFNh9tVKkb00o7qDalFYVh2aC679dnx8SL_aC5fTv7utJL7qrEshg5lvQghQDR9_0RzNSAKdGCN2S1u8ibaV2lo7CdJtTfmt-FUXHp_DCDiwPbzQvERmPa_wSDQV9OtPye6EVsQfla4GRQw7U7svaPvZTR1zNo1Qa-wL96sYgjP7Mv76TK2r46jfH6HT2KrwVWEVXH4.70OxK_A5AwLXqpRAWujAtKePZBVX0Wf7SRjWmHqbtUI&dib_tag=se&qid=1755800083&refinements=p_n_g-101014971069111%3A119653281011&s=electronics&sr=1-33,https://m.media-amazon.com/images/I/61fuHeaBSaL._AC_UL320_.jpg
"Lenovo USA ThinkPad Thunderbolt 3 Dock Gen 2 135W (40AN0135US) Dual UHD 4K Display Capability, 2 HDMI, 2 DP, USB-C, USB 3.1, Black",Computers & Laptops,160.99,Lenovo,/Lenovo-ThinkPad-Thunderbolt-40AN0135US-Capability/dp/B07M6S81CM/ref=sr_1_2742?dib=eyJ2IjoiMSJ9.kbnYPmRmyxv8xycBJAtq-uQw6BfetfTrHfJ9FoAsZ5qFWIwCkapnGyT8yYygsjhzWOv-iFw0NCHP3uRIUA3ZN13gs3KqhgUwhaDkeHnYC6BC_gSK-1SpyITiTvt2fTOxUWDPHh9qomLF6BpDOsyWQxp__86q4BaLVs17wY7Vk01wYK8vLeQXZ7I5V1wDuBYW00AMvkW4yqnjOW82eQvTTTOtQLxcprsONbGGswp9zjeSafJcock2da_o2IOggeuVxl1nirfe1WB78H6oXZYGUACn7qahgZjYtIYcls_83_k.G1L8nvVKo_2vPrIN-jODzH-y1T_sJRVOrshKPS2qPhI&dib_tag=se&qid=1755801504&refinements=p_n_g-101014971069111%3A119653281011&s=electronics&sr=1-2742,https://m.media-amazon.com/images/I/31r2pudGXZL._AC_UL320_.jpg
JBL - PartyBox 310 - Black JBLPARTYBOX310AM (Renewed),Other,,Jbl,/JBL-PartyBox-Black-JBLPARTYBOX310AM-Renewed/dp/B08N1N9D5K/ref=sr_1_33824?dib=eyJ2IjoiMSJ9.mgqG-oMiC708KJa_5GGObWhndSovyGJxT8z71-afOh8Uw13aYjzH2C-qhBpbmQvpWxLI-e06Fda_NNeTAtM9NdVrvpKqMuxITYn5PyzXSEy2_Jl5sCDle7g7S5io8rOXJ9NFv2RBYH6FvdXYzaDAkp9Lx5m7c5Vu-1BOlxxOPKgVxhiWcj2M0yQZwkG32WfR-AJEsgmgGTGz0rT-ay60bcUTvGrDTg00ep1_BxdZYpVqnP1Jet70bRpRA-MEecg-YTW_of9dh1wcl1W-eqffMhUlZj_Thh_mboXoY6C8mGo.CrbczKSEMa4io2F2QXFp1wXfZI7qyeFDpDVZpRe3gPs&dib_tag=se&qid=1756540056&refinements=p_n_g-101014971069111%3A119653281011&s=electronics&sr=1-33824,https://m.media-amazon.com/images/I/71OAwJLcnuL._AC_UL320_.jpg
"Elgato Master Mount L - Premium Desk Clamp with Pole extendable up to 125cm/49in and 1/4 inch Thread to Mount Lights, Cameras, and Microphones, perfect for Streaming, Videoconferencing, and Studios",Audio,49.99,Elgato,/Elgato-Extendable-Center-Compatible-Accessories/dp/B07X49967V/ref=sr_1_6950?dib=eyJ2IjoiMSJ9.QJkDbfsQv82_qIsk2i5MiwelMtELAlvN2QSfzfw0n3AvUV_iBESjDmftU1304gNJMUwJVbvj3tVJ5AvglHmYf_ijRoUPtIiPH2w1ni8H-Zf5l4YXUP_px7quJBXNNpp__zMk9dwundac3xxtgxCzZ19MQI1PVKwKizsqMAsMa2DtysrSKJ0-bA2T2f9FZBnCyeM7OalA7gXFFuC4AaHG60yZSH2BTUhuqt6e8OxT9MHME9e-ZHeyn4X4bGW2hA_c-TL5CHR-1CV4qLdgtsKB0zRENRcLh4pYTcSXF36Q66I.9NYWJOjJGwCujxaBmGurbXAax82PWwCubGox4lF5Gsw&dib_tag=se&qid=1755803682&refinements=p_n_g-101014971069111%3A119653281011&s=electronics&sr=1-6950,https://m.media-amazon.com/images/I/41b2hjsaEdL._AC_UL320_.jpg
SABRENT SATA to USB Cable - USB 3.0 to 2.5” SATA I/II/III Hard Drive Adapter - External Converter for SSD/HDD Data Transfer (EC-SSHD),Storage & Memory Cards,8.4915,Sabrent,/SABRENT-SATA-USB-Cable-Converter/dp/B011M8YACM/ref=sr_1_1359?dib=eyJ2IjoiMSJ9.TLIVYDjUhvq-fCv3eOSzX5iRYp9F2JZFnVbKkT9tChDDDZlwdJxMi-dNq_zNdVPvzqtjfE5x62LmZhTh54ifqyY9xGHnTHKa1DyoDF2whxd5fM9AwyMFF4qqwsg5qlQbbpWmTIkRU1Plm9CFSR2fzBwd_pCC0bjOwrGPu_4Mu9oF31mvCt5vtduKvF7kgfaz-CEvrXEqals1fBRkHEOBJM6mxt-PzgxCKVrwzdsrAqc3GUT4enOVIZpMWvM-ZstbEZ_wTpYdayQe6oTDKwpUfa9nmnR9dz3CbxJPfLt88Z8.196fQFyPs7cDeFXKO1KSvIAT-B9EGen7ysDxeU3uWuM&dib_tag=se&qid=1755800785&refinements=p_n_g-101014971069111%3A119653281011&s=electronics&sr=1-1359,https://m.media-amazon.com/images/I/71xhus0OFrL._AC_UL320_.jpg
"Garmin 010-02550-00 Striker Vivid 4cv, Easy-to-Use 4-inch Color Fishfinder and Sonar Transducer, Vivid Scanning Color Palettes",Marine & GPS,199.99,Garmin,/Garmin-Fishfinder-Transducer-Scanning-010-02550-00/dp/B08LF13X8B/ref=sr_1_3369?dib=eyJ2IjoiMSJ9.QaGMlAGwQqsEbikOSEM5cECw74awoysPJgx__juPvGltUN623NPInfEfRmpzG9ehVLe_wK5Fd64-9VToGbixMJl3qRg7wD0pWvcfC8R9dFYI4hCLfP29JOSwWA7UGbKAHefK9jbtW82kQtruewaVwHYy8TDCGafLpBhcoA_NKCV626o9qqupt61g2zIBhnRkwZSRM-JfOhraSGzVA4KMhnINmFLBFg3D9Bcuq5vt2ZWwx_QpB8lWLxfEWH0QsAYr0VeoxJC8AZXN3U85xh-hliyi7-ZiRppXtkEoZ9Kd2To.DK0K_ekDxfSfbO3vEo4oGrUdF_xF63c7lhjwfuAyqP0&dib_tag=se&qid=1755801828&refinements=p_n_g-101014971069111%3A119653281011&s=electronics&sr=1-3369,https://m.media-amazon.com/images/I/61mHI6PXA9L._AC_UL320_.jpg
"Logitech High-performance USB Headset H540 for Windows and Mac, Skype Certified",Audio,,Logitech,/Logitech-High-performance-Headset-Windows-Certified/dp/B0091F8F7A/ref=sr_1_3657?dib=eyJ2IjoiMSJ9.oDJgoZaVSD4F8ASYRf4efZ2yG3eH5t_VmUP0TudVBHhlbPdSMsLOzLjtYUkKKjugbSj1w_0W_dBtpzfzGa-y_7xrwl2gNm0sAXnT34Ok3DPYC8V486AqOjzL1VvW1fDDV-BuFDXp5ufXX4Yivq7queEeLWUBxsnfp9RuO-trliguhx28KB6jOUBSth_n7uin-Hlb3A31TSXu0jSSpPrBbBzto0SK9bB3bJLZMRQ8mLoa6Y_Ng1rxFLsPzsaJegH5135t5bQAXeq6HsGABSCxhhnSQKbTm3ojLPLfSLoVo-I.yqthvvyi3KTgONlRuPe_QwLujXsX31HC6Q5R-YZw_Ww&dib_tag=se&qid=1755801977&refinements=p_n_g-101014971069111%3A119653281011&s=electronics&sr=1-3657,https://m.media-amazon.com/images/I/618y+eXlrLL._AC_UL320_.jpg
"Lenovo 2022 Ideapad 3 Laptop, 15.6"" HD Touchscreen, 11th Gen Intel Core i3-1115G4 Processor, 8GB DDR4 RAM, 256GB PCIe NVMe SSD, HDMI, Webcam, Wi-Fi 5, Bluetooth, Windows 11 Home, Almond",Computers & Laptops,333.89,Lenovo,/Lenovo-Ideapad-Touchscreen-i3-1005G1-Processor/dp/B08B6F1NNR/ref=sr_1_5286?dib=eyJ2IjoiMSJ9.LpUX--jauseNbcvQQhbQXNaWJFS2gbb3tli2JvXTpudBYgWii8YM5YVhymxMiaebPOTZzQzS67SHeOcwxNuJud9RAYF0wGjg1L5bIn9A3HS2rZAJs2yybreq0504h0XJIXVQPKh3ikexlKvQF1HkydKcVIxDnQWSW13DzyWgLu8jDXjZXboVHfa3RManno4m61K1ReLbC-7CYI-FKx3otbsroRsf2od4dAJNtBScq-0AkfU1G8GH5ZCahPJRLDw94G_BvbxGlp1FXYQ0-dh-O7k53JC6j9671RZipMd6hlA.VVbM6-kqBCLseIltypw5WNBZutVU7NgWA5eHOhM3ckQ&dib_tag=se&qid=1755802837&refinements=p_n_g-101014971069111%3A119653281011&s=electronics&sr=1-5286,https://m.media-amazon.com/images/I/61QGMX0Qy6L._AC_UL320_.jpg
"Xerox Genuine B410 Black Standard Capacity Toner Cartridge (6,000 Pages) -006R04725",Printers & Ink,,Xerox,/Xerox-B410-Standard-Cartridge-006R04725/dp/B0C8BQYKNH/ref=sr_1_9340?dib=eyJ2IjoiMSJ9.fdsegf8K_18QlxyVgM0ZPwt4MCxs6kVyMOBFLTnSgQJ9W3pb4wVX3HFYKKZutpHKGmubUI_1fGrVyR9qctT_Ov1MyLaMUayywmREYyyDulelPI6Ii5u9btd3_BvamFr4OM30-JCkmKjiTuuF7jlwWOo27AUBY0LZAPmnSJIv6ETlchquz76FjJwzJsuyYo4lxFG62NxcsjSt_LL9tei_WCWyoHprzowVrXnTGhwsEZmSMo1u-FP8anOMgqifF-Tjt4iQoA3GBZnP86oP9EXTjQ9yemiQkjLqtiAU7vuBewY.EWMbqcf29uWKl0tWy_Y88BawXAnMJYBSoLYVUQELXYY&dib_tag=se&qid=1756097945&refinements=p_n_g-101014971069111%3A119653281011&s=electronics&sr=1-9340,https://m.media-amazon.com/images/I/71qVDVvpdyL._AC_UL320_.jpg
"Logitech Signature Slim MK955 Combo for Business | Copilot Edition, Microsoft Copilot, Copilot in Windows, Wireless Keyboard and Mouse, Quiet Typing, Secure Receiver, Bluetooth, Windows - Graphite",Keyboards & Mice,,Logitech,/Logitech-Signature-Business-Microsoft-Bluetooth/dp/B0DHKTGNFF/ref=sr_1_4765?dib=eyJ2IjoiMSJ9.M7K3hMtP5BZpn5Nbf0wkagYZoY1lmgoDoYCGS3ebmsg4vsUEQvqLfIwwdX64-eZmok_ZgiC8mgOY97apwDdXaw3gEuDIWgB4ZYPJPfU_yUve4sgv2kaWTigQIZbBzTbc0rrU5l1oLK3vvRqqjPdQp1ajHcTMxkI4wtQcBj1pnfXjm3686LLDjI0CvYHS_91YBKQ8tNqaoa4W_xiM2GOv7Ve63oKbCfpc_ysBPOaiDLQlH6YLcCmrQiyxgINki7fWONK11FGpvgGi-Csb-IRVFnK9-v4YqnLzdCoN8Me3mm0.6vAmWvzKgCyxqNekLiLFxCt6FT_77F2yxzLkcBVZeA0&dib_tag=se&qid=1755802556&refinements=p_n_g-101014971069111%3A119653281011&s=electronics&sr=1-4765,https://m.media-amazon.com/images/I/71PeYxIjXQL._AC_UL320_.jpg
"BAGSMART 3 In 1 Laptop Bag for Men, Computer Briefcase 17.3 Inch Laptop Water-Repellent Shoulder Bag, Computer Bag Business Travel Office, Black",Bags & Cases,34.99,Bagsmart,/BAGSMART-Computer-Briefcase-Water-Repellent-Shoulder/dp/B0D9XLG49Z/ref=sr_1_3382?dib=eyJ2IjoiMSJ9.QaGMlAGwQqsEbikOSEM5cECw74awoysPJgx__juPvGltUN623NPInfEfRmpzG9ehVLe_wK5Fd64-9VToGbixMJl3qRg7wD0pWvcfC8R9dFYI4hCLfP29JOSwWA7UGbKAHefK9jbtW82kQtruewaVwHYy8TDCGafLpBhcoA_NKCV626o9qqupt61g2zIBhnRkwZSRM-JfOhraSGzVA4KMhnINmFLBFg3D9Bcuq5vt2ZWwx_QpB8lWLxfEWH0QsAYr0VeoxJC8AZXN3U85xh-hliyi7-ZiRppXtkEoZ9Kd2To.DK0K_ekDxfSfbO3vEo4oGrUdF_xF63c7lhjwfuAyqP0&dib_tag=se&qid=1755801828&refinements=p_n_g-101014971069111%3A119653281011&s=electronics&sr=1-3382,https://m.media-amazon.com/images/I/81dWZm4BNJL._AC_UL320_.jpg
"Cooler Master MasterLiquid 360L Core 360mm Close-Loop AIO Liquid Cooler, ARGB Sync, Gen S Coldplate Pump, 120mm PWM, CryoFuze 14W/mK, AMD Ryzen AM5/AM4, Intel LGA1700/1200 (MLW-D36M-A18PZ-R1) , Black",Computers & Laptops,84.99,Cooler Master,/Cooler-Master-MasterLiquid-Close-Loop-MLW-D36M-A18PZ-R1/dp/B0C4C421RZ/ref=sr_1_2164?dib=eyJ2IjoiMSJ9.6tNjeVK6uyALEhKMqZ--uNfUZtnDCJEIYJS3MucldygRHAUvUO7WZu01_yTYp79Ko2OKbk5EZr-evHRGUDiix85Mov8e8YVv2A_blTVlwvQhlVdRsEpYAOWeoMVAXFkRyGNRhyUryNgNbTqL7uLXECJRv7cQxl7Qc9u9WutVFn6jwtrEzU43epF1R7oNfSHGERaVdZT5F-ks0haYhNFYD_qUn9tbPiqFP01a1_UpTNhR_xx_8W5uLpMVAnYsMt_argCCwDhCKC0aPu-bTGw2-hF5KJGchMVLDhnqOI40tU4.wOZK5FLbk3lqyhtHZdI7iRBt7bt2x2oi_drlFYJff9o&dib_tag=se&qid=1755801206&refinements=p_n_g-101014971069111%3A119653281011&s=electronics&sr=1-2164,https://m.media-amazon.com/images/I/61BIqo6-ZTL._AC_UL320_.jpg
Microsoft Type Cover for Surface Pro - Black (Renewed),Bags & Cases,,Microsoft,/Microsoft-Type-Cover-Surface-Pro/dp/B07DQSK2GJ/ref=sr_1_4418?dib=eyJ2IjoiMSJ9.X-jP98AunSNfgFBRQ6zv18xfgvCJSkBbF1AKAUf60uITkWRt6Aq81XWlmBF3_hCdUdSH_A8SN6MeFWazsa9slSdf4crCwyv-8wmJKnlhq4tUYOne9cuXvpeseRtDEPDL_mIbl51GC3GeOUjBCAbejqPA812N68aHqlJMrlGe-z9bTg6CruFk0f3ldGxD3LAWEDMnZ4564X_Fz6fQoS1QhKNpwq0VhqydV420OtobVe8FhNnWXL9C6yJuPuIy97kwqCoAp-5MxsHQDsTBkzZY0IjKRIfQ4YWZTXdVCFHRl2c.aKzI5ozKGm9gb5rQGLntYqIdsrNiAvEUEElRcE8uNuU&dib_tag=se&qid=1755802368&refinements=p_n_g-101014971069111%3A119653281011&s=electronics&sr=1-4418,https://m.media-amazon.com/images/I/51QwORFiBFL._AC_UL320_.jpg
"SABRENT Rocket 2230 1TB NVMe SSD – PCIe Gen4 M.2 2230 Internal SSD for Steam Deck, Surface Pro, Ultrabook, HTPC – DRAM-Less with HMB, Up to 5GB/s [SB-2130-1TB]",Computers & Laptops,99.99,Sabrent,/SABRENT-Rocket-2230-Performance-SB-2130-1TB/dp/B0BQG6JCRP/ref=sr_1_4297?dib=eyJ2IjoiMSJ9.x3MxIG292f7dPBYKc73yq-yK1Zke9bMGLuIMgeYHBH2bG2x8gSjxntPKOpIZ5ni4JEzNtpJsmU2jC-T2hC1BDL7u1jpeAY3drwIwmw2iEmk103dljTjzOrkC8Q17RTX3-bnPYigvhcRvcdCGyOUFfKE6YEsQieNPY1VlCfn_SDzhz_sOH9IdMN4b74FMsV0WRe7sT2UJShALZMWL7sX_hPMfElqHZixk6R6ysCPcxFAKn7pzpZivUmjDINZAgOLBJsuWW11qiIyumCRT1raYBuY0I3_vYtUkaLbrkGG73eM.1MgJaDLHW0RA_COyqGm8Ib-U6Xc-AUDcAQVsbfGT2T8&dib_tag=se&qid=1755802317&refinements=p_n_g-101014971069111%3A119653281011&s=electronics&sr=1-4297,https://m.media-amazon.com/images/I/71BVLQNOlmL._AC_UL320_.jpg
"Orion Cobalt Series CBA2500.4 High Efficiency 4-Channel Class A/B Amplifier for Car Audio Stereo – 2500W High Output, 2/4 Ohm Stable, Adjustable Low/High Pass, Bass Boost, MOSFET Power Supply",Audio,119.95,Orion,/ORION-Cobalt-CBT-2500-4-Channel-Amplifier/dp/B08F2Q6PK8/ref=sr_1_5351?dib=eyJ2IjoiMSJ9.CRXGRt0UJm2Wl1D6I7nNl0uJfKcuotl_SdUXLfb0j0WWEe6HtOcn09ydNdG1bTCShYa9sjrU1CELb9wmnuT20lzPCqFKBlj5vxSSkvC1bFZP2tJLAAD_4n36grXHCf83CC-YiHBIAZ6IfKKBhUb6MwkrvRghgdG3u2C8Z3LEjbNgHpvdlzZef18drxD8QjJ_BYojzj3COd7EXqIx8QFyoeMZ5ry1h_UtuqyGiV841BiLLDpvfCin8glbtcfK_5_BWmnCfNoWSvsW_mw-H1GpohyBJ8MsFZh9IcEaMPcTitI.t4VFh4xtN40TD_laUKJ3oE8BtwmxUDCFC5oHc_mhBHg&dib_tag=se&qid=1755802867&refinements=p_n_g-101014971069111%3A119653281011&s=electronics&sr=1-5351,https://m.media-amazon.com/images/I/612zmvxI+uL._AC_UL320_.jpg
"Sony DVPSR510H DVD Player, with HDMI port (Upscaling)",TV & Home Entertainment,,Sony,/Sony-DVPSR510H-Player-HDMI-Upscaling/dp/B007F9XHAY/ref=sr_1_1060?dib=eyJ2IjoiMSJ9.gdMuSedSIzMWOtY_4hAGW4mODvekRR2lAf1M4dO0j35QWeBUR1i_G7aExw2D9xYAQxl2CREdO4W9M0c9lGZ8jHjejEsKIqkUbk_A1TKfE0ju6mLxMvRR6TCwC-XXWPJEqLIj4hEsx8VO--oUbQ6nQ5llbeWU9iTJPmlkOipsWwDsmrWGhlu_9PxZthf7KsB9hUCRIDdP5SDtj8SAa5jxzTTTBm6Z-fS9w72UF8MS6DsMFv5_s5nJLz4ls825c2ZC_cKeLEqU5Ki1NAR5ck5xHZxVMvN1Izq8wtF82jKlMmE.Xjb41AuFMMJyYQnjw0MfGOidNHYBCUfQh8ycpzVdFlM&dib_tag=se&qid=1755800620&refinements=p_n_g-101014971069111%3A119653281011&s=electronics&sr=1-1060,https://m.media-amazon.com/images/I/41f-CYfxOTL._AC_UL320_.jpg
Zebra Standard Black Wax Ribbon for Thermal Transfer Desktop Printers Width 4.33 in Length 242 ft 0.5 in Core Pack of 6 Rolls Compatible with Multiple Models 10031723SP,Computers & Laptops,49.99,Zebra,/Zebra-Standard-Thermal-Transfer-Printers/dp/B07FX3PJ2M/ref=sr_1_13877?dib=eyJ2IjoiMSJ9.mKH3jgFLYt3a4UE6uDmKxWVMGMVEHXNqUTC9hBKv-axAK2YgqIhF2tcbTJp410_0io476k1K69ajw-trdB8YFEihvMbJSrvmaawXRrC87PEoOfEDymeIZlaHL9bNOISRqdsg0UAgtEdgg5NdCLfokEAdKZO_uIC7foiGdCnL9fC4H3gwwtXnStikp8dWohWoA1H51ZBsO6wCtL1jdGuISzPvGwzioL0ah32j-x07jsmp6ifB7yIdy_cGB4whFzIcWS3pZ67eDdebtPzwbWaJ_G3cf0W6AhmQb9JWnIBoD8g.n2igylaVV4dbRgdLaSl7P45BmIWZB4a8bx03o3Cho0M&dib_tag=se&qid=1756100398&refinements=p_n_g-101014971069111%3A119653281011&s=electronics&sr=1-13877,https://m.media-amazon.com/images/I/71M0yrEqXyL._AC_UL320_.jpg
"Southwire X-treme Power Distribution Box, Temporary Power Box, 50-Amp, 125/250V, GFCI 6506UGSX",Power Strips & Surge Protectors,464.49,Southwire,/Southwire-019703R02-6506UGSX-X-TREME-6-Straight/dp/B000289AQK/ref=sr_1_4134?dib=eyJ2IjoiMSJ9.MUQ4U0xF4MzAe0k5VcdYfiw6-0LbnZbexbf1QfdG44GNaYIoBiLqkwLexHQIAHd-lqU5BBIziqvDZ_UrbSR1kCMHXQQ7w5ILGdUwmldXx9o4zBunRUgHFEN7SXyLvJpSyxLvI2CFvabGFEitSfV9KjmwrhES3_Q87IMo7poJfgxv-g9I6qvlb43ntqgjLRECZoAUeG11gS9Xu20IFwHw6SBflGPJLI9XCEZeMh7MEb7UIDZYYmkHi1upty_DKBuf4jMRmKJF52zoGhQrmxsVT1rJQ8MAEjRH6D0BEcsYqvc.pg-r_nJ8m7-wBg9L0EguzH6stWFdSBqN8szaGdWN-nA&dib_tag=se&qid=1755802218&refinements=p_n_g-101014971069111%3A119653281011&s=electronics&sr=1-4134,https://m.media-amazon.com/images/I/71F4ria5qUL._AC_UL320_.jpg
"Brother MFC-L2900DW XL Wireless Compact Monochrome All-in-One Laser Printer with Duplex Copy & Scan, Fax, Black & White | Up to 4,200 Pages of Toner Included(1), Amazon Dash Replenishment Ready",Printers & Ink,314.99,Brother,/Brother-MFC-L2900DW-Wireless-Monochrome-Replenishment/dp/B0D9ZKTQLG/ref=sr_1_4712?dib=eyJ2IjoiMSJ9.gP5ee4y2u89GtxUtSJ0GXz6Ip9rto7RlzM6jrR2yKffEaoNCQ3dPDBwVxWoGTG354ajBBoq8X2KNyCM6W87k-Wxv4L60k49-mVNoW9E8V5Guaa-StVrC16ZKVOCXoh6nnTmGHWOIp7F50hunL9Gzy9BFppSaIkx11jdRHsUn3uC40AU3zi6l_dEfc7Xnb3q84gQ93mgw14GPpLNnNX1g24oPy8KWICy2MMQy0Si7pJ6-FADjOkGbhmSMLQiZ9MDVM3I5JyvXZIAa6967bN5LcWfXtiA6-QwqG7SQTBK63JQ.5HFQN2Ynmp5yp40FdfKMi7d1dDoguaymfGyAdhuDOLs&dib_tag=se&qid=1755802531&refinements=p_n_g-101014971069111%3A119653281011&s=electronics&sr=1-4712,https://m.media-amazon.com/images/I/712tRHN+VdL._AC_UL320_.jpg
"Poly - Voyager 4320 UC Wireless Headset + Charge Stand (Plantronics) - Headphones w/Mic - Connect to PC/Mac via USB-C Bluetooth Adapter, Cell Phone via Bluetooth-Works w/Teams (Certified), Zoom&More",Audio,135.99,Poly,/Poly-Plantronics-Headphones-Bluetooth-Bluetooth-Works/dp/B09BBS4BYJ/ref=sr_1_5715?dib=eyJ2IjoiMSJ9.AC_bDXUi_sdj45V1Jcdg1pMySrWZ665ZO3mxP1A-VyxaDdjSF0T-nleM9bqVHrd4YKmteAUNMtqmAsg_RmdOSRkXbNGV-bmE5zgAyLkzf5dtWPSYCzpVNPJWX-nEuAptjYCnErS2RYqCpt24RikfYIXC4ax8y9HfhCgW169zqb5JQf1mJAHtziznJyse5yAsb7QQeEtjByHdq7i5aM8txIivR1Q6dDseZzDQDXZQ_Ec4LRDT8a3HHOU5jiV28NlP4CqtuVodO1Yg55UdabfVEWu0arrRnkTTzffCzatrs0s.pzjXpwW7czZCQi1pwpz4OCyEQ6dlGz2AmA2M8As0Wsk&dib_tag=se&qid=1755803047&refinements=p_n_g-101014971069111%3A119653281011&s=electronics&sr=1-5715,https://m.media-amazon.com/images/I/51q0G2xt4jL._AC_UL320_.jpg
"Toshiba 1TB 5400RPM 8MB Cache SATA 3.0Gb/s 2.5 inch Notebook Hard Drive (MQ01ABD100V) - 1 Year Warranty,Usb",Storage & Memory Cards,32.99,Toshiba,/Toshiba-5400RPM-Cache-Notebook-MQ01ABD100V/dp/B07NGTZWWZ/ref=sr_1_34561?dib=eyJ2IjoiMSJ9.WWkz0Vyx1mpL93CfNehhaziRYt3XJt4fHOTdCcX0UQmSPzngqHDaVKiCjo--wy4UjyX3dZjOztzKKDkpQyGTTUumfJIeoCK5o6avnujqAW3xP_7JcPLeIm8ub9nm29HAtIbYlaAtmyeGO0Kui6cUiXuTghr_7Nm9rw_JtO2CdcFeOExJtJ8M28F725jgFpoVBy0MT1UJ2heAJ9KzlIsVz1FZQY4MQBsoTgYQ1o1uZbqcxawliPqnXhIp0WNC4Q-p9V9froR6aNA4ndOOhEuyVjyyPALSCAgZs4aEudcp9hs.i__gEYmvFbdJPUd24awUJtenPynZW5EpDSmyEXbhi4o&dib_tag=se&qid=1756607648&refinements=p_n_g-101014971069111%3A119653281011&s=electronics&sr=1-34561,https://m.media-amazon.com/images/I/61Ld+N-dNtL._AC_UL320_.jpg
"MSI Thin A15 15.6” 144Hz FHD Gaming Laptop: Ryzen 7-7735HS, NVIDIA Geforce RTX 4050, 16GB DDR5, 512GB NVMe SSD, Cooler Boost 5, Win 11: Black B7VE-214US",Computers & Laptops,,Msi,/MSI-Thin-144Hz-Gaming-Laptop/dp/B0CXV97Q74/ref=sr_1_3920?dib=eyJ2IjoiMSJ9.00Wqsdnxn5vcKWDfIdvaGJgCzG3kqpbJijhdqNFne_LnTecYFTK9yN7rkDmO75cq8FY22PB5yCoEpjcV_sq0ENcA5cNxERGDJt-G8vxH3BJcwrvBZPNNmvw_CTAUL8YSqIAtQNs6lNLJy1Xg5S2-04ytGoQB8oV4g7faQinN0L29b9GAwrs9fuUHySq5i24sibXdKyY6VzGGmhIe2Q1oeYNwWf5Qi2hWQOGxTYYrh_JeHdjiG689ebymZbB13N6p6fsPnHOTm1k4byfZoZF5-39s3BVFR4xjSa_Iq4yYPBo.Sc4nhZAx99fejELnMSyRnG2bcvve2MvoqsmLPfyhuFM&dib_tag=se&qid=1755802116&refinements=p_n_g-101014971069111%3A119653281011&s=electronics&sr=1-3920,https://m.media-amazon.com/images/I/71Fr-EEsp6L._AC_UL320_.jpg
Wyze Battery Charging Dock for Battery Cam Pro,Batteries,7.49,Wyze,/Wyze-Battery-Charging-Dock-Cam/dp/B0C4D1YMJS/ref=sr_1_9574?dib=eyJ2IjoiMSJ9.qlQKnbbBZVs3Zw0PMKCkISKEa79TXe5GwEms_FSqee8wnMn3ZIDN-d90KFIUT_anyE7X1tSHpQaB33EvMAzkQIIkDNog0N8iw80fuX3vcwD6-sHEJjJquSLuvm94T6-MX1Q9cx3Tw83dVQKzWyPogZmofBEDN60kajjZozei-d_snDYy49XYshdXEmAorktT_m3Q_BDxisIm1PoJhdSrPBzxHMvPCU7kKU166TwVnHpBRoErRsCNSnSXsDDu_66V1aGm7wxyQVXvIWpkIG7aecvceMd8I0x97EwvWR0Hb2g.sX-wt9vj40anW1PW977RBxYs0h1KvbpkjPata1yKxOg&dib_tag=se&qid=1756098059&refinements=p_n_g-101014971069111%3A119653281011&s=electronics&sr=1-9574,https://m.media-amazon.com/images/I/31AZ5BaDnoL._AC_UL320_.jpg
"Canon EOS Rebel T7 DSLR Camera w/EF-S 18-55mm F/3.5-5.6 Zoom Lens + 420-800mm Super Telephoto Lens + 100S Sling Backpack + 64GB Memory Cards, Professional Photo Bundle (42pc Bundle) (Renewed)",Cameras & Photography,579.0,Canon,/Canon-420-800mm-Telephoto-Backpack-Professional/dp/B0C7Y8NKV2/ref=sr_1_5214?dib=eyJ2IjoiMSJ9.QxGxCRYCE_cQMtV1uNtcGYzu-tcHtsPECTieip9OVVPo1hQ8oEYFtmQJ7PyP_RDCoOS97y8iuTPxklddr7jpJaRxkOwLyQqSaLlB5Te1HIMtNI3XcQH7J23bVeiOZGvYoouY3mlcYAC7y6jvknub6jogqysS8JYzMDc0i2VI6R3fQINn9DHeo08st23tkimE6IYumUC3UyxUPEl6_h27DqOV08FKZ-W0kUc2vnl5NosSFcETWcoXYH-h7lYp0Q_4du77miv1MGjkQMrLwAvNKljChgXrydsKtijRQFnPfXs.E0_YxsF-S5l48U5mwHha2y7QFVMYkuir0k-qo9XLPOA&dib_tag=se&qid=1755802804&refinements=p_n_g-101014971069111%3A119653281011&s=electronics&sr=1-5214,https://m.media-amazon.com/images/I/914SKex29LL._AC_UL320_.jpg
"Uniden BearTracker Scanner (BCT15X) with 9,000 Channels, TrunkTracker III Technology, Base/Mobile Design, Close Call RF Capture Technology with Location-Based Scanning, - Black Color",Printers & Ink,173.33,Uniden,/Uniden-BearTracker-BCT15X-TrunkTracker-Location-Based/dp/B002IT1C8U/ref=sr_1_36456?dib=eyJ2IjoiMSJ9.y3E33iRhk0XRdkldMJKWIhCjaN7m_UphS1Y21sru2mOb30BZ1OsQO0TC0RImOPjvx2zyd2NejpjqYym5UZBkAUSZYCHmjdh4qaoW-TZ4DW59s_-R9mqTn3HA4aTa29r4tuH71gHBKsDmadOKGjn8NxywGa2bqP_NIRtbUArVN3-ZlxwpmXjdFnaKqUq5TMdsrS5FppsFW3NcqmQ0tz3Tgbd0IOGZbAVqIfmX9v9NJ34ikLZgPZDtZffev27haVajGH9-oJ-JrsRqyPh-B-XWJsHv0UDq-sV4i39Ne246nFQ.xpvG4vlQFDxzLR2dvBWTrvoAPYlXULHlscGmvoX8MCI&dib_tag=se&qid=1756608890&refinements=p_n_g-101014971069111%3A119653281011&s=electronics&sr=1-36456,https://m.media-amazon.com/images/I/81qUzQufR9L._AC_UL320_.jpg
"Sennheiser ACCENTUM Wireless Bluetooth Headphones - 50-Hour Battery Life, Audio, Hybrid Noise Cancelling (ANC), All-Day Comfort and Clear Voice Pick-up for Calls, Black",Audio,179.95,Sennheiser,/Sennheiser-Consumer-Audio-Bluetooth-Headphones/dp/B0CHFJJNZ7/ref=sr_1_7584?dib=eyJ2IjoiMSJ9.h7HFj5iEyNGMU7B4QX-LUjXeOHz-Q99_LXoOpm6Ij6YJGOhSn4lmhYiCkfziODe_k-vhZbdxt1nP0gcM9J_9ZyWYh067qgicKmNTiYDP7uaOpdaWtMZntOOVwrc_IMBLLLA8Be2_oDpr_Sa0W4u4AsNoPId1kRSShvY-cldyt5CylQC9vlX1CsJD8y422URA51s_uE5TFjuyILrH1GmX4ugk8BV6_lFaF_wo4pKdKWfqVZf6x36hKzOGSrLlEygAdjGZ8PfCQkchfCbk2Kda3K4Y769WpvHlGFSyJe02aYw.8Poot0zGgtjL6nluWNly6c-OKH-gygd1cVVQm7En_WA&dib_tag=se&qid=1756096977&refinements=p_n_g-101014971069111%3A119653281011&s=electronics&sr=1-7584,https://m.media-amazon.com/images/I/71St1R5DFGL._AC_UL320_.jpg
"adidas Primetime Large Backpack for Women and Men, Big Bag with Laptop Sleeve, Black/Gold Metallic, One Size",Bags & Cases,68.37,Adidas,/adidas-Primetime-Backpack-Athletic-Bag-Boys/dp/B0DGZQ99DZ/ref=sr_1_6145?dib=eyJ2IjoiMSJ9.q5Om1OwN1SqB4g3O9Kj_Sx3ZO8dGhn_2GMU0WSpjWplK9veR7Vg9cH2dn74mqYVtKvmqwJtMOzwuA6VldctfUpbf3MMzeSdv2YU-wVVM1jE8G42nlis9B4kkqoVubMgv830y8X_Zj5WtzVL3b1OtkGOhprg80Tb1HTi6UsR4XuDrqewMsIYSJCWUe0kacx72p3fCxEi47x-qjsgCPNx5Oieo5nHSA6Irk-co53ih-VClVQMDZUCo49SxRz_rMTXBKGsizw_C67fgtOTFeOaxMkogQ8crD1A1WQuE4jihyj0.8iCuurE1P9OLQlEW-zchz1qE8WnyHsuROgquYmfRWXQ&dib_tag=se&qid=1755803269&refinements=p_n_g-101014971069111%3A119653281011&s=electronics&sr=1-6145,https://m.media-amazon.com/images/I/818eAmHOs6L._AC_UL320_.jpg
"Amazon Basics HDMI Cable, 3 Feet, HDMI 2.1 to HDMI Cable (48Gbps), 8K@60Hz 4K@120Hz Certified Ultra High Speed, Black, Compatible with PS5/Xbox/TV/Monitor",Cables & Charging,7.19,Amazon,/Amazon-Basics-Certified-Gold-Plated-Ethernet/dp/B08BS181P2/ref=sr_1_1459?dib=eyJ2IjoiMSJ9.SQ8CKZWkfIKyOKNbI_1knBAsCtafqqJ2JmhFbrLyNuqPKqxb_E3-1_TlTtRYZ60-S9b8rUyPU69iP5yv0eOemYa3DgyZU1cTVAHcRShOoylOwQ5dB1Q7afDi3FtAKeelex4xafrc0t5CSDlnPbFgLVAOuRUq799j-F8qJEvR909qdsQUlldNbKVKaBwyutb5MoH8JuuXTOfMIeDaI4j2PTTlqB5uifhIQ3R-mBmJ8X428rRUvIMQZ3wqcGsisPzha9RLjgRXHptTTM1dcILp6FILoEt6SF1KxJz0w99oqZs.oj8l49qZo9o-EIvttPzv_9X-dISo5daToc5f3TlF9qU&dib_tag=se&qid=1755800834&refinements=p_n_g-101014971069111%3A119653281011&s=electronics&sr=1-1459,https://m.media-amazon.com/images/I/61GEzcHd03L._AC_UL320_.jpg
Canon 10x42 L is WP Image Stabilized Binoculars,Optics,,Canon,/Canon-10x42-Stabilization-Waterproof-Binoculars/dp/B0007W4IW2/ref=sr_1_13794?dib=eyJ2IjoiMSJ9.fyL4nezz5SK6hF7kPU5hKbwtDRzEZ_fUtOn-TC2TH3Xux4Ub7OFtJs0hI6foqv6diBRH6Ra1zt9BajhkezNllQ-4LFRFxoR8QFgUNuRMneSrwknjdbOkS9AeKCjBAymaozp_S3oY8X9QpvazTL24cs-_X0dnMyLVPwKwm5DqJdVBE1Z6A_PhWZeqGCiMuH5q54wgJT83hE7LGaenIT80JBrFDYKE9A62Shidnm0HLpaQ5vNsx6wD3e1WJAqEH9hLy9p0nr0rXqJhyopIVJhvQLbN3tJzf2nMUNYyabliyvs.Z29freEuXAKYS01vI9TPEe11kTJqN_US6_QRqvUt-6I&dib_tag=se&qid=1756100241&refinements=p_n_g-101014971069111%3A119653281011&s=electronics&sr=1-13794,https://m.media-amazon.com/images/I/51MXDM3Ar2L._AC_UL320_.jpg
"Apple 2018 iPad (9.7-inch, Wi-Fi, 32GB) - Gold (Renewed)",Phone & Tablet Accessories,,Apple,/2018-Apple-iPad-9-7-inch-Wi-Fi/dp/B07G9N7J3S/ref=sr_1_3993?dib=eyJ2IjoiMSJ9.gatk9YvB_s1sqiAdjFIlP3YqXCk3iFsq_RNLgjuz90G8DMBVHg-SUAHM3DFVoEYN2dzYcTZiypkz3fNExBxShiJqDgkfUKm9OKpEW63xkU5CywYJha25ZjFjb-Q_zZ_pHyW5xj5cutDKGB_v2Lkjrp6l4KL7sd7o-r5LMJoyHwIKt0b9VoGLBZF58zk_x2HWRpnPo0AILFLrqa5vKOVwCmXG21Bmiv7XESN_yJcjAUBEbiJNbtsvLZsqRr-Ev31OA7ana08YKHOXbzA66IsYuUHMezYe2o1SwWN-6yx32OQ.Hwp3sGKQ2Jur-aGkxqP3mUjaunIcw7wrsAtktKscs3o&dib_tag=se&qid=1755802153&refinements=p_n_g-101014971069111%3A119653281011&s=electronics&sr=1-3993,https://m.media-amazon.com/images/I/61yrp39UA2L._AC_UL320_.jpg
"Google Pixel 6 5G, US Version, 128GB, Sorta Seafoam - Unlocked (Renewed)",Phone & Tablet Accessories,,Google,/Google-Pixel-6-5G-Android-Phone/dp/B09L1QHK1H/ref=sr_1_8998?dib=eyJ2IjoiMSJ9.pqAMtSMuX1CxhV2zfyMuzivGrY_IofjPPfRPMbsp5NPJPsYbod03yTudmyfPnue55Orf6f_00pdSJPHZqB2HZcKwaK8BhVyNXMPKn-H3aWJAjeyMGAbb-TYGmmPKO2q2Jgi1mYmMWwJ-vK2wiMFoYBl-s0pN5o95t_831ilMQBqBeZ80dS5HECav3d8B4kEI4nJQXbNs65YOlVGvMhQV-xffw3LPyizK-QWVtpwP4jYVbhBaVWebGNw-sXVgV7Zw91EUn65wgGzGaStc4wMPP1kwEYpNNTT5cYYON_-_n1E.0nlQ4gzoekM4onp9HQgKQ30m9Yr2a5OsHLwZ30tbA00&dib_tag=se&qid=1756097762&refinements=p_n_g-101014971069111%3A119653281011&s=electronics&sr=1-8998,https://m.media-amazon.com/images/I/61hg+eIHUDL._AC_UL320_.jpg
"HP 230 Wireless Keyboard - Wireless Connection - Low-Profile, Quiet Design - Windows & Mac OS - Laptop, PC Compatible - Shortcut Keys & Number Pad - Long Battery Life (‎3L1E7AA#ABA),Black",Computers & Laptops,,Hp,/HP-Wireless-Keyboard-3L1E7AA-ABA/dp/B09W2SV2JD/ref=sr_1_3821?dib=eyJ2IjoiMSJ9.yVIeaHN89w6YvFFLPLTsW-9JzVxcN3FW6DO07brPRMxV7Os_Zcbq4IsutFXjmuwqkX5YvvXljd4c0Nt26yVmgwp0bzBVfGfRsgINsl1y4jRNKLoU5WRjiaMK9CX70b7OXiTElCq_lsQU7ePe1QVBzFiEFwqLJIR4cPhAMmXeOI6M7LA7LNfqhtTMdYIXWymHASLe12okyZGetKqwUblXTKnkoD6b0xsIF8Dy3XyYLeviv528aoEz2dG4dobCt3mGXwggxdEXyOq-x2ISaeUzs9Og34wA9uCUsJjsNAuUBt0.Vl_nQr4EFs9f2-yBAo4AK4S11EDzpU7kMhXqZ6rHNP0&dib_tag=se&qid=1755802056&refinements=p_n_g-101014971069111%3A119653281011&s=electronics&sr=1-3821,https://m.media-amazon.com/images/I/51+2VK3N1XL._AC_UL320_.jpg
"THE NORTH FACE Jester Everyday Laptop Backpack, Midnight Petrol/Algae Blue, One Size",Bags & Cases,75.0,The North Face,/NORTH-FACE-Everyday-Backpack-Midnight/dp/B0CN9SLZYP/ref=sr_1_4080?dib=eyJ2IjoiMSJ9.R6IrfGvPmGVB9c5o8dhLmpCFwXseXja9f1nIYjPFhkDUBj7pAiiJRtNiiHcuCPCHHQwO5kRX8LZwmQm_CDSzDLlze2YE755KDPPJzAwjJPyidhSBeHEVXn-InAw_iz0hDTbjs1ALe5fiJhQPf2Lu21Q61VFm3ckUn7Yi9yJT4jfJOcJ9NyfY8quno9296Gbtc_MgCEX4F-PlK9smuosSclK2hneKXXRm_4zKDqq6p4p1hqo8WPd-YEH4bK-FHNT7HJGzpL2YZTCQavgDKYJ-Yk8I4RXQjG-eLEwRk5yu44I.oOUmqNsEROKwOwD8zTHH2WpZsQHLMPREsqeD9SfhYnQ&dib_tag=se&qid=1755802192&refinements=p_n_g-101014971069111%3A119653281011&s=electronics&sr=1-4080,https://m.media-amazon.com/images/I/81FVUgIuEGL._AC_UL320_.jpg
Milwaukee 2951-20 M12 Lithium-Ion Cordless Radio + Charger (Tool Only),Audio,149.0,Milwaukee,/Milwaukee-2951-20-Lithium-Ion-Cordless-Bluetooth/dp/B08CL27W51/ref=sr_1_7030?dib=eyJ2IjoiMSJ9.hffygt-88BZP_TrXB15IXM9jjCLuNaYj6y_W7q3wjwhLPJuhQaZIufCPmMqYzwg9_eZCatkyiInDsTiY6SQu38D2E6YWMBfuvdWhYi6IvX6rztZ0pMxQv5G3XCdFEU8lEYsEOggqKYixjge2RV23rRl6u-EEv0uytmZL7eMpR1O9QmcYOL1CbBLjVEnKs5iiHXPunGIiL_y5uJzI_qA8OMbmhyY8SXLk5v6Iam3Gyx5tVC6P3MPSWlLnsZnLIntfvyF6dE5VBm2vLi--R2iI51wIhInw71oVEj3WddBJJws.vRb7oVhqQxoJTaaKLi0uYBpXlsdGlzOc4UNKkvBIBaY&dib_tag=se&qid=1755803716&refinements=p_n_g-101014971069111%3A119653281011&s=electronics&sr=1-7030,https://m.media-amazon.com/images/I/81BCNq-8uJL._AC_UL320_.jpg
"Canon PowerShot V1, Hybrid Camera, Built-in Ultra-Wide-Angle Zoom Lens, 4K Video, Vlogging, Live Streaming, Content Creation, Compact Design",Cameras & Photography,979.0,Canon,/Canon-PowerShot-Ultra-Wide-Angle-Vlogging-Streaming/dp/B0F252G9JG/ref=sr_1_3388?dib=eyJ2IjoiMSJ9.QaGMlAGwQqsEbikOSEM5cECw74awoysPJgx__juPvGltUN623NPInfEfRmpzG9ehVLe_wK5Fd64-9VToGbixMJl3qRg7wD0pWvcfC8R9dFYI4hCLfP29JOSwWA7UGbKAHefK9jbtW82kQtruewaVwHYy8TDCGafLpBhcoA_NKCV626o9qqupt61g2zIBhnRkwZSRM-JfOhraSGzVA4KMhnINmFLBFg3D9Bcuq5vt2ZWwx_QpB8lWLxfEWH0QsAYr0VeoxJC8AZXN3U85xh-hliyi7-ZiRppXtkEoZ9Kd2To.DK0K_ekDxfSfbO3vEo4oGrUdF_xF63c7lhjwfuAyqP0&dib_tag=se&qid=1755801828&refinements=p_n_g-101014971069111%3A119653281011&s=electronics&sr=1-3388,https://m.media-amazon.com/images/I/71wyyHCv1FL._AC_UL320_.jpg
Logitech Brio 4K Webcam,Cameras & Photography,130.9,Logitech,/Logitech-2017-Brio-4K-Webcam/dp/B01N5UOYC4/ref=sr_1_475?dib=eyJ2IjoiMSJ9.VTXUD4ioWLKdk5P8PUnjvV6AwJuV0bS9C9POJPgBr4iwa6HeV0tUgXJSfjeloofywl7yVGKDq_WxghA2-VCDvX1Xqjd665-jZ9Y_zbiUH69BhuTGlLstmzuoT8S75eJUtxqz5Plv1_RdkOwnH8F4le8h2IVKOuRNg75IwrR9AWqz1V4EAjmx3HsIwdhlPJwyJPxFw6iogf5IT546Sw30YXgwnSTJKDm6JeR3wlcjH41NwknRiZOOx0a8SoPIMeF28y2UVS1CZBhNUQG_B9KbWnv0qMtS8iZ5OI5EHrnVrss.xfxBBtFOnTYcq62h_1lCPOJHpIcJJAA6D6H8cbmMYpU&dib_tag=se&qid=1755800321&refinements=p_n_g-101014971069111%3A119653281011&s=electronics&sr=1-475,https://m.media-amazon.com/images/I/71SAamTGWQL._AC_UL320_.jpg
"Shure MV6 Gaming Microphone, Dynamic USB PC Mic for Video Games & Streaming - Desktop Stand, Background Noise Cancellation, Tap-to-Mute & 3.5mm Output for Real-Time Headphone Monitoring",Audio,169.0,Shure,/Shure-MV6-Microphone-Dynamic-Streaming/dp/B0DBJ5DBL8/ref=sr_1_1262?dib=eyJ2IjoiMSJ9.yM4Xk_KefL0fYTuTbMtFqQg4HCJTGGymp8e7Ibn86aSil1ybZg58ltzwr5M6ViHxcwzFpU9sWMJhX8h_gsNsdjd0tLcn9-mbkoskrj8241BuGkzPckrF8QS2H2kQl7me2O5XKqESaUQ7xB4EW_5vJYNQGFpNFS9mj16x_vqwqIq9pZCvvPvkxx_jR3eWGvGYtX7Av8nyZFu0XRVFwvctDDMlbB368w2-1c0jxtyQKMpgNda2N2Gjce6EH4X3dBBIBKVQOgx1Zmvzwz3I-zcXx2NscHusLvHoxeoMzHwiQ_U.VnUQhWfbbtLDjKjBZ0QlQuoyAOIJ0L0_N_RhqWmgH3s&dib_tag=se&qid=1755800737&refinements=p_n_g-101014971069111%3A119653281011&s=electronics&sr=1-1262,https://m.media-amazon.com/images/I/61u0AqBTp3L._AC_UL320_.jpg
"Scosche BTFM9 FM Bluetooth Transmitter Car, Dual 12W USB-C and USB-A Charging Ports, Fast Type C Car Charger, Wireless Radio Bluetooth Adapter, Hands-Free Kit for Calls, Siri and Google Assistant",Audio,19.99,Scosche,/Scosche-Bluetooth-Transmitter-Hands-Free-Assistant/dp/B0CSJ5SDN9/ref=sr_1_2075?dib=eyJ2IjoiMSJ9.5FZ7H_ow9oUTBpORLdPT2zWIU2jG4T1cOrF-9aMfQwIdu_MWUUDwwdbpnzv7X74tIEN3mpdZzOFD_Zs8qz4GCrDmReizWimeHlAWTcjF0Nc3hs3rCDSRLQGJ6nVyA2Mphak5j2oPySTb17xJc3L6F2Qs_n_AR8N1uHlnKcwDYmtZLM4olk456rU_kz3uwl90LTUCoM3yJ4zUryfF6_YMGdR7lyR74pyt9--7f8dI0JjXnpI_pZWD8_x3JY8hXGqTTKZrQQd9f-7a0vAhpGfKt9lhksehFUNq593haUrWLBo.1gUYKYJZeYW6k6gBuVP_G3n5L2DgvYLlcYp6BV9DKp0&dib_tag=se&qid=1755801153&refinements=p_n_g-101014971069111%3A119653281011&s=electronics&sr=1-2075,https://m.media-amazon.com/images/I/61Dy418jzgL._AC_UL320_.jpg
"Energizer 2016 Batteries (2 Pack), 3V Lithium Coin Batteries With 3-in-1 Child Shield",Batteries,,Energizer,,https://m.media-amazon.com/images/I/71h+ZWRigML._AC_UL320_.jpg
"Brother P-Touch, PTD210, Easy-to-Use Label Maker Bundle (4 Label Tapes Included), White, Small",Office & School Supplies,59.99,Brother,/Brother-P-touch-PTD210-Bundle-included/dp/B09QXZ7ZRD/ref=sr_1_199?dib=eyJ2IjoiMSJ9.xxldqB5memNxSjwXyxys54aDmLiGJ42_Tl2AkBmrD_7MRr5gGnMWixONylZiKaOgfEi96AnHhu0Xn8U6VrCnYojHT5F_Hr7ZF6YP7ldM9J6CA7lc7rfetOj2_S6O1Cv_a7bRRP29rhRO7MRmTGO7m0sXpH7MwZoAZIy509qcpYYWs2j_qoabNCPStbSqgth83jm_kNmC96BqzMOYeCfwZWi2JBNi4vqO36QSfiUm1tli3XK5DMmX7q7ZR9k7-rZOpxd7NNVDX79G4toMAw230Mp-jmBanSXXoiLb54fdTw8.L_yAPB9NDDxoZaG4KhBh_l3HvKsWIfYLweEBVq_KA3w&dib_tag=se&qid=1755800183&refinements=p_n_g-101014971069111%3A119653281011&s=electronics&sr=1-199,https://m.media-amazon.com/images/I/61PaA3ceSYL._AC_UL320_.jpg
"Mounting Dream UL Listed TV Mount for Most 37-75 Inch TV, Universal Tilt TV Wall Mount Fit 16"", 18"", 24"" Stud with Loading Capacity 132lbs, Max Vesa 600 x 400mm, Low Profile Flat Wall Mount Bracket",TV & Home Entertainment,29.99,Mounting Dream,/sspa/click?ie=UTF8&spc=MToxODgxMDIwMDU5MDY1NDg5OjE3NTU4MDM2MjQ6c3BfYnRmX2Jyb3dzZToyMDAwNTE2ODM0Nzg1MTE6OjA6Og&url=%2FMounting-Dream-600x400mm-Capacity-MD2268-LK%2Fdp%2FB00NKYYMAW%2Fref%3Dsr_1_6848_sspa%3Fdib%3DeyJ2IjoiMSJ9.HfxMQGH5jQ5S4hJE1nK5eyvcTTh07-TZiThkZtk770NMk5a7cigeVN9rQ_YvPeZKoaQCU8wjdj9UskE4ZlP8rV_QVOhOz-TMjPdaGobUU2sB2JJTveW-q573IYeJ7iFWJNR19RlPpklbsSo5KsZGykbMT8Cm2Go0QRBKlosnSLEIcWlGGUVMSNBzKX9wtWH45zdVt9VGn9LIsyu5O12oLfB1kzg3pzWKi29mrHgJv162nKFmbf3HV4ifkEdJwbmGxzwv5fLju7uRHfcyWXGUzSG5BjZzOyxGlMAyl2iDdYY.Ga7D7KQYo1-41WRECx8Hii63Wi4QIwwZlDNJ8OOkreA%26dib_tag%3Dse%26qid%3D1755803623%26refinements%3Dp_n_g-101014971069111%253A119653281011%26s%3Delectronics%26sr%3D1-6848-spons%26sp_csd%3Dd2lkZ2V0TmFtZT1zcF9idGZfYnJvd3Nl%26psc%3D1,https://m.media-amazon.com/images/I/61Hy8TJdu3L._AC_UL320_.jpg
"Philips Portable CD Player Boombox Bluetooth with Cassette Player All in one Powerful Stereo Boom Box CD Player for Home Mega Bass Reflex Speakers, Radio/USB/MP3/AUX Input with Backlight LCD Display",Audio,149.99,Philips,/Portable-Bluetooth-Cassette-Powerful-Backlight/dp/B0BXBJ3P42/ref=sr_1_1926?dib=eyJ2IjoiMSJ9.HQwA54VVxMSN0eYnHDjbjHrflOOlr-8OeaVhQjwVXFptWwLdzorbE9eXkOAy8u6H2MIULfpJck-lVJwHmHuVubgcXACVBZ7ExC8gLB38bBShntVwTK1dx0EkYMKqiZmwxnzDQC66uJmgNi2SPCbDzpnakTt4GeTsYd2eE1ZnhVC1NF1cwcPjDBgTYoBFOjEFZTcxRhDwVBOoxY33mVVU580qkMqTUQ87yQw3eMjKTrWYpEWjIuZLtkMefvthlSu9tyPDvzjb-LWcUhuyXVumsXgSSxkbEWgqbbf5Ki6jv9g.QK5WJkgZM28b2dTCI3FDYxWYEzGuZEdl4LdZOvV8WRc&dib_tag=se&qid=1755801078&refinements=p_n_g-101014971069111%3A119653281011&s=electronics&sr=1-1926,https://m.media-amazon.com/images/I/717Gaw3y51L._AC_UL320_.jpg
"Logitech G X56 H.O.T.A.S Throttle and Joystick Flight Simulator Game Controller, 4 Spring Options, +189 Programmable Controls, RGB Lighting, 2x USB, PC - Black",Gaming,,Logitech,/Logitech-Throttle-Simulation-Controller-Gaming/dp/B079P6SSHP/ref=sr_1_2409?dib=eyJ2IjoiMSJ9.1Bavs2c_EvocvjJYNtUmhYl6lB0ulkPmlE4twYl4PYD_RJH5ISVOU7N_f_fjKD80gGYeAlNhQZE0UMOtsuKAvm5bLvFWHoql4esXjly5jzK0HagEmwdbz9tSXqUBd41tOn0AYnXyUYPjutDKbKMqAMdxmLscN37Jb9UY2InamG7UbXu38HypGwldzxOhvst2bNcu2y5t4aQ3FsGx8eDC8ykjCEFULzE1hPxrSbHZRoJw6KMswvXtTpw-AYQljdiAJSWR6RaRmEcKkdgZePWaR1q_qgDODi9ziMEpL_EHzhs.W91kHwURj0MHwoerOoU4xzXOEggoiIn-sdubzrliHAI&dib_tag=se&qid=1755801327&refinements=p_n_g-101014971069111%3A119653281011&s=electronics&sr=1-2409,https://m.media-amazon.com/images/I/51NWV0+mjZL._AC_UL320_.jpg
"Wyze Expandable MicroSDXC Card Class 10,Storage 128GB , Black",Storage & Memory Cards,16.99,Wyze,/Expandable-Storage-128GB-MicroSDHC-Class/dp/B09TFZKGHT/ref=sr_1_2103?dib=eyJ2IjoiMSJ9.nwd36wdvKcO1LitDEmbzXL2S5gBuHx-CsjWxVC2Mj1A4qLbqgu6q-Qek60RVvWKCmgUc2vdjpA_ip5WUSbMAhJJAmRNYsfeNm9x0eAZnta97QgyqF1nb_1RJCMEGI9rpqKMi7AAiIQNuwjApZxjtydhPTO5uM7ZBge-SjWy-5yJoZNsobuFW3u6JHkzVYDrpJ6k88DWHKmVJIKf6-1vqVqqVDbKjRY_PhUtCk2Vbvzlteimq1zpRBE9aZyP6PFeL0nEHW56N1CbLjAXg0UbBRKiAQdHfxqxwhsY13wqSleE.mw0P1G9AOw6BlD9xCnPOA8ckqrcZdHJYeZSYdAADSuc&dib_tag=se&qid=1755801166&refinements=p_n_g-101014971069111%3A119653281011&s=electronics&sr=1-2103,https://m.media-amazon.com/images/I/61VMF8jsmmL._AC_UL320_.jpg
"Amazon Basics Blank Index Cards, White, 3"" x 5"", 1000 Count (10 Pack of 100)",Office & School Supplies,7.34,Amazon,/AmazonBasics-Blank-Index-Cards-White/dp/B07X5CSNVH/ref=sr_1_891?dib=eyJ2IjoiMSJ9.nutMgKMTbNTvWtZzMWgnojh7DW3YRt_NcFxlU8arQirRzMIFm--kacPu_A3gOMKrAgOk2R70d2GHkoSjNpdWzifqBJfoLOL-zONRVqWjXdAWHaHIwc5Pnb_vmDo4i0gQlSBhwWAzNisRvZyVcmo1OqbBYnjLYRWCtnN_7Mg8KcbD6QgsRu2L0I25-7NvieIkpIsxa_4RAUtglaFYBYsE9J0DaCwrd7Sgp15d17rPn4ApCkUbaL-5qRAXlQ34W1549zgj527WiXI6Hfu6VjOaCpIapDKTdDuDRnEC-lD6yQY.ejwYl-EvRKya13IZmsUoEar8rU5TFLY8snspnEraTfc&dib_tag=se&qid=1755800547&refinements=p_n_g-101014971069111%3A119653281011&s=electronics&sr=1-891,https://m.media-amazon.com/images/I/61Pezwh778L._AC_UL320_.jpg
"UGREEN Revodok 7 in 1 USB C Hub Gigabit Ethernet Adapter 4K@60Hz HDMI, 100W PD Charging, USB A Data Ports, SD/TF Card Reader Compatible with Mac M1, M2, M3, iPad, iPhone 15 Pro/Pro Max, Steam Deck",Networking,28.8,Ugreen,/UGREEN-Docking-Station-Ethernet-Delivery/dp/B093FKT9BF/ref=sr_1_6780?dib=eyJ2IjoiMSJ9.V09UGHsEUC5hdOZ3J8JGw4GgDmYs3TnERZk9yF8DTTCyNhfjdQixSY9yc-ToyDh8AanecYUZhgEoVPx1mkavcA_d9Ud0N5ejCibt5XWE_m8wIr4w0-Us2XR8T2QA-EADlx7_SLm3Oso5xlD45geiNnCyR6N4NwqjIuaTkpMof4z2i2-k_ZAwvvwDyYRSa9X--F-NVXy-9umq26JeIugSEjutPty1ww7EMhbCSi_mZmsqMSOYJQ9u9citiarJLWng05CSbCiP5j99xtvh-KTpEaNn7QAoWxCl4jNskqmDp8Q.gvkeGOl4sjxPfFQB-gaXY3dHJHXilwKNtGlZyy_7afQ&dib_tag=se&qid=1755803596&refinements=p_n_g-101014971069111%3A119653281011&s=electronics&sr=1-6780,https://m.media-amazon.com/images/I/71oaJLsifAL._AC_UL320_.jpg
"VIZIO 65 Inch 4K Smart TV, V-Series UHD LED HDR Television with Apple AirPlay and Chromecast Built-in",TV & Home Entertainment,,Vizio,/VIZIO-65-Inch-AirPlay-Chromecast-V655-H19/dp/B08R14H3MF/ref=sr_1_8397?dib=eyJ2IjoiMSJ9.2VdcX_0gQzZdY7ldAo_f7QuRh7EZeV3jDdJ9vf38-kC6sXrKSgFlezmN71m-GI_OAC2JBo5kxxV7slCO86ksMaA7ViJk2a9Bze07FmFx_NJvIJEzIXgik_cSVHIrBuNVMPWMI_IL_3hl1TPWzgFREaKtfhNq2-lYNkhvIerbqLh-blO82gh1uAxvKvOSNTwHRA6QWgvmiT7VjfsR6os887KAUdtzVgUmcGn7-ttFV36aTSi1RYyakWd3QO4w-SYpIYl4-3lNs15RNo8y1mMqqVOYuPtLt9evNqVgFsv0wGk.5l6cigf5i04l9WuWw6-OJx2JhodAbhnCU73gAseAEEI&dib_tag=se&qid=1756097434&refinements=p_n_g-101014971069111%3A119653281011&s=electronics&sr=1-8397,https://m.media-amazon.com/images/I/81NCnG8UvYL._AC_UL320_.jpg
DualShock 4 Wireless Controller for PlayStation 4 - Jet Black (Renewed),Gaming,,Dualshock,/DualShock-Wireless-Controller-PlayStation-Sony-4/dp/B0125JFATY/ref=sr_1_1239?dib=eyJ2IjoiMSJ9.j5YgUa3pGHJF7T3Aaz6F6nWnsQFS4DqoQ6dKMKHt2ohjS2sSQYPLoBc__QE1OO-xXAxy8eg4JQnSO-MBaOCxdrmra484mXPKgSi6O5Xa_vRcLrgMJC5ZW4syJfBQxKVWF7-WtljZZB_96cINlL8LnRXwtjQ0f-sx9llCqJ3alZ3oHqR0hnxETQf9t7WvRuN38sF9sJSbaiEOaHKOIbKCFbpxsQi5c_NUEqwuTotDePfVnHnSb_pBypr-y4PqNPiIhD--RL80Fo7gxl0C29ufiF2awKznjutXC9VlJX9yNzU.xzDiYJ6qgbIinNqD2XlPCbatnpOo-mQolorxLl3cJ8c&dib_tag=se&qid=1755800723&refinements=p_n_g-101014971069111%3A119653281011&s=electronics&sr=1-1239,https://m.media-amazon.com/images/I/71LQ7OmynHL._AC_UL320_.jpg
"Lexar 128GB Professional 2000x SD Card, UHS-II, C10, U3, V90, Full HD, 8K, Up To 300MB/s Read SDXC Memory Card, for DSLR, Cinema-Quality Video Cameras (LSD2000128G-BNNNU)",Storage & Memory Cards,92.99,Lexar,/Lexar-Professional-2000x-UHS-II-LSD2000128G-BNNNU/dp/B08GGFCZPW/ref=sr_1_1584?dib=eyJ2IjoiMSJ9.yD5AUuL4s7_BLRKs-IUPxiU87nGZHzd33Zc1b1SqitbzMZ6CA--SFVbajc2RVsuh7ZKyaDc17XHIMQyjlHswDCmz7oQhCWpmwqvbIFYgU2akc1GLCqLCKHLwciSY-Y8nAmu7WI8jUZv837QgSMxiWSusNbeSm66DQMw5dVgbg1gD4m0-vckdO6uD73HlaCzYY0u1A4rkclro4qUok2WgGbAX8h3IebP78f497D31HanBXsgBs9R4YBRxtb578HKCAqhS0upSdYaIN52yIxOKEYQmeY_7WtNJz_nC0DpRwfc.dTIniKGHlZHviaVPfhn9t7eiGiBfSuTMpFTjPPZqGeI&dib_tag=se&qid=1755800896&refinements=p_n_g-101014971069111%3A119653281011&s=electronics&sr=1-1584,https://m.media-amazon.com/images/I/81ba9M7HCIL._AC_UL320_.jpg
"WD_BLACK 2TB SN850P NVMe M.2 SSD Officially Licensed Storage Expansion for PS5 Consoles, up to 7,300MB/s, with heatsink - WDBBYV0020BNC-WRSN",Computers & Laptops,189.99,Wd_Black,/Western-Digital-Officially-Licensed-Expansion/dp/B0C47ZX1WB/ref=sr_1_529?dib=eyJ2IjoiMSJ9.lm2tbyOfKCrv246UHu7UNH5r7vER1-8JTf90KBYXWlnAKLiyaJnU5kHcoJd1kptYOaNigIQDQGpYPkdvpX2S0xwhdAPtKjitYuBN7kvMWgfGMk3bXcIBIERFFa8Nvm2lGxfoRramTYw5sjNHOojqvtsJW0a4QpeXdFGo9o42VWNkqV0N6Xa1RaOL9qr2C3G9SgfRLkzdEqc2mMJZ5mgCHA0MFEsUVoBMHY88wAsiP3v9w7B-5RhS_Jh2b2AsAJ2w52JhaIshk2wRuNP691Pygmme1ZGD_cWjQwQfgiP-qfY.70aKal4hKVNIbx8M7302KpiVU3FfwkQADJWEAuSN2nA&dib_tag=se&qid=1755800347&refinements=p_n_g-101014971069111%3A119653281011&s=electronics&sr=1-529,https://m.media-amazon.com/images/I/71n60wEn32L._AC_UL320_.jpg
UGREEN Tablet Stand Holder Adjustable Portable Desktop Dock Office Compatible for iPad Pro 11 9.7 10.5 Air Mini 5 4 3 2 iPhone 16 15 14 13 12 Black,Computers & Laptops,9.99,Ugreen,/UGREEN-Adjustable-Compatible-Nintendo-Samsung/dp/B07CG71KQ1/ref=sr_1_1843?dib=eyJ2IjoiMSJ9.KVI7rPBCbsuvkt4QCF7IKj1DrtAt5zBzXZJlMUanjxQGymn5A-vQVWd3tYpjiBihTzIbPmrf7pFWGOnC-1r1_6oAg1d5QO8GHOMq89Xzd5Hgh-GtIRVM5pu-vkzptVYN80vVJVY3sz1sltt47VgIXFxppVxtSgJZZWYkuK3Xl1DyNqcxvSIuThGl3pjPGubn1MbNO-_srkVDxGeWWrC4Fjty9HPcy2c79lgHHGIqayCcozHyxg0AyKs0N5HKXXy0TbU-ckroEOWPX2klTvZ--o5WSpM58Z5BBt-aDzeYjyo.f35zOGAiWB-g_fCAEN-DlnIo8NvDrbVOvgjQKpKeAuo&dib_tag=se&qid=1755801031&refinements=p_n_g-101014971069111%3A119653281011&s=electronics&sr=1-1843,https://m.media-amazon.com/images/I/51EpNRr1UrL._AC_UL320_.jpg
"Canon Genuine 126 Black Toner Cartridge Compatible with LBP6200d, LBP6230dw",Printers & Ink,100.21,Canon,/Canon-Original-126-Toner-Cartridge/dp/B00J4C533E/ref=sr_1_13797?dib=eyJ2IjoiMSJ9.fyL4nezz5SK6hF7kPU5hKbwtDRzEZ_fUtOn-TC2TH3Xux4Ub7OFtJs0hI6foqv6diBRH6Ra1zt9BajhkezNllQ-4LFRFxoR8QFgUNuRMneSrwknjdbOkS9AeKCjBAymaozp_S3oY8X9QpvazTL24cs-_X0dnMyLVPwKwm5DqJdVBE1Z6A_PhWZeqGCiMuH5q54wgJT83hE7LGaenIT80JBrFDYKE9A62Shidnm0HLpaQ5vNsx6wD3e1WJAqEH9hLy9p0nr0rXqJhyopIVJhvQLbN3tJzf2nMUNYyabliyvs.Z29freEuXAKYS01vI9TPEe11kTJqN_US6_QRqvUt-6I&dib_tag=se&qid=1756100241&refinements=p_n_g-101014971069111%3A119653281011&s=electronics&sr=1-13797,https://m.media-amazon.com/images/I/61FBkjU+iwL._AC_UL320_.jpg
"Apple iPhone 11 Pro, 64GB, Midnight Green - Unlocked (Renewed)",Phone & Tablet Accessories,,Apple,/Apple-iPhone-64GB-Midnight-Green/dp/B07ZQRMWVB/ref=sr_1_5958?dib=eyJ2IjoiMSJ9.lJfETWJOrq699UMMcjyhfG_rK6EDqyIPfB7C5d1rD-8fhZ0wBnBMZlsQVcTE-iWwsb6wu5vqoiQhr3-VctB6AIw1lN1iyeNDXLioYElNhYHbBSArNWfmqjolgckZuPMBvz6OIg23NnPdYikro3hTD-obuAh4wUtldXh7wft3mZvD77OfDJlivxNujkAKWGvuiC1gn8Y0-kZ8Knn5xXeKbE5q8o4MvtXKkmfuBc7M4X5MJtzK9-kQYj_Unm32L5GJokT5RxRY80dR7hT0vQnQA5_D0mwkIBa0N9HcsvpUvj0.7IL9T-JaOjAfBCTJLbiydws3ODrOGQZQY7Q5hEke4XY&dib_tag=se&qid=1755803166&refinements=p_n_g-101014971069111%3A119653281011&s=electronics&sr=1-5958,https://m.media-amazon.com/images/I/61G2REmnBIL._AC_UL320_.jpg
"HP 201A Black Toner Cartridge | Works with HP Color LaserJet Pro M252, HP Color LaserJet Pro MFP M277 Series | CF400A",Printers & Ink,,Hp,/HP-CF400A-Cartridge-Laserjet-M252dw/dp/B00UBMNYM8/ref=sr_1_2189?dib=eyJ2IjoiMSJ9.Rz05Ip3DZykVpQjGikOfl0B55_2IyZqAhBtTL4X-ywDkIBUJMOYeMFUHFQ_HfcgNjAkumQUFBheGppWOsojvhiRnWts8X9UVpEM_XM2QZ3UEADKragGoZ-rK_05ZuJ-IP7-772meBOo1426wOYCgrKBvvPKOlanWDzqgobi7N99zjGiHX6oLVfAc4soJsnuvGQojrgmD5DIGeEsfbHjMijZLgnyfxTj61vNFNqfQf4E2tQwl9Sik_i3a_6apE4cxNEyk0_bqlYIpWIWJW7wwOvtJhQgdhUMkCn55KJmP5MA.9AAHG8lYJ7WZ6rmTxcm82AZ6Ymr-RNaSphYrGITVBF0&dib_tag=se&qid=1755801219&refinements=p_n_g-101014971069111%3A119653281011&s=electronics&sr=1-2189,https://m.media-amazon.com/images/I/613Vgf2ArvL._AC_UL320_.jpg
"ASRock AMD B850 Pro A WiFi 6E Socket AM5 Ryzen 9000, 8000 and 7000 Series DDR5 up to 8000+ (OC) MHz 256GB ATX Motherboard M.2 SATA3 6.0 Gb/s PCIe 5.0 BIOS Flashback Realtek 2.5G LAN",Computers & Laptops,179.99,Asrock,/ASRock-Socket-Motherboard-Flashback-Realtek/dp/B0DS6LNYGN/ref=sr_1_8912?dib=eyJ2IjoiMSJ9.XYpQMXvLrg9k-sX28ChgswasAGOqxMQNRkAe93MzE4Nof18SYIdOAPhFkFt55JPY-VZPm9TKe3l2sKlf4GZdP8acGFWpRbIg2JcyJb1plT_z6ypLoebZ6SjPm8IbX8HhY7UWbQZtiY_YJ44BFgn_0rh3GQyyYaTGS4rjf7xSl-_s7yNhDhsxL8DCVFApB1uxXRWWZPi_9URtQCp8wfg2wFTzY4v40b4rKbQpE1Z-dz39SznlLjF5pTCUbZQQCtaHMmYwHR6vxK6QHXhk5VH3KUEN0mAF_wMEGSdOy-hTS2w.lPqTMGxnkv1S9gALgPwB5Nff5R51BdgojZmOjKLCYEY&dib_tag=se&qid=1756097720&refinements=p_n_g-101014971069111%3A119653281011&s=electronics&sr=1-8912,https://m.media-amazon.com/images/I/81Rbd7jqU3L._AC_UL320_.jpg
"Canon imageFORMULA R40 - Office Document Scanner, Windows and Mac, Duplex Scanning, Easy Setup, Scans a Wide Variety of Documents, Scans to Cloud",Printers & Ink,,Canon,/Canon-imageFORMULA-Document-Scanning-Software/dp/B07YNK4S9Y/ref=sr_1_1493?dib=eyJ2IjoiMSJ9.3MjLc9APopco9S390sejxYLSixMW3LG_zLJ94u_WcwFr-DWHnrblYLxexUKufNBnvYT1RQ1urcf4A9GdJFaFUdfhQo24Edf3f1Y4FV1OT3A0NPMOE_aL6dCgp3lIxfWVjr8dHVyqkBHroXj8g3wvqrP9-QLnlaDxURnu25EB411zCGBpfVZ52-7bMz0vrbuUGE-z634_TsnK6kNrWZLsHXKAPZ33tsppuLmHRhjMPK95BW0BHbinSx6MSZCljTGRASnPYH_c0Bflqi-3dxWUE3V5l9MaMHM2I5_eTGlppKI.rzoQfjjrdaKHapsoibWO_MbY7uqRu-XCY5Gg-vBOOv8&dib_tag=se&qid=1755800846&refinements=p_n_g-101014971069111%3A119653281011&s=electronics&sr=1-1493,https://m.media-amazon.com/images/I/6151FCTXBhL._AC_UL320_.jpg
Logitech for Creators Blue Snowball iCE USB Microphone - White,Audio,34.99,Logitech,/Blue-Snowball-iCE-USB-Microphone/dp/B08Y6G26L2/ref=sr_1_4689?dib=eyJ2IjoiMSJ9.6VMlr__gXC5U1Lh7KIjkEEnQOHeXxQ4CWIOgikPFcIMMb2v44kpTRf7SBWX7Khorooo7PzPuS9Db9YtFcOaJ2SNp6zGc5Pl8R9UZKODOVwGSnmaxkf2BWIm8A2Ww242P1-Yrj2Y-83cDWZRmBeNfg0qDi009TkZVOXVobrqJH-elwoeauUTvMY7KXHlSPEG4CfR3VsCAlukIOxTbKA7z4ggxEnnEj4boYtGzhCV6bW3J6qXnIkND7nrl8D6EN7073j97K1gJrqYcMNP5Kf7uO1O0AY0-DvuXfFcNcpNjoGg.N7f9e1osOLie1TXxww1YJZmTfnM4t0QFAX4B7d79qak&dib_tag=se&qid=1755802519&refinements=p_n_g-101014971069111%3A119653281011&s=electronics&sr=1-4689,https://m.media-amazon.com/images/I/51jrJHOyw3L._AC_UL320_.jpg
Fitbit Charge 3 Fitness Activity Tracker,Smart Home & Wearables,119.0,Fitbit,/Fitbit-Fitness-Activity-Graphite-Included/dp/B07FTN21JL/ref=sr_1_9356?dib=eyJ2IjoiMSJ9.fdsegf8K_18QlxyVgM0ZPwt4MCxs6kVyMOBFLTnSgQJ9W3pb4wVX3HFYKKZutpHKGmubUI_1fGrVyR9qctT_Ov1MyLaMUayywmREYyyDulelPI6Ii5u9btd3_BvamFr4OM30-JCkmKjiTuuF7jlwWOo27AUBY0LZAPmnSJIv6ETlchquz76FjJwzJsuyYo4lxFG62NxcsjSt_LL9tei_WCWyoHprzowVrXnTGhwsEZmSMo1u-FP8anOMgqifF-Tjt4iQoA3GBZnP86oP9EXTjQ9yemiQkjLqtiAU7vuBewY.EWMbqcf29uWKl0tWy_Y88BawXAnMJYBSoLYVUQELXYY&dib_tag=se&qid=1756097945&refinements=p_n_g-101014971069111%3A119653281011&s=electronics&sr=1-9356,https://m.media-amazon.com/images/I/71YGrhhoqUL._AC_UL320_.jpg
"HP 218X Magenta High-Yield Toner Cartridge | Works with Color Laserjet Pro 3201, MFP 3301 Series | W2183X",Printers & Ink,127.89,Hp,/HP-High-yield-Cartridge-LaserJet-W2183X/dp/B0CV4KX4M3/ref=sr_1_708?dib=eyJ2IjoiMSJ9.GZgt1edC1LpOtA7evVhrtiAdJAXGljK4wASLaDMWPBMm49ie2ZRqTJ6Tmar48XaGAoJOt9JUgklOIy_L2i9FHaEh8J0j0h5ENgrHY3p37_JiTyjtr3ukpeQLemLhFFd1pOKs9csMn9swpcHpaaUy7kNZlECCnr2L3NAdhxtXs2_f3Zn8wOjefw-cP5Az6aeV6ydpS7HtHIEo7gwlZgkTxggLLRRvxUvVcqz3psIq3WnpSsQCab__ilOcQjE_zmU0Tdk69dJtEhdc-79jLXjP4vXqmIx6IltqpRYh7-r8-28.eacgtHmuhP6K3NZM9RDBntSaospAfdWoy0WcAdZ-F94&dib_tag=se&qid=1755800447&refinements=p_n_g-101014971069111%3A119653281011&s=electronics&sr=1-708,https://m.media-amazon.com/images/I/61b3mYrlxJL._AC_UL320_.jpg
"HP 215A Black Toner Cartridge for HP Printers | Works with Printer Series: Color LaserJet Pro M155, Color LaserJet Pro MFP M182, M183 | W2310A",Printers & Ink,,Hp,/HP-Toner-Cartridge-Black-W2310A/dp/B0843HYR3G/ref=sr_1_1082?dib=eyJ2IjoiMSJ9.I80-l2TS0exC26QHeMJQ9BVuTzo_L8Kc5r3XDsQGANIeYsIf9NHuWSOE4LR48a5wr2Pu_XGyqghjBAU0mG5UtrE_JQbx00AxwhqAFWlq87yzK3WxGPz-8YAHwUaxT1rxPtEUM7x87HMec3Ll6HUrtw1Q1nik_aCMUjEkc4TRlaUpdgoKwn2ee02TtDuiATlT0l1zYtxwknGWZeWDhZHyUvJPf0CVYxWLW1VhK4-e1tpJAWOXxfabionrmIhSeSLBQppNxsCJ7pMXg8S30H0DTpanAokvscdUYTJKoPmx2lI.DHJ-Oe2jPFj1nHKaWgzfV61H30pery1srN324X4ihu4&dib_tag=se&qid=1755800634&refinements=p_n_g-101014971069111%3A119653281011&s=electronics&sr=1-1082,https://m.media-amazon.com/images/I/71rPY2RixpL._AC_UL320_.jpg
Vic Firth Bluetooth Isolation Headphones,Audio,58.95,Vic Firth,/Vic-Firth-Bluetooth-Headphones-VXHP0012/dp/B09GXKBVJ9/ref=sr_1_9552?dib=eyJ2IjoiMSJ9.JTtEp7NT6b9Z8H-aJIgOih683ACL6Gy4nCZ6oCd1vt_EBSx0yCr9JbcOUvMrTXrAIDflJxOVDyVxT0WvCrfjFAKPDcrumVogazv9VzJtlA7n0jnkAPu6t0imuxECovZCcUT_SOEJEZUZRp8m4J-rOhwy0ZB7JoH49PKsb_wn9JwnQ1hdwvb23X1MxcPSKXLs2pTAE63v1VPpLW8b8SUBYDu9P2TrlgsHCVsVDs5PaU2fAOKUZu-vsj4dhET3d-jiE5U4Xb7IwfSKevfJn-iurH-ZJUSXzkiSVTRDzesbR4A.NdlRvAHFKVon-ElL4ehyMMH4ih7N6ZxUexmNuGvGi4Y&dib_tag=se&qid=1756098048&refinements=p_n_g-101014971069111%3A119653281011&s=electronics&sr=1-9552,https://m.media-amazon.com/images/I/71F3pGK2QoL._AC_UL320_.jpg
Klipsch CDT-5650-C II In-Ceiling Speaker - White (Each),Audio,144.0,Klipsch,/Klipsch-CDT-5650-C-II-Ceiling-Speaker/dp/B0074WWK3W/ref=sr_1_6131?dib=eyJ2IjoiMSJ9.q5Om1OwN1SqB4g3O9Kj_Sx3ZO8dGhn_2GMU0WSpjWplK9veR7Vg9cH2dn74mqYVtKvmqwJtMOzwuA6VldctfUpbf3MMzeSdv2YU-wVVM1jE8G42nlis9B4kkqoVubMgv830y8X_Zj5WtzVL3b1OtkGOhprg80Tb1HTi6UsR4XuDrqewMsIYSJCWUe0kacx72p3fCxEi47x-qjsgCPNx5Oieo5nHSA6Irk-co53ih-VClVQMDZUCo49SxRz_rMTXBKGsizw_C67fgtOTFeOaxMkogQ8crD1A1WQuE4jihyj0.8iCuurE1P9OLQlEW-zchz1qE8WnyHsuROgquYmfRWXQ&dib_tag=se&qid=1755803269&refinements=p_n_g-101014971069111%3A119653281011&s=electronics&sr=1-6131,https://m.media-amazon.com/images/I/71ypuyg0vOL._AC_UL320_.jpg
"Crucial BX500 1TB 3D NAND SATA 2.5-Inch Internal SSD, up to 540MB/s - CT1000BX500SSD1, Solid State Drive",Computers & Laptops,66.99,Crucial,/Crucial-BX500-NAND-2-5-Inch-Internal/dp/B07YD579WM/ref=sr_1_598?dib=eyJ2IjoiMSJ9.tgxYnMXJArIyRhIl6b5pwn_CS4eT4pbpKmf2_KJDScYQl_WPhbzL2l2kZWHoSVIYlqIWy3sGJwjPNQ6AlL1-3Igf3WUtHP82mvpAuy5kwGWBJllwumlGUvbdOIPx4oRnirGAyxPNRvLGkMqyKjqfOzm9ZUUgGizklc30ACX1o6EtMP-70h_ZQkFS2zDRJucehha9BFKwSimk8A7RZSdS1jBaC8S_oF_zRh0-cV-lLLInqxauUCSEeV_tsLevlxNTcKyZrh4eMpNYKiDYxTReFxKlrgikQEz80lrTbby9UyI.ch-Kq8V5LuQVnXSFa9ZVjy9b0DKSAKeoiqCNudjXwms&dib_tag=se&qid=1755800384&refinements=p_n_g-101014971069111%3A119653281011&s=electronics&sr=1-598,https://m.media-amazon.com/images/I/51zhuXxYuRL._AC_UL320_.jpg
"HP DesignJet T210 Large Format 24-inch Plotter Printer, with Modern Compact Design (8AG32D) - New Model",Printers & Ink,,Hp,/HP-DesignJet-24-inch-Plotter-8AG32D/dp/B0DK5ZJK6M/ref=sr_1_3100?dib=eyJ2IjoiMSJ9.Mu0_bhZnhZ5XBifnXN_yuO7IO6t0i0X-m5-pEWkefRf_GMKSmXPyKiEKPbBDj9FGtrYrUzS3LfNVKueZnVmqdMHg5gd7wvNV6KpzfYibMkNfx_-Cc62uBSFpNwoIttb5uLbHbgYDnhQ3GXAwIFj4s6VwVyJLBfGZAjiKMhd-Ah_RmpUjqnwT0MVDM5sl5nX00c0-go0Bi3_ng31qjGX5EKV7mkNzmUrsP3EqEGEiN5TxX7QGEPyKxTB3Cp5vk19jFIo76bHuGtvvV6G7fXFkQaOyONOYYw_WkMrvweDgmAM.swSXF8Bfzc9WFznnNYMJDy4z7dWU0B2fskZ39onM9Q0&dib_tag=se&qid=1755801693&refinements=p_n_g-101014971069111%3A119653281011&s=electronics&sr=1-3100,https://m.media-amazon.com/images/I/619IAZonnHL._AC_UL320_.jpg
Google 30W USB-C - Fast Charging Pixel Phone Charger - Compatible with Google Products and Other USB-C devices,Cables & Charging,22.95,Google,/Google-30W-USB-C-Charger-Compatible/dp/B09HLDLK54/ref=sr_1_8963?dib=eyJ2IjoiMSJ9.PFj4pedzRCSuHJbQsmwm_SkwpA8JBvL-d1wR-xWg6BQ4EZKpAH_gLh2PPpwvcQIOwuB35uhLiU5A2lIiT4hv4x6HBBckfKCFiW8wsPbBuQ3Pb5eUPtDYscRT9A_XkX1y2dtndRhW8q6qw0X4n27CdF7CaoRK0ufJUWCGTeLAFgwVyMqMWvbQ2J92iyhprcYwe2etBM4KYb6UFtv4VHhi41foo0QU95m_aDk9Zrf_euEHEnuSLUXjN0J9hoDSDKovyLmBOL4B-sAjXpymOyiWcVPjvevgUyRaM1094uahL10.KBi96sX3FGNglyL5rWG4DsEB75dzgALcbsWtey2V0gU&dib_tag=se&qid=1756097748&refinements=p_n_g-101014971069111%3A119653281011&s=electronics&sr=1-8963,https://m.media-amazon.com/images/I/51BjEHzAv5L._AC_UL320_.jpg
kate spade new york Morgan Magnetic Phone Wallet/Card Holder - Compatible with MagSafe Phones and Cases - Cream,Phone & Tablet Accessories,49.99,Kate,/kate-spade-new-york-Magnetic/dp/B0FG596KTD/ref=sr_1_8827?dib=eyJ2IjoiMSJ9.XCqXL2mVdAd5YahPajgWozHzyWtyIuM9Yo_YXoXC2BSiKV7zs4G9FrqBxl1XpBGltdMUJGE5wOznnITEdPT6aLln-DD82bC4zvPJZomTj12ucSIJHUAxt4MFgVbYunVgRazlKV6oiVlrH1x7i7EtZL9c8I9fmqfGtH9FH94YMpRQDCwDhhZ4yk3EcCj_F2HV-Vs3_RIw7zChoW1uvLjslxc2IhXJRxHF7UKCU8yr_ogZcydpQ04rjhZp52w0eDwREQacHfW3T1g_QlQGdQOqUEpLfhn5Mffw4hAYptlxQZQ.PzbpP2mebedCsReeEx57zgDAV2UME9Tft-lxrAv9urM&dib_tag=se&qid=1756097667&refinements=p_n_g-101014971069111%3A119653281011&s=electronics&sr=1-8827,https://m.media-amazon.com/images/I/71+M25eN6TL._AC_UL320_.jpg
"WAVLINK Outdoor WiFi 6 Mesh Router, Long Range WiFi Access Point with PoE, Waterproof IP67, WiFi Extender Signal Booster for Starlink, Outdoor, Home, Garage and Hotel",Networking,149.99,Wavlink,/WAVLINK-Business-Extender-Weatherproof-Detachable/dp/B0BW3VYHWQ/ref=sr_1_7708?dib=eyJ2IjoiMSJ9.XYEP912R_DD813OTf_hFkbxiXqDfxkynZMzyQLbiSC6B50WcDQyxo_bce4zvwjoCZ-sbmFYpPrajMGUONlIDKDQJZ2w8uR3YP-Z5quhec7_5qN7XoNh3Tp2GMm5XoJJgVD6n59MD8Uyv0aEUz1YJxoW6QaUKeyJqwVesuIK_kUAa46xgJCMn1i2jwa2DVZWmYRP1qlLDOv_iuq8YoeUZ11AElz6XoTcktpyeh3OITl9hXL6KYSULbEYuRVoalo4gIc9F4haFy4xGtdJQEE4F0djqFpgTg4S9cYW9O_JLfZ0.Hc4VmtlNUAOwXoXPrcuipfz38MdQBiwbXzWPkiSZr0I&dib_tag=se&qid=1756097056&refinements=p_n_g-101014971069111%3A119653281011&s=electronics&sr=1-7708,https://m.media-amazon.com/images/I/61XLoNIgS8L._AC_UL320_.jpg
"LISEN 2-Pack USB C Car Charger Adapter Fast Charge, 48W All Metal Cigarette Lighter USB Charger for iPhone 15 Smallest Flush Car Charger USB C for iPhone 14 Pro Max 13 12 Galaxy S23/22 iPad Pro-Red",Cables & Charging,14.99,Lisen,/sspa/click?ie=UTF8&spc=MTozMDg3NDI4MjkwODcwNjE5OjE3NTYwOTg4NTQ6c3BfbXRmX2Jyb3dzZTozMDA1NjgxODkyNDI1MDI6OjA6Og&url=%2FCharger-Charging-Cigarette-LISEN-Compatible%2Fdp%2FB0BDLCZ5X3%2Fref%3Dsr_1_11130_sspa%3Fdib%3DeyJ2IjoiMSJ9.gwzrbIJND22gNk-2W7oC3sEjY_qWFNJT5Uq4rqyTQnH5kasOGp-0xsGiEm65_Qb_wYAneWcV_hqUOqNO3VtymRez0u1DO0cEcrALK6WT4IArWy73-b0zYL8viBaJyek8IplANGNFlVqcmsipZ1cBzKU449tYUm_Um30A4kjYMezkYqqUtbW-DgZnj8pr9yOWmGs2xp7z9EOygPr-zZSswikYthmiI0mG2gjbliyaJplb833e9mDSTK1zOu-33UbauYsu7jhMcTEF9It3Y11gtvdi6mk6RA6QIp0y5gNb2yI.Yg_kBUhy4-c6Sy3xmeiZYTco9iHMlwcEivAmkLe1pks%26dib_tag%3Dse%26qid%3D1756098854%26refinements%3Dp_n_g-101014971069111%253A119653281011%26s%3Delectronics%26sr%3D1-11130-spons%26sp_csd%3Dd2lkZ2V0TmFtZT1zcF9tdGZfYnJvd3Nl%26psc%3D1,https://m.media-amazon.com/images/I/71pl4YXhp-L._AC_UL320_.jpg
"ASUS PRIME Z890-P WIFI Z890 LGA 1851 ATX motherboard, Intel® Core™ Ultra Series 2 Ready, Advanced AI PC-ready, 14+1+1+2 power stage, DDR5, PCIe® 5.0, Thunderbolt™ 4 USB Type-C®, 4x M.2, Wi-Fi 7, 2.5Gb",Computers & Laptops,238.99,Asus,/ASUS-PRIME-Z890-P-WIFI-ThunderboltTM/dp/B0DGWTQWL3/ref=sr_1_6863?dib=eyJ2IjoiMSJ9.UbeqmjAbygSLcTvg9yzu1EtzJ7ItA3GNlY-spCqkEN7vRKrhlGeMnCvQQ2JfyM0MtR2uVQvBU9tB_w11FKfMa54uG4AXjoDbdwfD1_wleYspngO7HPPhNTVuWeaTxPw9qptVO-9eHFiPwWDF0YgJEZkfL-N9tGNaZACWy4sOs4KhZe6juG7M-Lf3y789FM4mj6w2z6NhyddtIRj3bqGqBHpi0srQWhfg2DiK3S-m6lCNqwSSS5cltFn2qaMzc5rXdTfA6m0Udxb8beGkKkQk2YB5rwaLxh2mJaMd1NQ1gJ4.a07uR6SkTA6Kq0oyRmJiSYgCQGROTpoC5emuxcxikn4&dib_tag=se&qid=1755803636&refinements=p_n_g-101014971069111%3A119653281011&s=electronics&sr=1-6863,https://m.media-amazon.com/images/I/81EhDXv5UgL._AC_UL320_.jpg
"Elgato Stream Deck Neo – 8 Customizable Keys, 2 Touch Points, Speed Through Tasks & Workflows - Control Word, Excel, PowerPoint, Teams, Zoom, Spotify and more, Drag-’n-Drop Setup - Works with Mac & PC",Keyboards & Mice,99.99,Elgato,/Elgato-Stream-Deck-Neo-Customizable/dp/B0CVY4566H/ref=sr_1_3707?dib=eyJ2IjoiMSJ9._N-24hSh6MyC3whJKH6U1tuDhsjgLBn7AqExnUaU71cMvPgfUeB8B_SzJ8MZqj4WjktIo6rm-L9FJOH7KoB8PwOsfysOaBTRuGqG3fsjMH-TjXX9NvsdYh6XatwAvwc3HQogoDZpKtemj57SbsG_14WoxRmNZiROvezZ_fryYdOB6ADFLvGYhsCyCve2OEC8J-I0bQn-zx24UiqtCoMOxl-gRDUIxWVQPRHG_UcTRd2TRnNFkDUaFAepGp6rMB6iXHxGFO0EAbOibczy9fompO9Cnn-OS_eIDzifku05hVs.NCsRi0TMwmPX1HfjyDeai3zUSsWVmyozqFE07ezq4hM&dib_tag=se&qid=1755802003&refinements=p_n_g-101014971069111%3A119653281011&s=electronics&sr=1-3707,https://m.media-amazon.com/images/I/61lMOu6N8lL._AC_UL320_.jpg
Canon RF 50mm F1.8 STM Lens,Cameras & Photography,219.0,Canon,/Canon-50mm-F1-8-STM-Lens/dp/B08MQBVFVW/ref=sr_1_7317?dib=eyJ2IjoiMSJ9.hL4SAPUM7VaidD-2YGjOmn-jNYvsGsc6j4ihI1yYdQ0HCUmBAAR-vkoj2AKgNoydtZ3SrIBXybeQQSlfzy85ieNdzTu4Qe98ZYkdSWNYJnYZ-KGge1MMPjba-sngtlSfS7GCzoZzDEvLXZiSfFCisQ1X8yi6lR8W7OfuTJFe_DkfPgkyCvE2LXyqzMstoV87SCTk3xJe5xvOMFBmkYMytEH7Y1i64oDKHZ8Rnx4XjO8bkgNsgc5VzhE_QGHd3Nfiu2RR17v6mrVW40tH1TXkk3SvgiNGw0nTxiBr1cVfR9A.nHihzPZeczI1PYP8lz15iZC669WelLB-2Hthtzb8D1U&dib_tag=se&qid=1756096837&refinements=p_n_g-101014971069111%3A119653281011&s=electronics&sr=1-7317,https://m.media-amazon.com/images/I/71oxEBOvjkL._AC_UL320_.jpg
Klipsch The Fives Powered Bookshelf Speakers with HDMI-ARC in Walnut,Audio,695.97,Klipsch,/Klipsch-Powered-Speaker-System-HDMI-ARC/dp/B08KYNYJ8D/ref=sr_1_5510?dib=eyJ2IjoiMSJ9.rCHzi6YA5mlT8xoWjSATzn9CzXVDOuODEAgW-xcObolZmqWdt4r79bTJ8NTVYVXtc3XDkWDfqFnPN547plzb7-ZBXt2bqo_vhwViPI5mtPpiSc6khKR5fV3Q4AMBqr8brUfYMxDWSINOHMviYMfmnOUrB4aU4QaJ6lNcKxx_7f3opv9ZaZtkDszBtjiYQvMhnjLCN1lKBlv6rdNWEB728_ubNBGgOP4E5_-_ix7BQRlvtjNtfFPbsGdo1L82VjfwiVuJWdAU2lBK66QKxehPRzv7yqbrAMUUE7BJ75zvuDQ.eTM1LMt6b22KTwRlhREOOKg3jfS55D0fmh2UWF8glys&dib_tag=se&qid=1755802953&refinements=p_n_g-101014971069111%3A119653281011&s=electronics&sr=1-5510,https://m.media-amazon.com/images/I/81Sd4lc6kEL._AC_UL320_.jpg
"Canon imagePROGRAF Professional 13"" PRO-310 Wireless Inkjet Photo Printer with 3.0-Inch Color LCD Monitor, 9 Color Pigment-Based Ink System, Black",Printers & Ink,879.0,Canon,/Canon-imagePROGRAF-Professional-Wireless-Pigment-Based/dp/B0DSQP2FX6/ref=sr_1_3515?dib=eyJ2IjoiMSJ9.CPoXhCXhrDUH6_rIIyEQ-By0EGlXSF0zMM_Thc2109p7aWf324W4JYj07UkOPk4f_P8VK2PR3ujoh77EKMh-FlmGeBflTl8AomQ1XNXiBbce2k4utLippVEwc3_rNWOP0E1JBhjuLCengnBZ6ldWH7BpKrDOuEy3SueR-vYb1lmD4vmpWCeQAQCsWoi5ULS8OP_XJvBGeQMBxmJJx1QwLkT2YytWeXtXsCMqCbC9yoe2VCG9qxI2p9ynkeQ5SN5ZewiblaoMqLZL3gDTnXVCSXfjvg8P3lGpcPoISb3PBJA.QhNeTRDmnLnkNe-2gaLREbnke0EJZa5R0540uMtlkFA&dib_tag=se&qid=1755801901&refinements=p_n_g-101014971069111%3A119653281011&s=electronics&sr=1-3515,https://m.media-amazon.com/images/I/71JS9aQM6-L._AC_UL320_.jpg
"Sony ZV-E10 Mirrorless Camera with 16-50mm Lens, 128GB Extreem Speed Memory,.43 Wide Angle & 2X Lenses, Case. Tripod, Filters, Hood, Grip,Spare Battery & Charger, Editing Software Kit -Deluxe Bundle",Cameras & Photography,,Sony,/Sony-Mirrorless-16-50mm-Extreem-Software/dp/B0C9FQBL46/ref=sr_1_3589?dib=eyJ2IjoiMSJ9.nFGDoVabI1_nOpuM0DWKgRDVCpMnB79xiHq5D9MNr3pmTQJe9mAkNXxJY7s8Uv9IRr6YIFycMrj6sdCeOI9zhF5NyyVRrK8BWl82TaTcBD49yQzu-ohCPw_1V4ydGOxl68F8yHQ-0GZzRFO_qpnGKLxPMK6zqBthf3xEXfvnA2NqpIodThjmIV98oNqpHL0flNUCb2kwhKznrHx4jeRtE9D6KlxHt8IPx_uD1kOs5BB_kRj_DvIdgtOVr7EEHPAJe2i7_fXahIuQeoLGpHnE-B8M6v9NhZbE4_XZ1aQnRik.RdgogqckEAh6rKLQ8D7BWydbUBAuuhXAbZO9vZL6y1o&dib_tag=se&qid=1755801942&refinements=p_n_g-101014971069111%3A119653281011&s=electronics&sr=1-3589,https://m.media-amazon.com/images/I/91fsUPqhjfL._AC_UL320_.jpg
"DEWALT Heavy Duty NeverBlock USB Charger, Angled Dual Port 12W Wall Charger Adapter, Foldable Plug, Charging Box Brick, Cube for iPhone 15 14 13 12 11 Pro Max, Galaxy S22 S21 Note 20, HTC, Moto, LG",Cables & Charging,18.943,Dewalt,/DEWALT-NeverBlock-2-Port-Worksite-Charger/dp/B081ZDM4Z6/ref=sr_1_7412?dib=eyJ2IjoiMSJ9.oCXmdFI2iJBvvM4b1LHxJ-T5K6weSCjGILoycb8fGKl8oPBWALuTrUGMQLbRt-oI2_Zagu1cKcNBYnxz0_UQbF70WCxJU5hJdr2Razz_-uhT_lV1nYrWHiwzJlsPGGDaCbLryh-5KJ6O4R_LyJ9tav8KNQttLehHCYIi1gEbA5IldbeOgOtSwmKIq_bSqBF--C6nag1BAV7JVXbMt9UwgbSRrQsAHE31jFruXyMFYrGy8v1rxBxTP24qXHNf0c-rQbb_j5fE9ccYUzu-KSkroseNAkvX92313s0f58cJZsA.4_NlVafsFtjP7Cu6ebgKbF_epJlWuN2cW3JkYVOCpcQ&dib_tag=se&qid=1756096888&refinements=p_n_g-101014971069111%3A119653281011&s=electronics&sr=1-7412,https://m.media-amazon.com/images/I/81SogXgOLTL._AC_UL320_.jpg
Lian Li Strimer Wireless 24 Pin with Controller (PW24-1W-T) - Addressable RGB Power Extension Cable - 2.4 GHz Wireless Control with 315mm; 12.4 Inch Length - Wireless Controller Included & Required,Gaming,72.99,Lian Li,/Lian-Strimer-Wireless-Pin-Controller-PW24-1W-T/dp/B0DJVRVGS1/ref=sr_1_2471?dib=eyJ2IjoiMSJ9.Bx8dHxcLiuLwyoGZgwxDqh5MkqkHNaEJZPQvGZ0EqZOiSTLUWu0_47chswDEywbN7PLXQaRB6DKhmY3TyzfTKfpircbGSE5xGwZliBzRmGpu4gjJIEiIpv0db0XvmwOJ73fZ_u7QxueU3eMsosdBvSBAj97zNAnoDPZNIh_1lLXAMCxdTmxcRplQ_rQDIEMEusOixUxmN8vdAYCReXbkSqF3KtIf4jSP7p34Aq60iOm2U-uCQ-lAUIgCL10ZIFItXM5ggtMlxjR9YOtGB-ftZDFRSR5Q66tSbpp6wYNvrJw.BUNuYW88MYr3DB72am4d8lFTC-HzhYI4ZH_2I3jGuqc&dib_tag=se&qid=1755801354&refinements=p_n_g-101014971069111%3A119653281011&s=electronics&sr=1-2471,https://m.media-amazon.com/images/I/71UOAjgn+uL._AC_UL320_.jpg
"HP 952XL Black High-yield Ink Cartridge for HP Printers | Works with HP OfficeJet 8702; HP OfficeJet Pro 7720, 7740, 8210, 8216, 8710, 8715, 8720, 8725, 8730, 8740 | Eligible for Instant Ink | F6U19AN",Printers & Ink,,Hp,/HP-Original-Cartridge-F6U19AN-OfficeJet/dp/B01B6QGJ42/ref=sr_1_179?dib=eyJ2IjoiMSJ9.YQHBnPDjN8Z4imUHJNxVLFRBgqNoYOSsBUlYoUOlEfG567uiBwKeinTiNCWlC9mIeVhlQpupSFavHyzX8wNWDt3qO4q2GTOoTKWuHhfFpNjCC1D0jw3zMFUcwIkZmaflv3f7AniwZr6bW9qMq72Ulf7ldwTxMwlgtHT5eOAkBt8Yvr6Zo50u4WLUnyoYZYkFMj20fpw1cuGK1-JTqtidzWu5hKUZUXrE_t3GenoOGoDmUL0s6FRxwNFcILnpmCRh1r5c4Xds6oHk27opppHfMSIiAzzSjzP2XfwaQbE4fAo.axxKOzpb30oswzyfbanuv1eVdqKGDZBnpnjRAJ4MwWY&dib_tag=se&qid=1755800168&refinements=p_n_g-101014971069111%3A119653281011&s=electronics&sr=1-179,https://m.media-amazon.com/images/I/71CBLTegWqS._AC_UL320_.jpg
"EPSON 410 Claria Premium Ink High Capacity Photo Black Cartridge (T410XL120) Works with Expression Premium XP-530, XP-630, XP-640, XP-7100, XP-830",Printers & Ink,21.99,Epson,/Epson-410XL-Cartridge-Capacity-T410XL120/dp/B01FRNHSOA/ref=sr_1_7911?dib=eyJ2IjoiMSJ9.DYBOxVoGB4Igeh9m5InMwcOOBYzDwE3sU6vYb9FXdqiGAVy8pZbOEW-mbX12AX1Lmgcwq23cgBUifaPlAz6bvaaKq1HHSEbr6lPmlvAI27B384L2mC8nhAcySG6HowmcenukBflD8vimvf3jg8hfyAz1_YEuHEFYQLeaGJsQ62CljoL8S-OH99deh4E8I8o14RWnbnSv3Cv4lxoo1-tjaFpEfwvqXNCXW7uj7duT5gHEG0lr5JqToNaikIuWRh83-Gdf85UQUfzdhh_ueLAJ6wL8cWzvbvCc2RoWVEB0TAU.8dG7Kjtw11EKFoA_TyKZVUMltTYa-dBJXow6iIiIjag&dib_tag=se&qid=1756097165&refinements=p_n_g-101014971069111%3A119653281011&s=electronics&sr=1-7911,https://m.media-amazon.com/images/I/71bcpPb8fNL._AC_UL320_.jpg
BAOFENG Microphone Handheld Heavy Speaker BF-850 Ham Radio Mic IP54 Waterproof Volume Adjustable Speaker Mic for UV-5R BF-F8HP PRO AR-5RM UV-21R UV-32for Kenwood Retevis Walkie Talkies,Audio,13.52,Baofeng,/Handheld-Waterproof-Adjustable-Shoulder-Microphone/dp/B0BXH3RT8L/ref=sr_1_9312?dib=eyJ2IjoiMSJ9.QGp-yJAAJZZdmm80-b70c6IKhbkB4Mt-jXLo4zGy8n2Iq5e4SOg3mHozD0IrEzm94YzITGQiOicJGn2V4ixlT29JYdq31KsPD_Hip5TWKkpXEhCsdzxekEDZv33HARdRHXbVSXd7n6X5Qa3OJ_52JhLfv1BJQRqRan0786sXzjT1G8dpzBALi9_diQ9ieBqO8SJmq2G6ADQ5s66WqeKN0lqRGRya0nMJBQ3aD6SSW-a0Z8m2xVdfaG7QC-rv7ELznYbxHvjQQ3MzbXWt6OT1YqE0XLwoiLKf3dzMyg_iw14.MI1HRUo_Ks44ZAL-o_KZRITO-U7WnasZ6idWGQ1XZzk&dib_tag=se&qid=1756097919&refinements=p_n_g-101014971069111%3A119653281011&s=electronics&sr=1-9312,https://m.media-amazon.com/images/I/61ePKAkJ5SL._AC_UL320_.jpg
Genuine Original OEM 90w for Dell 0RT74M RT74M PA-1900-32D5 AC Adapter Exact 19.5v 4.62a,Cables & Charging,27.29,Genuine,/Genuine-Original-0RT74M-PA-1900-32D5-Adapter/dp/B01CVYNMHU/ref=sr_1_4395?dib=eyJ2IjoiMSJ9.Tl9L3TvFcEWEKP6bi3iFUvvXLAawu-jkYpuECHMlkmFnWxnWkdZ3EW5Fg4QMl0lmmjVYQIrewS79jyCdYHenLr-xVC8XAuxaOmq4SLtrqgys8GQYigedugBDqqvgAjsNeTPWTaJE6G1YNXCyvyxC_296XjMxCB7kFtWWWRG3xbGqMy5syupBLTOkrEd_oa-AJpXjJN4qTsJnuJ7MkFpiJfy6-iPF7G9AIbPKoQqTyu_xjT6SvJMfKIQjuI8bbqP2BTSg4qXD3oiQzVzCHOy9ILKGwvdQorXrxPRUhGbXLvQ.bfWYca8xK_VgQqBUpZ11cT_ois7pWLwQ_Q7WNlqjulU&dib_tag=se&qid=1755802357&refinements=p_n_g-101014971069111%3A119653281011&s=electronics&sr=1-4395,https://m.media-amazon.com/images/I/81wQ9JOw+1L._AC_UL320_.jpg
Matte Black Ink 55ml (PFI-030MBK) for Canon imagePROGRAF TA-20 and TA-30,Printers & Ink,,Matte,,https://m.media-amazon.com/images/I/51Bud3E-olL._AC_UL320_.jpg
"SAMSUNG Galaxy S23 5G, US Version, 128GB, Phantom Black - Unlocked (Renewed)",Phone & Tablet Accessories,244.86,Samsung,/SAMSUNG-Galaxy-S23-Version-Phantom/dp/B0C5S83319/ref=sr_1_5546?dib=eyJ2IjoiMSJ9.dTvDekwZ2avpgMocrI0ZDf0jv5PvHyQObg1LHXIvPp22XUJfIpm1xhuyYpRZvvqpglJLsDAo229AxU6OetUZ1fPn7lj7s9_HglllvyLHpFd2hRxOyqJlUSPeTtx4X_Lqny6p5jTULi2GzjjwftCGPc1leRz5TbFDlP07P2cC2G9Rnbm9PhyLQ-QUKRLBVMWLzX8acJxDghM-FsDdvZFrKsqH4otPLGV0GOu-6vVuyqoNc4VhDbvRkbrWB0CEzdWL4qig5K5o41WcVfSk6BAmgLV_h5jUaMRlhutUYBKJRNE.GS4e5FFUgSaz0SvWCyYcqy66Z1cx7jpo_Xo6-SEYuTI&dib_tag=se&qid=1755802964&refinements=p_n_g-101014971069111%3A119653281011&s=electronics&sr=1-5546,https://m.media-amazon.com/images/I/6133nDu6wcL._AC_UL320_.jpg
CORSAIR 3500X ARGB Mid-Tower ATX PC Case – Panoramic Tempered Glass – Reverse Connection Motherboard Compatible – 3X CORSAIR RS120 ARGB Fans Included – White,Computers & Laptops,104.99,Corsair,/CORSAIR-3500X-ARGB-Mid-Tower-Case/dp/B0CZV1KPXL/ref=sr_1_1805?dib=eyJ2IjoiMSJ9.O-aHBSMRLJgZByiVQdXMJqPgVDWV20jWKc0gK7jhAdbUHCpkPpcIPwgnw776v3ouCnqFn5bNcB2EVPJjwEdlPl9BgOw15b4IoJTXt04BVQbvWivqnkAWI7XaAGYnmMEe7dEq6uoTgF4RDytHRypsNkv6LWpj5qnjZ4Wmv79BWww64mBDKlJnvv1Qprzht-v9HPLC864haDy8HdtzW69fHv9XfJIb1ixSGFdqFgnwIqtg0qVtaz2B80A-DiVXnB2f9yVcC3-AL97dzV-D32HTpnRJGh2I26bIV547UXO8wWQ.ky_7gNvB6V63AsVUMRhVAPoWBZVjRpmgziiPTKBHf2U&dib_tag=se&qid=1755801019&refinements=p_n_g-101014971069111%3A119653281011&s=electronics&sr=1-1805,https://m.media-amazon.com/images/I/71MMoud1NzL._AC_UL320_.jpg
Metra 95-5812 Double DIN Installation Kit Fits Select 2004-2019 Ford Vehicles -Black,Car Electronics,11.99,Metra,/Metra-95-5812-Installation-2004-up-Vehicles/dp/B000K4V4X8/ref=sr_1_4682?dib=eyJ2IjoiMSJ9.KGsXr888fZKc5NFvm86sCzOTbEefqIjZBoiAR7uJPDO_31tVFdevQ2rM72TBAS3kCd6oQ36I7IkcykAIp3cfWGPIKb_M3l0oqP5plr70y7PncXnfJdKR0Y5g3Mb0CaPNJx4OhfArvapzm9rX6XuxBHQ_Ae7CtSreF7M95AgfGbptR5JmwiNbeMGb2sBSAT30BEJRz66eErPE2mtia7C69kE3eoj6WNQysjUxxiOEIBGs2P_dnSh_ks26Vr3cSRoJlc3W7K-y5VqRwo7sFA83WLFFoskCJwtKJAX-Yk_H6FM.xj2IV5LIXyJgxXJB3xU5-1G4a8fskYAsJAbvqCvKAuY&dib_tag=se&qid=1755802505&refinements=p_n_g-101014971069111%3A119653281011&s=electronics&sr=1-4682,https://m.media-amazon.com/images/I/61zUM4oTwuL._AC_UL320_.jpg
"ASUS VP229Q 21.5” Monitor, 1080P Full HD, 75Hz, IPS, FreeSync/Adaptive-Sync, Eye Care, HDMI DisplayPort VGA, Frameless, VESA Wall Mountable BLACK",Monitors & Displays,,Asus,/ASUS-VP229Q-Adaptive-Sync-DisplayPort-Frameless/dp/B08CYCF12P/ref=sr_1_3847?dib=eyJ2IjoiMSJ9.eUAavPIal9LhqKBfe3XyD9v0Cbmo0Hv3j5h6mNY_R8BegfPHhLFeUnge9mQ3dSRIDOWZ1-RXiPPjYn3c1PVceKBwNllDP6i1np2u41yObVKi9ElO4tMRv5UkSL4FBkkZlpPCuSrpeKJtJncmabiLs8NVb_oqiNB3t93cEn-4khBxCOQUz-VMoX-Gf1_OBxNeyk0iw57pasoGTtecrKhaYQeDlfdbEXZylqwqpbQYtjYZpd36fgjEaW9cS1kqjUg-L9iLkhIkUE_UE1Ma6ujBKk8GgViTjo8LdUDja9Q0STw.sgeWLnABqIjj8OlrHK2CsNLDHFwJ6_XUcYuwFBeB_4Y&dib_tag=se&qid=1755802079&refinements=p_n_g-101014971069111%3A119653281011&s=electronics&sr=1-3847,https://m.media-amazon.com/images/I/814f6I+stvL._AC_UL320_.jpg
"ORION XTR XTX654 High Efficiency 6.5"" Mid-Range Bullet Loudspeakers, 1400W Max Power, 350W RMS, 4 Ohm, 1.5"" Voice Coil - Pro Car Audio Stereo, Midrange Speakers (Pair)",Audio,129.95,Orion,/Orion-XTX654-Efficiency-Midrange-Speakers/dp/B077GHDZXC/ref=sr_1_6198?dib=eyJ2IjoiMSJ9.zhRMLHVw4IJMRtrQvk3kA34arXfiQ2jieLF7nD9GZN9q5cCMCN9bvOXOYCYqpUaYj0oBSj5hxbmnhO7HwLhaKwE6b0Dmr2PiP--ir6EWiFk1kkp_znbezVKlxnkpaJbqJl-kMrNJxuRH9gixPnM0VNWETaMHqDwhmwsn-6Pl12PHyNK4qD8KUrgsjlDsYYrBkRKUcUv4qCzH3Mdp5Z4aPjgrqegBrm7Kvwagcd6BUVXRYC7-EQCll2OkjvwiRRassrtQ7jkmIPh3M_1p17FuNHAv9pFCja8DGhX6O7nHBZI.Rjpx0E4y-CbNj78-DEvPfZ5VWlmSSV2EJxHKDPxWSM0&dib_tag=se&qid=1755803292&refinements=p_n_g-101014971069111%3A119653281011&s=electronics&sr=1-6198,https://m.media-amazon.com/images/I/71G1p92Wi3L._AC_UL320_.jpg
