Title,sonnet,confident,note,category,category_regex,final_price,brand,product_url,agree
"Samsung Galaxy Tab A9+ Tablet 11” 64GB Android Tablet, Big Screen, Quad Speakers, Upgraded Chipset, Multi Window Display, Slim, Light, Durable Design, US Version, 2024, Graphite",Phone & Tablet Accessories,True,,Phone & Tablet Accessories,Monitors & Displays,159.0,Samsung,/SAMSUNG-Android-Speakers-Upgraded-Graphite/dp/B0CLF3VPMV/ref=sr_1_38?dib=eyJ2IjoiMSJ9.LBpBsHuyfrR7CRIcNLKJuNd86w-xTsaEnYcIS2sQiWPBQ-THGMiZLsovvzc6zU2prrcV96oGOYrhT_X_YbP0XY6vdZMKx6b6N8yqNFNh9tVKkb00o7qDalFYVh2aC679dnx8SL_aC5fTv7utJL7qrEshg5lvQghQDR9_0RzNSAKdGCN2S1u8ibaV2lo7CdJtTfmt-FUXHp_DCDiwPbzQvERmPa_wSDQV9OtPye6EVsQfla4GRQw7U7svaPvZTR1zNo1Qa-wL96sYgjP7Mv76TK2r46jfH6HT2KrwVWEVXH4.70OxK_A5AwLXqpRAWujAtKePZBVX0Wf7SRjWmHqbtUI&dib_tag=se&qid=1755800083&refinements=p_n_g-101014971069111%3A119653281011&s=electronics&sr=1-38,True
"Apple Watch Series 10 [GPS 42mm case] Smartwatch with Rose Gold Aluminium Case with Light Blush Sport Band - S/M. Fitness Tracker, ECG App, Always-On Retina Display, Water Resistant",Smart Home & Wearables,True,,Smart Home & Wearables,Monitors & Displays,,Apple,/Apple-Watch-Smartwatch-Aluminium-Always/dp/B0DGHYQ1VJ/ref=sr_1_39?dib=eyJ2IjoiMSJ9.LBpBsHuyfrR7CRIcNLKJuNd86w-xTsaEnYcIS2sQiWPBQ-THGMiZLsovvzc6zU2prrcV96oGOYrhT_X_YbP0XY6vdZMKx6b6N8yqNFNh9tVKkb00o7qDalFYVh2aC679dnx8SL_aC5fTv7utJL7qrEshg5lvQghQDR9_0RzNSAKdGCN2S1u8ibaV2lo7CdJtTfmt-FUXHp_DCDiwPbzQvERmPa_wSDQV9OtPye6EVsQfla4GRQw7U7svaPvZTR1zNo1Qa-wL96sYgjP7Mv76TK2r46jfH6HT2KrwVWEVXH4.70OxK_A5AwLXqpRAWujAtKePZBVX0Wf7SRjWmHqbtUI&dib_tag=se&qid=1755800083&refinements=p_n_g-101014971069111%3A119653281011&s=electronics&sr=1-39,True
"Apple Watch SE (2nd Gen) [GPS 40mm] Smartwatch with Starlight Aluminum Case with Starlight Sport Band S/M. Fitness and Sleep Trackers, Crash Detection, Heart Rate Monitor, Retina Display",Smart Home & Wearables,True,,Smart Home & Wearables,Monitors & Displays,,Apple,/Apple-Smartwatch-Starlight-Aluminum-Detection/dp/B0DGJ73CFS/ref=sr_1_22?dib=eyJ2IjoiMSJ9.avmZlHCQuVOwikquBqYSIjN8SVcyxtkXHQMPt7Zjzkf4TeZzrZfQETMhdWuWgtTrVz8ITKpXLHvZj0fZRjxqgMPYNMitRqeUoeIwdYfc5nnzJ8m0T8HYeedlh3YSOhJQjeHskevMUQWyg6TtoB2tHcHt-edYPsQ6VwFQTI6avsPrgVpFKrto3ff9TDR9BcRyPwM6AiYn-vh7wA5PP9DjZddhCPf7bVPcHMZ6Hwd40dQDWm9_M8R-LcwKY8wnuWRUSplhfYJBvTjAgsb3Y3y88VGpfqY3V8Rd2ge-woBzUMA.yqwi-krmElGgXIMa8kKUPx1XmaXd9lHaAkMkVVpStxo&dib_tag=se&qid=1755800068&refinements=p_n_g-101014971069111%3A119653281011&s=electronics&sr=1-22,True
"Philips 22 inch Class Thin Full HD (1920 x 1080) Monitor, 100Hz Refresh Rate, VESA, HDMI x1, VGA x1, LowBlue Mode, Adaptive Sync, 4 Year Advance Replacement Warranty, 221V8LB",Monitors & Displays,True,,TV & Home Entertainment,Monitors & Displays,,Philips,/PHILIPS-Adaptive-Replacement-Warranty-221V8LB/dp/B0CVM2GJCN/ref=sr_1_124?dib=eyJ2IjoiMSJ9.20cWlUwxNhVDil7kfkgf1zNKG6BcsU-Zqq54NrGCMEdwew2pZ_Z4LPqjGOxOSs_HiAw4zumER8_U8-eFv8OKRVpNiEHlJ_Lr95k--xqf1WYYK3egdN6KGYalquyF7Fhjt6QT5ApWdTwFqYbcIG7Ru3XpGwIbAkbGz7zXSkKE_-Irz4C_8tQr9DyYzm0rJOaYjS7PUqdbLYqniJFnAAdny7KsiePRqc1UhfwSqVhHb3FY_lIxHO2rKvPmWoH1Oduo87reZlRV3h2ma30iH3rdaLEGqsY-6QasoBw5uVqyS-M.FxXXG86DJL6vKKvcStWJJn_HDhqRldIRJgP6WTN5h7I&dib_tag=se&qid=1755800144&refinements=p_n_g-101014971069111%3A119653281011&s=electronics&sr=1-124,False
"Xbox Wireless Gaming Controller (2025) – Carbon Black – Play on Xbox, Windows, Android, iOS, FireTV Sticks, Smart TVs, VR Headsets",Gaming,True,,Gaming,Audio,54.0,Xbox,/Xbox-Wireless-Gaming-Controller-Headsets-Console/dp/B0F1HX3WXX/ref=sr_1_121?dib=eyJ2IjoiMSJ9._iIYlKTDQWi6dRtkt7tnlUJi-0qqzHN0yhonfOYFGD8e2-Gd1Rwsc74dPNmaal58z4JOct7-7ejiZLDukUwfLObP3QUGPDaSxVjWN_6djVRvVYGik32eBurR5eevoC2sjqmPJ2xnTq6P1jR6gfLlq6_eRw_3BryCLf4sKYm_KdLBZfI94RFejhfG_iCK0zp6fi9zDMVrGlf0aDqx3DZmg_1hVPvOQ26Ldt6NSH2uXwtnwVKMxAmVzqjNU7mXh_XHTLkJxtKAq-KcTcAZomkcKoIPTZh-T-QqbGc346x-aLw.V-bWswQsjwO77nUVIMnqsKgaJDqLpWb5pwPA5PdrGDY&dib_tag=se&qid=1755800128&refinements=p_n_g-101014971069111%3A119653281011&s=electronics&sr=1-121,True
"Logitech M185 Wireless Mouse, 2.4GHz with USB Mini Receiver, 12-Month Battery Life, 1000 DPI Optical Tracking, Ambidextrous PC/Mac/Laptop - Swift Grey",Keyboards & Mice,True,,Keyboards & Mice,Computers & Laptops,,Logitech,/Logitech-Wireless-Mouse-M185-Swift/dp/B004YAVF8I/ref=sr_1_71?dib=eyJ2IjoiMSJ9.R5C5c127FAMdv1j0xqbs6pQ5u90xWfstqcsbRNCzQIb4GLIDNqBc9QICGz5G2hlK3Ei4xa8HM9MOiC50O99Ea9Tdm7L8BV5Au6cJ0jKmAwqyPSvx1TNiKmJrHm5K46m4RWUmHzORxPX0xqJDEaUlBv4ZuAZXPMtm4BYZTbNXBgQPPlcqbpxQ_uwbgfpZZG0wl-D4zEPfu2_vQ6smLwV2D5Huga-ancv_VerflS0cUKCqJaiAzhyhSBVdyedVp-mOthJTff1XghLSMKbjDoNwhPuKBTRIJJIJFjHMtTWpCFE.5MiUObWl1yD0ZNomdJloPRIABnFV2d46HgeYCCUygjY&dib_tag=se&qid=1755800098&refinements=p_n_g-101014971069111%3A119653281011&s=electronics&sr=1-71,True
"VIZIO 40-inch Full HD 1080p Smart TV with DTS Virtual: X, Alexa Compatibility, Google Cast Built-in, Bluetooth Headphone Capable, (VFD40M-08 New)",TV & Home Entertainment,True,,TV & Home Entertainment,Audio,138.0,Vizio,/VIZIO-40-inch-1080p-Virtual-Built/dp/B0CXG3HMX1/ref=sr_1_55?dib=eyJ2IjoiMSJ9.R5C5c127FAMdv1j0xqbs6pQ5u90xWfstqcsbRNCzQIb4GLIDNqBc9QICGz5G2hlK3Ei4xa8HM9MOiC50O99Ea9Tdm7L8BV5Au6cJ0jKmAwqyPSvx1TNiKmJrHm5K46m4RWUmHzORxPX0xqJDEaUlBv4ZuAZXPMtm4BYZTbNXBgQPPlcqbpxQ_uwbgfpZZG0wl-D4zEPfu2_vQ6smLwV2D5Huga-ancv_VerflS0cUKCqJaiAzhyhSBVdyedVp-mOthJTff1XghLSMKbjDoNwhPuKBTRIJJIJFjHMtTWpCFE.5MiUObWl1yD0ZNomdJloPRIABnFV2d46HgeYCCUygjY&dib_tag=se&qid=1755800098&refinements=p_n_g-101014971069111%3A119653281011&s=electronics&sr=1-55,True
"HP Original 910 Cyan, Magenta, Yellow / 910XL Black Ink Cartridges (4-Pack) | Works OfficeJet 8010, 8020 Series OfficeJet Pro 8020, 8030 Series | Eligible for Instant Ink | 3JB41AN",Printers & Ink,True,,Computers & Laptops,Printers & Ink,106.89,Hp,/HP-Magenta-Yellow-Cartridges-3JB41AN/dp/B07SZKCGFJ/ref=sr_1_56?dib=eyJ2IjoiMSJ9.R5C5c127FAMdv1j0xqbs6pQ5u90xWfstqcsbRNCzQIb4GLIDNqBc9QICGz5G2hlK3Ei4xa8HM9MOiC50O99Ea9Tdm7L8BV5Au6cJ0jKmAwqyPSvx1TNiKmJrHm5K46m4RWUmHzORxPX0xqJDEaUlBv4ZuAZXPMtm4BYZTbNXBgQPPlcqbpxQ_uwbgfpZZG0wl-D4zEPfu2_vQ6smLwV2D5Huga-ancv_VerflS0cUKCqJaiAzhyhSBVdyedVp-mOthJTff1XghLSMKbjDoNwhPuKBTRIJJIJFjHMtTWpCFE.5MiUObWl1yD0ZNomdJloPRIABnFV2d46HgeYCCUygjY&dib_tag=se&qid=1755800098&refinements=p_n_g-101014971069111%3A119653281011&s=electronics&sr=1-56,False
Meta Quest 3 512GB | Thirty Percent Sharper Resolution — 2X Graphical Processing Power — Play Without Wires — Get Batman: Arkham Shadow and a 3-Month Trial of Meta Horizon+ Included,Gaming,True,,Storage & Memory Cards,Gaming,,Meta,/Meta-Quest-512GB-Ultimate-Experiences-Included/dp/B0DDWH41HB/ref=sr_1_61?dib=eyJ2IjoiMSJ9.R5C5c127FAMdv1j0xqbs6pQ5u90xWfstqcsbRNCzQIb4GLIDNqBc9QICGz5G2hlK3Ei4xa8HM9MOiC50O99Ea9Tdm7L8BV5Au6cJ0jKmAwqyPSvx1TNiKmJrHm5K46m4RWUmHzORxPX0xqJDEaUlBv4ZuAZXPMtm4BYZTbNXBgQPPlcqbpxQ_uwbgfpZZG0wl-D4zEPfu2_vQ6smLwV2D5Huga-ancv_VerflS0cUKCqJaiAzhyhSBVdyedVp-mOthJTff1XghLSMKbjDoNwhPuKBTRIJJIJFjHMtTWpCFE.5MiUObWl1yD0ZNomdJloPRIABnFV2d46HgeYCCUygjY&dib_tag=se&qid=1755800098&refinements=p_n_g-101014971069111%3A119653281011&s=electronics&sr=1-61,False
"Amazon Kindle Paperwhite 16GB (newest model) – Our fastest Kindle ever, with new 7"" glare-free display, and weeks of battery life – Without lockscreen ads – Black",Phone & Tablet Accessories,True,,Storage & Memory Cards,Monitors & Displays,,Amazon,/All-new-Amazon-Kindle-Paperwhite-glare-free/dp/B0DDZJS3SB/ref=sr_1_200?dib=eyJ2IjoiMSJ9.xxldqB5memNxSjwXyxys54aDmLiGJ42_Tl2AkBmrD_7MRr5gGnMWixONylZiKaOgfEi96AnHhu0Xn8U6VrCnYojHT5F_Hr7ZF6YP7ldM9J6CA7lc7rfetOj2_S6O1Cv_a7bRRP29rhRO7MRmTGO7m0sXpH7MwZoAZIy509qcpYYWs2j_qoabNCPStbSqgth83jm_kNmC96BqzMOYeCfwZWi2JBNi4vqO36QSfiUm1tli3XK5DMmX7q7ZR9k7-rZOpxd7NNVDX79G4toMAw230Mp-jmBanSXXoiLb54fdTw8.L_yAPB9NDDxoZaG4KhBh_l3HvKsWIfYLweEBVq_KA3w&dib_tag=se&qid=1755800183&refinements=p_n_g-101014971069111%3A119653281011&s=electronics&sr=1-200,False
"DYMO LetraTag LT-100H Handheld Aesthetic Label Maker | ABC Keyboard Label Printer with Easy-to-Use, 13 Character LCD Screen | Great for Home & Office Organization | Pink (New)",Office & School Supplies,True,,Office & School Supplies,Printers & Ink,29.99,Dymo,/sspa/click?ie=UTF8&spc=MTo0ODUyMDkxNDk4NDQ5OTk2OjE3NTU4MDAxNjg6c3BfYXRmX2Jyb3dzZTozMDA4NzE0MDA2Mzk0MDI6OjA6Og&url=%2FDYMO-LetraTag-Aesthetic-Character-Organization%2Fdp%2FB0DYLW2PSX%2Fref%3Dsr_1_170_sspa%3Fdib%3DeyJ2IjoiMSJ9.YQHBnPDjN8Z4imUHJNxVLFRBgqNoYOSsBUlYoUOlEfG567uiBwKeinTiNCWlC9mIeVhlQpupSFavHyzX8wNWDt3qO4q2GTOoTKWuHhfFpNjCC1D0jw3zMFUcwIkZmaflv3f7AniwZr6bW9qMq72Ulf7ldwTxMwlgtHT5eOAkBt8Yvr6Zo50u4WLUnyoYZYkFMj20fpw1cuGK1-JTqtidzWu5hKUZUXrE_t3GenoOGoDmUL0s6FRxwNFcILnpmCRh1r5c4Xds6oHk27opppHfMSIiAzzSjzP2XfwaQbE4fAo.axxKOzpb30oswzyfbanuv1eVdqKGDZBnpnjRAJ4MwWY%26dib_tag%3Dse%26qid%3D1755800168%26refinements%3Dp_n_g-101014971069111%253A119653281011%26s%3Delectronics%26sr%3D1-170-spons%26sp_csd%3Dd2lkZ2V0TmFtZT1zcF9hdGZfYnJvd3Nl%26psc%3D1,True
"Lasko Wind Machine Fan, Air Circulator Fan with 3 Speeds, 20"" Model 3300, Gray",Other,False,"electric fan, not a listed category",Computers & Laptops,Other,39.97,Lasko,/Lasko-3300-Machine-Energy-Efficient-Speeds/dp/B00002N5ZB/ref=sr_1_196?dib=eyJ2IjoiMSJ9.xxldqB5memNxSjwXyxys54aDmLiGJ42_Tl2AkBmrD_7MRr5gGnMWixONylZiKaOgfEi96AnHhu0Xn8U6VrCnYojHT5F_Hr7ZF6YP7ldM9J6CA7lc7rfetOj2_S6O1Cv_a7bRRP29rhRO7MRmTGO7m0sXpH7MwZoAZIy509qcpYYWs2j_qoabNCPStbSqgth83jm_kNmC96BqzMOYeCfwZWi2JBNi4vqO36QSfiUm1tli3XK5DMmX7q7ZR9k7-rZOpxd7NNVDX79G4toMAw230Mp-jmBanSXXoiLb54fdTw8.L_yAPB9NDDxoZaG4KhBh_l3HvKsWIfYLweEBVq_KA3w&dib_tag=se&qid=1755800183&refinements=p_n_g-101014971069111%3A119653281011&s=electronics&sr=1-196,False
"Sony WH-1000XM6 The Best Wireless Noise Canceling Headphones, HD NC Processor QN3, 12 Microphones, Adaptive NC Optimizer, Mastered by Engineers, Studio-Quality, 30-Hour Battery, Black",Audio,True,,Audio,Computers & Laptops,448.0,Sony,/Sony-WH-1000XM6-Headphones-Microphones-Studio-Quality/dp/B0F3PQHWTZ/ref=sr_1_197?dib=eyJ2IjoiMSJ9.YQHBnPDjN8Z4imUHJNxVLFRBgqNoYOSsBUlYoUOlEfG567uiBwKeinTiNCWlC9mIeVhlQpupSFavHyzX8wNWDt3qO4q2GTOoTKWuHhfFpNjCC1D0jw3zMFUcwIkZmaflv3f7AniwZr6bW9qMq72Ulf7ldwTxMwlgtHT5eOAkBt8Yvr6Zo50u4WLUnyoYZYkFMj20fpw1cuGK1-JTqtidzWu5hKUZUXrE_t3GenoOGoDmUL0s6FRxwNFcILnpmCRh1r5c4Xds6oHk27opppHfMSIiAzzSjzP2XfwaQbE4fAo.axxKOzpb30oswzyfbanuv1eVdqKGDZBnpnjRAJ4MwWY&dib_tag=se&qid=1755800168&refinements=p_n_g-101014971069111%3A119653281011&s=electronics&sr=1-197,True
"Lexar 512GB Play PRO microSD Express Card, UHS-I, C10, U3, V30, Full HD, 4K, Up to 900/600 MB/s Memory Card, Compatible w/Nintendo-Switch 2, ASUS ROG Ally, Steam Deck, Gaming (LMSXPS0512G-BNNNU)",Storage & Memory Cards,True,,Storage & Memory Cards,Gaming,119.99,Lexar,/Lexar-microSD-Compatible-Nintendo-Switch-LMSXPS0512G-BNNNU/dp/B0DYBW1MNC/ref=sr_1_390?dib=eyJ2IjoiMSJ9.AovYOGyuIptuJ5gUQQfwL7DKYx9Li69bUIZBRiczFB29fsIhdxDPNxizyaf0AiWnZIZZv7hgL0A6mL_Syt2OZtReQQgkujF2ujHAMMOy5zXRXW9OLSstm4pI5rk2zCpgkCg7kxyXxgRIDq0Yv6nTQV8cmuAXhM7ZM-mR25vK4tEwFLhjzRAdobd7Q_oUaZ-pcMnDouBg81T-edGw_p_97C3pAOhEj4v4zAts1YzwBesqvuqSkk1V9P3uKFW2COUsDzhdeLG4WHIgOFryISQhFC1_E9s7am02uj66zU_c0G8.dDt5Qd13H8CApKqrDEUffGW7sE0MwlDWOQ9PKTdMBys&dib_tag=se&qid=1755800272&refinements=p_n_g-101014971069111%3A119653281011&s=electronics&sr=1-390,True
"Tile by Life360 Essentials - Bluetooth Trackers & Item Locators for Keys, Wallets, Remotes & More; Easily Find All Your Things. Both iOS and Android Compatible. 4-Pack (Mates/Slim/Sticker)",Phone & Tablet Accessories,True,,Other,Other,54.99,Tile,/Tile-Life360-Essentials-Bluetooth-Compatible/dp/B0D6354JRF/ref=sr_1_388?dib=eyJ2IjoiMSJ9.AovYOGyuIptuJ5gUQQfwL7DKYx9Li69bUIZBRiczFB29fsIhdxDPNxizyaf0AiWnZIZZv7hgL0A6mL_Syt2OZtReQQgkujF2ujHAMMOy5zXRXW9OLSstm4pI5rk2zCpgkCg7kxyXxgRIDq0Yv6nTQV8cmuAXhM7ZM-mR25vK4tEwFLhjzRAdobd7Q_oUaZ-pcMnDouBg81T-edGw_p_97C3pAOhEj4v4zAts1YzwBesqvuqSkk1V9P3uKFW2COUsDzhdeLG4WHIgOFryISQhFC1_E9s7am02uj66zU_c0G8.dDt5Qd13H8CApKqrDEUffGW7sE0MwlDWOQ9PKTdMBys&dib_tag=se&qid=1755800272&refinements=p_n_g-101014971069111%3A119653281011&s=electronics&sr=1-388,False
"DJI Neo Three-Battery Combo, Mini Drone with 4K UHD Camera for Adults, 135g Self Flying Drone that Follows You, Palm Takeoff, Subject Tracking, QuickShots, Stabilized Video (Controller-Free)",Cameras & Photography,True,,Batteries,Cameras & Photography,289.0,Dji,/DJI-Three-Battery-QuickShots-Stabilized-Controller-Free/dp/B0DDS1368S/ref=sr_1_396?dib=eyJ2IjoiMSJ9.Wgn2XXlOfNNhW2p2Rh7sMVjj3CSceKwuJF5FG-8NDgijH9Aaa4i5VphHh8Lk_FgGXXCxbCpUOe8ku_lU76JBocqWXVVFIda6mDSF_cN0RNjBdJyJtk80uSje2rjsObKeJYPidjeOFkWlOomy-qKKUWoO-2yIZJRdQKEor5MSyk5s5juSlgxr5yIzo9IQwmVdBFZHwa9thM-EZGDclX8WAtzSN2bnTI0FGhnvjvaEJW4Wyf8m1iakuXcPPJQq5S9VGoWNruYcUe5PECR6je7_reLoSIhuM2LJrCkoxLrGuYA.b0uJaYFEwMZd6KSlDcPC8vUPa37XEXdk5vbHzxry78M&dib_tag=se&qid=1755800286&refinements=p_n_g-101014971069111%3A119653281011&s=electronics&sr=1-396,False
"Samsung Galaxy S22 Smartphone, Factory Unlocked Android Cell Phone, 128GB, 8K Camera & Video, Brightest Display, Long Battery Life, Fast 4nm Processor, US Version, Phantom Black (Renewed)",Phone & Tablet Accessories,True,,Phone & Tablet Accessories,Computers & Laptops,,Samsung,/Samsung-Smartphone-Unlocked-Brightest-Processor/dp/B09V5LDZQ4/ref=sr_1_576?dib=eyJ2IjoiMSJ9.W7qPqIjEIJSfR7lKJQwkEDfhN954PFpspNrIYbAxg0NtSNMnQi5fE7DX4pLD3S3KqCMuAbi74oCuAaO60s4tzLc9y0rfBUFaWSkJ1-k85fzp6xhn2bz5fDXuuPDorkI4vi6lQc27pV-G1rUxWVjr16E-xcTYX8CuaxQGtS9abPh-G1_qWM8qpwud5Nbxh5E1lCq9nzpriHhV1MwPgyBaU48ynMLLxLdKwB_xVlpbjQ-hTcK8uNFsrFa--lc76DcD4-6ovh4ycS5p_orDqcCDevcsFT5vngEXrwZFuMAZJNY.WvF7wxnW58w4ehJQtTgDpttwr6xIo_W7jtayLWDwng4&dib_tag=se&qid=1755800372&refinements=p_n_g-101014971069111%3A119653281011&s=electronics&sr=1-576,True
TP-Link Ultra-Portable Wi-Fi 6 AX1500 Travel Router TL-WR1502X | Easy Public WiFi Sharing | Hotel/RV/Travel Approved | Phone WiFi Tether | USB C Powered | Multi-Mode | Tether App | Durable Design,Networking,True,,Networking,Phone & Tablet Accessories,49.99,Tp-Link,/TP-Link-Ultra-Portable-TL-WR1502X-Approved-Multi-Mode/dp/B0D41G5N95/ref=sr_1_604?dib=eyJ2IjoiMSJ9.tgxYnMXJArIyRhIl6b5pwn_CS4eT4pbpKmf2_KJDScYQl_WPhbzL2l2kZWHoSVIYlqIWy3sGJwjPNQ6AlL1-3Igf3WUtHP82mvpAuy5kwGWBJllwumlGUvbdOIPx4oRnirGAyxPNRvLGkMqyKjqfOzm9ZUUgGizklc30ACX1o6EtMP-70h_ZQkFS2zDRJucehha9BFKwSimk8A7RZSdS1jBaC8S_oF_zRh0-cV-lLLInqxauUCSEeV_tsLevlxNTcKyZrh4eMpNYKiDYxTReFxKlrgikQEz80lrTbby9UyI.ch-Kq8V5LuQVnXSFa9ZVjy9b0DKSAKeoiqCNudjXwms&dib_tag=se&qid=1755800384&refinements=p_n_g-101014971069111%3A119653281011&s=electronics&sr=1-604,True
"Seagate Expansion Card for Xbox Series X/S, 1TB Solid State Drive, NVMe (STJR1000400)",Storage & Memory Cards,True,,Storage & Memory Cards,Computers & Laptops,149.0,Seagate,/Seagate-Storage-Expansion-Solid-State/dp/B08K3S6WJM/ref=sr_1_533?dib=eyJ2IjoiMSJ9.lm2tbyOfKCrv246UHu7UNH5r7vER1-8JTf90KBYXWlnAKLiyaJnU5kHcoJd1kptYOaNigIQDQGpYPkdvpX2S0xwhdAPtKjitYuBN7kvMWgfGMk3bXcIBIERFFa8Nvm2lGxfoRramTYw5sjNHOojqvtsJW0a4QpeXdFGo9o42VWNkqV0N6Xa1RaOL9qr2C3G9SgfRLkzdEqc2mMJZ5mgCHA0MFEsUVoBMHY88wAsiP3v9w7B-5RhS_Jh2b2AsAJ2w52JhaIshk2wRuNP691Pygmme1ZGD_cWjQwQfgiP-qfY.70aKal4hKVNIbx8M7302KpiVU3FfwkQADJWEAuSN2nA&dib_tag=se&qid=1755800347&refinements=p_n_g-101014971069111%3A119653281011&s=electronics&sr=1-533,True
"AINOPE 2 Pack USB Extensions Cable High Speed USB 3.0 Extension Cord Type A Male to Female Sturdy Braided Material Fast Data Transfer Compatible with USB Keyboard,Mouse,Flash Drive,Grey,6.6FT+6.6FT",Cables & Charging,True,,Cables & Charging,Power Strips & Surge Protectors,7.29,Ainope,/AINOPE-Extension-MATERIAL-Transfer-Compatible/dp/B07RQRMGKB/ref=sr_1_535?dib=eyJ2IjoiMSJ9.HjrAn_bL0HHzWlYLVbL9LB9oFp03_JGR-j5cRq4iVIcck9fQ0qTtOSFP4FD87e3-o2Pydk0N7lhmkizWM6xpbHOmNUqEiox7x37Yx2rT9x-WSccm5woumq9k1B4V20y_y-DLujs8VdfWXoh1vKePrCA5syNG_t_fpekHS3bck-gwqxHKow3q3XeYHIV7TI2OYH8XrfCXpfZ4xK2iM5H0pf6XgGFQpd0AIZR4ZC5dIpddRyC-PMGUd6q9KtO0tu7tNoVJ1TsWwQAIWcnzCqBq8p2m9th9SRc_9T6g_aOlSoY.C_eOrVD-aSP0QGrBzI7a0WBK2Xea9eQaYGYIsHuFWHE&dib_tag=se&qid=1755800360&refinements=p_n_g-101014971069111%3A119653281011&s=electronics&sr=1-535,True
"Anker MacBook Pro Charger, Compact and Foldable 100W USB C Charger for MacBook Air, Samsung Galaxy, iPad Pro, and More, 5FT USB C Cable Included",Cables & Charging,True,,Cables & Charging,Computers & Laptops,27.99,Anker,/Anker-Charger-Compact-Foldable-Included/dp/B0C3G9B9X1/ref=sr_1_704?dib=eyJ2IjoiMSJ9.GZgt1edC1LpOtA7evVhrtiAdJAXGljK4wASLaDMWPBMm49ie2ZRqTJ6Tmar48XaGAoJOt9JUgklOIy_L2i9FHaEh8J0j0h5ENgrHY3p37_JiTyjtr3ukpeQLemLhFFd1pOKs9csMn9swpcHpaaUy7kNZlECCnr2L3NAdhxtXs2_f3Zn8wOjefw-cP5Az6aeV6ydpS7HtHIEo7gwlZgkTxggLLRRvxUvVcqz3psIq3WnpSsQCab__ilOcQjE_zmU0Tdk69dJtEhdc-79jLXjP4vXqmIx6IltqpRYh7-r8-28.eacgtHmuhP6K3NZM9RDBntSaospAfdWoy0WcAdZ-F94&dib_tag=se&qid=1755800447&refinements=p_n_g-101014971069111%3A119653281011&s=electronics&sr=1-704,True
"Logitech Wireless Mouse Signature M650 L Full Size - Large Hands, 2-Year Battery, Silent Clicks, Customizable Buttons, Bluetooth, PC/Mac/Chromebook - Black, Right-Handed, Large",Keyboards & Mice,True,,Keyboards & Mice,Computers & Laptops,33.99,Logitech,/Logitech-Signature-M650-Wireless-Mouse/dp/B09KX9P829/ref=sr_1_699?dib=eyJ2IjoiMSJ9.a9QRrcpTZ_Gv23fRQ7ddrP1pyZRBHToVdeYwohOiNmamzLRTxINAT1S_su3gnGveSojQwiabVLNYvzEr64l6FQRO4at_Q0yZ51eSuVjSLvR7uu09RxZixNg5WbQSL7tfQ9IZKKdsWUKwy05Y1Lf85FoN9JgGblscrI_hPSEyCnTbTT5bHhVzD33HqjFMEnG4yAxLfLLnolD0nDDjX0s0_tPAncHSSScvoFL9m_bZZUXAuzQub8xBnrOA7bEx3U0onZtJCiuP1Wz7pas2sjuktksU5T8v1eaoSiBt9P7EFIo.tB8gOxpKFmzD8n00iuYVXHUrbDwqof6xfI9gJpbakXs&dib_tag=se&qid=1755800435&refinements=p_n_g-101014971069111%3A119653281011&s=electronics&sr=1-699,True
"SAMSUNG Galaxy Buds Fan Edition(FE) SM-R400, Active Noise-Cancelling, Wireless Bluetooth v5.2 Earbuds, Android 8.0 and Up - (Graphite)",Audio,True,,Phone & Tablet Accessories,Audio,51.69,Samsung,/SAMSUNG-SM-R400-Noise-Cancelling-Wireless-Bluetooth/dp/B0CL8CJPVM/ref=sr_1_724?dib=eyJ2IjoiMSJ9.gV02boA3__eSXa-lSig2-l1Wvh1Viz4VhrXgc98pNUNZMHogORkRObHuYWEvvWbxqITGJ-l8vQvbTnhh1E3jE5joKVW-USAWYGvWYPL7bv2IY9-aCRIiMEDz15dX-aPDBKBp6KX2hvjq-PPsjQgZS8LDjUOckyamia58ZYfNeyo9Vnz1Hyq7KQwFg-523Bjo4uT5js1VSm7M6ltRH4tlR5yhK-s4hxKxymqCscdSmgQWqHJ3ZsbNhhP-pIILgSwku47yaW4tVhwYxpDECSf-MkE8UL9L7NHea7hUsOqyzKA.ndaIYzbwDX89JIEgHXK7A8nijiC5DrSCYPapHV0_gFo&dib_tag=se&qid=1755800458&refinements=p_n_g-101014971069111%3A119653281011&s=electronics&sr=1-724,False
"SanDisk 256GB Ultra Dual Drive USB Type-C - USB-C, USB 3.1 - SDDDC2-256G-G46,Black",Storage & Memory Cards,True,,Storage & Memory Cards,Cables & Charging,22.97,Sandisk,/SanDisk-256GB-Ultra-Drive-Type-C/dp/B06XC1WGQR/ref=sr_1_607?dib=eyJ2IjoiMSJ9.r0D-ykra8JyA4FTMyfRGZG4tvRWwFtuHDKi1jbjisIubfjF-w1jDe1ljncqv5VyhRUl1Hlrw_r3BvZDNyoqxCSZmPWrxoTljzLgJbXdKKl5PLI8Kf002zsIrsgTVRr7Ry9s6im58Dg5vAAPfOBQHP3zVk-KwAIikSeRxqSkO3znVRWmQs5XhuA2X6A6WBAOv9jzDPPOpNkhTYJ3PCsJqjs209jG81KdDsgI2t8CfGc1vubLPatWgVdn5_QuM78AkzcKu-8-KK0I7ayL0g20q-rwS8j_JyLhX2-C19Rq5nKg.Hx7G44SmhBj144BL3hyibtbVxoRNmqNpgyYFZX7yN_k&dib_tag=se&qid=1755800399&refinements=p_n_g-101014971069111%3A119653281011&s=electronics&sr=1-607,True
"Garmin inReach Mini 2, Lightweight and Compact Satellite Communicator, Hiking Handheld, Orange - 010-02602-00",Marine & GPS,True,,Smart Home & Wearables,Marine & GPS,348.9,Garmin,/Garmin-Lightweight-Satellite-Communicator-Handheld/dp/B09PSKG7C3/ref=sr_1_629?dib=eyJ2IjoiMSJ9.8Wvwqy0kUhNWDk0hf4n9rCrV9mow9izO69ugIxaq6P-VS1HbY_6g3XqU69jbaOT6eYbg5E3a4ZhIukRw36aayi5yPz2ug_hjTixLOdgQUd4tsiodPZAeUA5w9Ljle0zy2K2ZAtNvW6v6kV3QbafIzg564v7-fLTEf0J37ueTFtC3u1YlbqoTCppmwPaw4s5kC5PcnAmIxniI09kJu8bB3T6Y-qAwzGhOroCIQ7qn8Lu4wknSLsiS94R6kH9mHWgO6rw5l-CTiBc8b0cHd1leplSKpfvl4b7juwhrZQQnTdA.Ug1_x2CQPqW4MPsltT4UEluuJryvp-SqE_QR8BP_M5g&dib_tag=se&qid=1755800410&refinements=p_n_g-101014971069111%3A119653281011&s=electronics&sr=1-629,False
"TP-Link TL-SG1005P, 5 Port Gigabit PoE Switch, 4 PoE+ Ports @65W, Desktop, Plug & Play, Sturdy Metal w/ Shielded Ports, Fanless, QoS & IGMP Snooping",Networking,True,,Networking,Computers & Laptops,49.99,Tp-Link,/TP-Link-Compliant-Shielded-Optimization-TL-SG1005P/dp/B076HZFY3F/ref=sr_1_649?dib=eyJ2IjoiMSJ9.8Wvwqy0kUhNWDk0hf4n9rCrV9mow9izO69ugIxaq6P-VS1HbY_6g3XqU69jbaOT6eYbg5E3a4ZhIukRw36aayi5yPz2ug_hjTixLOdgQUd4tsiodPZAeUA5w9Ljle0zy2K2ZAtNvW6v6kV3QbafIzg564v7-fLTEf0J37ueTFtC3u1YlbqoTCppmwPaw4s5kC5PcnAmIxniI09kJu8bB3T6Y-qAwzGhOroCIQ7qn8Lu4wknSLsiS94R6kH9mHWgO6rw5l-CTiBc8b0cHd1leplSKpfvl4b7juwhrZQQnTdA.Ug1_x2CQPqW4MPsltT4UEluuJryvp-SqE_QR8BP_M5g&dib_tag=se&qid=1755800410&refinements=p_n_g-101014971069111%3A119653281011&s=electronics&sr=1-649,True
"TP-Link WiFi Extender with Ethernet Port, Dual Band 5GHz/2.4GHz, Up to 44% More Bandwidth Than Single Band, Covers Up to 1200 Sq.ft and 30 Devices, Signal Booster Amplifier Supports OneMesh(RE220)",Networking,True,,Networking,Audio,12.17,Tp-Link,/TP-Link-AC750-WiFi-Range-Extender/dp/B07N1WW638/ref=sr_1_840?dib=eyJ2IjoiMSJ9.f7gChd7HDGzUjJ8XuM3TQTv5zkVQnv6jGULCBSauDh9daiWNnnvJJMjCpEDZ8Ai3O-jn3FN72Ypm3ljCIv75xqJLqQg1MNHNapryNSvOW0Ivnz9CBNdwf69bEl4pdMeZiNr7Taa8z2Gj-UelKcmV4NVC2a4q9Vtm1cfpHAxn_ibb42b3uuUuemhXoWW8n0sgSOpo7qi0lOlSRY4SdLIlU_3Hw0ssa6ok4yQFnFuLG_UZn9XUVnIJMi5CypgEOz7-3yH3fV7RAvs639IMEUWfXlK7OzV9nXqn19yPv0yzntk._V0wd7z4lX4LtJZ7-mnHLO9IgXlNV9uYe-xqm_FiUQw&dib_tag=se&qid=1755800511&refinements=p_n_g-101014971069111%3A119653281011&s=electronics&sr=1-840,True
"ASUS RT-AX86U Pro (AX5700) Dual Band WiFi 6 Extendable Gaming Router, 2.5G Port, Gaming Port, Mobile Game Mode, Port Forwarding, Subscription-free Network Security, VPN, AiMesh Compatible",Networking,True,,Computers & Laptops,Networking,169.99,Asus,/ASUS-RT-AX86U-Extendable-Forwarding-Subscription-Free/dp/B0BQ417K47/ref=sr_1_836?dib=eyJ2IjoiMSJ9.f7gChd7HDGzUjJ8XuM3TQTv5zkVQnv6jGULCBSauDh9daiWNnnvJJMjCpEDZ8Ai3O-jn3FN72Ypm3ljCIv75xqJLqQg1MNHNapryNSvOW0Ivnz9CBNdwf69bEl4pdMeZiNr7Taa8z2Gj-UelKcmV4NVC2a4q9Vtm1cfpHAxn_ibb42b3uuUuemhXoWW8n0sgSOpo7qi0lOlSRY4SdLIlU_3Hw0ssa6ok4yQFnFuLG_UZn9XUVnIJMi5CypgEOz7-3yH3fV7RAvs639IMEUWfXlK7OzV9nXqn19yPv0yzntk._V0wd7z4lX4LtJZ7-mnHLO9IgXlNV9uYe-xqm_FiUQw&dib_tag=se&qid=1755800511&refinements=p_n_g-101014971069111%3A119653281011&s=electronics&sr=1-836,False
"Epson FastFoto FF-680W Wireless High-Speed Photo and Document Scanning System, Black",Printers & Ink,True,,Printers & Ink,Other,629.99,Epson,/Epson-FastFoto-FF-680W-Wireless-High-Speed/dp/B07DLX26BB/ref=sr_1_755?dib=eyJ2IjoiMSJ9.iiAjF2h9FIjKy1ggGC-ks1IcS1KGp_8fFYDKCmEbOOGmWzbo3xZG1WAwgy-ecVcx8qFDxqNKSChgT4rF35TJL80FQydqvGPrCW3_2orVNTdJrRyTAWV2BI7_AQrsfczXF8ZIBgceYDMfoCNRj6eTTdC15txssUvb58DVpVtTdXHge6gplx2WpeMfgHEhheTNf7f6XYL94yKe0F3vedRtK-qLmdkKPjLmWpHOJnCGOlK1RVf3Ta10tXjM4xY8ERb9HbXPo4fQfOcuTDi2rXxBGE0TyqicSQO798wmELVLdbA.E-EwoxLZQId7Ot9WMnMyyJtOV4g9ow2kHUPOlp_Fcn0&dib_tag=se&qid=1755800471&refinements=p_n_g-101014971069111%3A119653281011&s=electronics&sr=1-755,True
"TP-Link Archer BE6500 Dual-Band Wi-Fi 7 Router (Archer BE400) | Dual 2.5 Gbps Ports USB 3.0 | Covers up to 2,400 Sq. ft and 90 Devices | Quad-core CPU| HomeShield, Private IoT for Network Security",Networking,True,,Networking,Computers & Laptops,144.99,Tp-Link,/TP-Link-Archer-Dual-Band-BE400-HomeShield/dp/B0DVBP5L6Y/ref=sr_1_747?dib=eyJ2IjoiMSJ9.iiAjF2h9FIjKy1ggGC-ks1IcS1KGp_8fFYDKCmEbOOGmWzbo3xZG1WAwgy-ecVcx8qFDxqNKSChgT4rF35TJL80FQydqvGPrCW3_2orVNTdJrRyTAWV2BI7_AQrsfczXF8ZIBgceYDMfoCNRj6eTTdC15txssUvb58DVpVtTdXHge6gplx2WpeMfgHEhheTNf7f6XYL94yKe0F3vedRtK-qLmdkKPjLmWpHOJnCGOlK1RVf3Ta10tXjM4xY8ERb9HbXPo4fQfOcuTDi2rXxBGE0TyqicSQO798wmELVLdbA.E-EwoxLZQId7Ot9WMnMyyJtOV4g9ow2kHUPOlp_Fcn0&dib_tag=se&qid=1755800471&refinements=p_n_g-101014971069111%3A119653281011&s=electronics&sr=1-747,True
"Apple iPhone 14 Pro Max, 128GB, Space Black - Unlocked (Renewed)",Phone & Tablet Accessories,True,,Phone & Tablet Accessories,Phone & Tablet Accessories,626.3,Apple,/Apple-iPhone-14-Pro-Max/dp/B0BN94DL3R/ref=sr_1_926?dib=eyJ2IjoiMSJ9.V9KRFJTwzeVdkSq-0IK0CEkwcFqEAjexN67oAxB1YCreSI8fb6mgZyfvbwzzqa4k2JvzTeKxSohzusxE8FeWSp0oFrmjCXeDg95wj3xHLzFSVmQML3ZfgenSlMiL3wv7BEuXGxuGX5-17ibZM2M5ZRiw_0_AGdO6cHcK4S8l_4T7mWPRiV4I2qBNTG3zZH_Ai6qmMn74HpH-KCbU5jFIGqn5tvFv_UwXNBi7aCmShgIqBvAVHF8dQRlqN4wV303TBsKKA_XB4eUIavPSsiFNRswawhShdfuVy3z_C4oJzjw.p_31NcueDcOVEU4lDJ9MfeuVp-ggIvo7-LMH-3zYREE&dib_tag=se&qid=1755800558&refinements=p_n_g-101014971069111%3A119653281011&s=electronics&sr=1-926,True
"Amazon Basics Polyester CD/DVD Portable Storage Binder, 400-capacity, Black",Office & School Supplies,True,,Office & School Supplies,Other,19.99,Amazon,/Amazon-Basics-Binder-400-capacity-Black/dp/B00DIHVMEA/ref=sr_1_910?dib=eyJ2IjoiMSJ9.nutMgKMTbNTvWtZzMWgnojh7DW3YRt_NcFxlU8arQirRzMIFm--kacPu_A3gOMKrAgOk2R70d2GHkoSjNpdWzifqBJfoLOL-zONRVqWjXdAWHaHIwc5Pnb_vmDo4i0gQlSBhwWAzNisRvZyVcmo1OqbBYnjLYRWCtnN_7Mg8KcbD6QgsRu2L0I25-7NvieIkpIsxa_4RAUtglaFYBYsE9J0DaCwrd7Sgp15d17rPn4ApCkUbaL-5qRAXlQ34W1549zgj527WiXI6Hfu6VjOaCpIapDKTdDuDRnEC-lD6yQY.ejwYl-EvRKya13IZmsUoEar8rU5TFLY8snspnEraTfc&dib_tag=se&qid=1755800547&refinements=p_n_g-101014971069111%3A119653281011&s=electronics&sr=1-910,True
"Logitech G920 Driving Force Racing Wheel and Floor Pedals, Real Force Feedback, Stainless Steel Paddle Shifters, Leather Steering Wheel Cover for Xbox Series X|S, Xbox One, PC, Mac - Black",Gaming,True,,Keyboards & Mice,Gaming,319.99,Logitech,/Logitech-Dual-Motor-Feedback-Driving-Responsive/dp/B00Z0UWV98/ref=sr_1_853?dib=eyJ2IjoiMSJ9.Bhsk6t8YQSq9F4xb4E8UQT_BaemcfcicZ7qFntsaa6Qm-AGTy7ChI9xrpDpFKXEPDbgx-NnSkegyAPFL5gPmo8aoJplHhY_cLardi9EL2S0AeUtldIzeIZzHfPumQoju61tlBLxhVRImPFM9ZbNPatdXNS1JQBvfjhwLEMvoQpglOrzxpzHCu1lI8Qoe4dgP1GJEtui98vxUbizk9zFLswb7BPVMfV7ap_ORr642RN9jedgl3WHy3mkCxD1VlT6zsO-A_GqIYubkTWPPYmHkAve5V9ggqAqTQuoN5La8gYI.Yar-QHTjx0UwmAzkG7x5O-FFc4d7f4BxU88mraKlCWQ&dib_tag=se&qid=1755800522&refinements=p_n_g-101014971069111%3A119653281011&s=electronics&sr=1-853,False
"weBoost Drive Reach Overland - Cell Phone Signal Booster for Off Road Vehicles | Boosts 5G & 4G LTE for All U.S. Carriers - Verizon, AT&T, T-Mobile & More | Made in The U.S. | FCC Approved",Car Electronics,True,,Phone & Tablet Accessories,Phone & Tablet Accessories,549.99,Weboost,/weBoost-Drive-Reach-Overland-Vehicles/dp/B0BJY35SQ2/ref=sr_1_899?dib=eyJ2IjoiMSJ9.nutMgKMTbNTvWtZzMWgnojh7DW3YRt_NcFxlU8arQirRzMIFm--kacPu_A3gOMKrAgOk2R70d2GHkoSjNpdWzifqBJfoLOL-zONRVqWjXdAWHaHIwc5Pnb_vmDo4i0gQlSBhwWAzNisRvZyVcmo1OqbBYnjLYRWCtnN_7Mg8KcbD6QgsRu2L0I25-7NvieIkpIsxa_4RAUtglaFYBYsE9J0DaCwrd7Sgp15d17rPn4ApCkUbaL-5qRAXlQ34W1549zgj527WiXI6Hfu6VjOaCpIapDKTdDuDRnEC-lD6yQY.ejwYl-EvRKya13IZmsUoEar8rU5TFLY8snspnEraTfc&dib_tag=se&qid=1755800547&refinements=p_n_g-101014971069111%3A119653281011&s=electronics&sr=1-899,False
"Seagate Game Drive for Xbox 2TB External Hard Drive Portable HDD - USB 3.2 Gen 1, Black with built-in green LED bar , Xbox Certified, 3 year Rescue Services (STKX2000400)",Storage & Memory Cards,True,,Storage & Memory Cards,Gaming,89.99,Seagate,/Seagate-Drive-External-Portable-Built/dp/B08Y1Q2KSZ/ref=sr_1_1057?dib=eyJ2IjoiMSJ9.gdMuSedSIzMWOtY_4hAGW4mODvekRR2lAf1M4dO0j35QWeBUR1i_G7aExw2D9xYAQxl2CREdO4W9M0c9lGZ8jHjejEsKIqkUbk_A1TKfE0ju6mLxMvRR6TCwC-XXWPJEqLIj4hEsx8VO--oUbQ6nQ5llbeWU9iTJPmlkOipsWwDsmrWGhlu_9PxZthf7KsB9hUCRIDdP5SDtj8SAa5jxzTTTBm6Z-fS9w72UF8MS6DsMFv5_s5nJLz4ls825c2ZC_cKeLEqU5Ki1NAR5ck5xHZxVMvN1Izq8wtF82jKlMmE.Xjb41AuFMMJyYQnjw0MfGOidNHYBCUfQh8ycpzVdFlM&dib_tag=se&qid=1755800620&refinements=p_n_g-101014971069111%3A119653281011&s=electronics&sr=1-1057,True
SABRENT USB 3.2 Type-C Tool-Free Enclosure for M.2 PCIe NVMe and SATA SSDs (EC-SNVE),Storage & Memory Cards,True,,Storage & Memory Cards,Computers & Laptops,25.4575,Sabrent,/Sabrent-Type-C-Tool-Free-Enclosure-EC-SNVE/dp/B08RVC6F9Y/ref=sr_1_1080?dib=eyJ2IjoiMSJ9.I80-l2TS0exC26QHeMJQ9BVuTzo_L8Kc5r3XDsQGANIeYsIf9NHuWSOE4LR48a5wr2Pu_XGyqghjBAU0mG5UtrE_JQbx00AxwhqAFWlq87yzK3WxGPz-8YAHwUaxT1rxPtEUM7x87HMec3Ll6HUrtw1Q1nik_aCMUjEkc4TRlaUpdgoKwn2ee02TtDuiATlT0l1zYtxwknGWZeWDhZHyUvJPf0CVYxWLW1VhK4-e1tpJAWOXxfabionrmIhSeSLBQppNxsCJ7pMXg8S30H0DTpanAokvscdUYTJKoPmx2lI.DHJ-Oe2jPFj1nHKaWgzfV61H30pery1srN324X4ihu4&dib_tag=se&qid=1755800634&refinements=p_n_g-101014971069111%3A119653281011&s=electronics&sr=1-1080,True
"ARCTIC MX-4 (4 g) - Premium Performance Thermal Paste for All Processors (CPU, GPU - PC), Very high Thermal Conductivity, Long Durability, Safe Application, Non-Conductive",Computers & Laptops,True,,Computers & Laptops,Computers & Laptops,6.77,Arctic,/ARCTIC-MX-4-2019-Performance-Durability/dp/B07L9BDY3T/ref=sr_1_1065?dib=eyJ2IjoiMSJ9.I80-l2TS0exC26QHeMJQ9BVuTzo_L8Kc5r3XDsQGANIeYsIf9NHuWSOE4LR48a5wr2Pu_XGyqghjBAU0mG5UtrE_JQbx00AxwhqAFWlq87yzK3WxGPz-8YAHwUaxT1rxPtEUM7x87HMec3Ll6HUrtw1Q1nik_aCMUjEkc4TRlaUpdgoKwn2ee02TtDuiATlT0l1zYtxwknGWZeWDhZHyUvJPf0CVYxWLW1VhK4-e1tpJAWOXxfabionrmIhSeSLBQppNxsCJ7pMXg8S30H0DTpanAokvscdUYTJKoPmx2lI.DHJ-Oe2jPFj1nHKaWgzfV61H30pery1srN324X4ihu4&dib_tag=se&qid=1755800634&refinements=p_n_g-101014971069111%3A119653281011&s=electronics&sr=1-1065,True
Made for Amazon SanDisk 128GB microSD Memory Card for Fire Tablets and Fire -TV,Storage & Memory Cards,True,,Storage & Memory Cards,TV & Home Entertainment,,Made,/SanDisk-micro-Memory-Card-Tablets/dp/B013TMNPBQ/ref=sr_1_1086?dib=eyJ2IjoiMSJ9.I80-l2TS0exC26QHeMJQ9BVuTzo_L8Kc5r3XDsQGANIeYsIf9NHuWSOE4LR48a5wr2Pu_XGyqghjBAU0mG5UtrE_JQbx00AxwhqAFWlq87yzK3WxGPz-8YAHwUaxT1rxPtEUM7x87HMec3Ll6HUrtw1Q1nik_aCMUjEkc4TRlaUpdgoKwn2ee02TtDuiATlT0l1zYtxwknGWZeWDhZHyUvJPf0CVYxWLW1VhK4-e1tpJAWOXxfabionrmIhSeSLBQppNxsCJ7pMXg8S30H0DTpanAokvscdUYTJKoPmx2lI.DHJ-Oe2jPFj1nHKaWgzfV61H30pery1srN324X4ihu4&dib_tag=se&qid=1755800634&refinements=p_n_g-101014971069111%3A119653281011&s=electronics&sr=1-1086,True
"Roku Ultra LT (2023) HD/4K/HDR Dolby Vision Quad-Core Streaming Player with HDMI Cable, Headphones, Voice Remote w/ Private Listening, Ethernet",TV & Home Entertainment,True,,TV & Home Entertainment,Audio,47.0,Roku,/Roku-Quad-Core-Streaming-Headphones-Listening/dp/B09Q9BVW8Z/ref=sr_1_1042?dib=eyJ2IjoiMSJ9.gdMuSedSIzMWOtY_4hAGW4mODvekRR2lAf1M4dO0j35QWeBUR1i_G7aExw2D9xYAQxl2CREdO4W9M0c9lGZ8jHjejEsKIqkUbk_A1TKfE0ju6mLxMvRR6TCwC-XXWPJEqLIj4hEsx8VO--oUbQ6nQ5llbeWU9iTJPmlkOipsWwDsmrWGhlu_9PxZthf7KsB9hUCRIDdP5SDtj8SAa5jxzTTTBm6Z-fS9w72UF8MS6DsMFv5_s5nJLz4ls825c2ZC_cKeLEqU5Ki1NAR5ck5xHZxVMvN1Izq8wtF82jKlMmE.Xjb41AuFMMJyYQnjw0MfGOidNHYBCUfQh8ycpzVdFlM&dib_tag=se&qid=1755800620&refinements=p_n_g-101014971069111%3A119653281011&s=electronics&sr=1-1042,True
"Logitech H111 Wired Headset, Stereo Headphones with Noise-Cancelling Microphone, 3.5 mm Audio Jack, PC/Mac/Laptop/Smartphone/Tablet - Black",Audio,True,,Audio,Computers & Laptops,12.57,Logitech,/Logitech-Headphones-Noise-Cancelling-Microphone-Smartphone/dp/B00YJJB7YG/ref=sr_1_1004?dib=eyJ2IjoiMSJ9.sHT8-REXuhV8P-nJGP-BvPQuDeIOieESM4RcTvKTFEeh9Nn1D7CZ3dz1kR8WIIKBttZiDnhJLAOWna9VffYcMkDvYVIw9ComhevS-c2LoD4H2TGLh0GHDMpSuUGAnvnGhVpA8_wzVKFSqDLfsFzW6y2z1UqKvZUtRuZD-3N9-RLzmSYqLPnFuR5M6bCo4KSCUcJ2hW101KMtQIY52ogc9zWCnIgCKr3Jq_zMHURG74h4NoOPYMOYhcKTsRvhhbncggfdHFAwr9izSVRNXevw-IV7w9W1XEr_vBbGfkdDU2k.IwGL-fBnVEqr5yAxHHjzZYsQUWgA5E0JC0mhI9y0tu0&dib_tag=se&qid=1755800597&refinements=p_n_g-101014971069111%3A119653281011&s=electronics&sr=1-1004,True
"Pyle 20W Megaphone Bullhorn - 5.4'' x 8.6'' Portable Megaphone, Projection Range Up to 800 Sq. Yards, Voice Talking & Siren Alert, Shoulder Strap, Battery Operated, (White)",Audio,False,"megaphone/bullhorn, no exact category, closest to Audio",Audio,Batteries,11.99,Pyle,/Pyle-Megaphone-Speaker-Bullhorn-Built/dp/B00BQOFXAG/ref=sr_1_999?dib=eyJ2IjoiMSJ9.sHT8-REXuhV8P-nJGP-BvPQuDeIOieESM4RcTvKTFEeh9Nn1D7CZ3dz1kR8WIIKBttZiDnhJLAOWna9VffYcMkDvYVIw9ComhevS-c2LoD4H2TGLh0GHDMpSuUGAnvnGhVpA8_wzVKFSqDLfsFzW6y2z1UqKvZUtRuZD-3N9-RLzmSYqLPnFuR5M6bCo4KSCUcJ2hW101KMtQIY52ogc9zWCnIgCKr3Jq_zMHURG74h4NoOPYMOYhcKTsRvhhbncggfdHFAwr9izSVRNXevw-IV7w9W1XEr_vBbGfkdDU2k.IwGL-fBnVEqr5yAxHHjzZYsQUWgA5E0JC0mhI9y0tu0&dib_tag=se&qid=1755800597&refinements=p_n_g-101014971069111%3A119653281011&s=electronics&sr=1-999,True
"UGREEN 10 Gbps Micro B to USB C Hard Drive Cables, 1.5FT USB C to Micro B, External Hard Drive Cable Compatible with MacBook Pro/Air, iPad/Tablet, iPhone, Samsung Galaxy S24, WD Seagate etc",Cables & Charging,True,,Cables & Charging,Storage & Memory Cards,7.6415,Ugreen,/UGREEN-External-Compatible-MacBook-Westgate/dp/B0BG1RF2CV/ref=sr_1_1027?dib=eyJ2IjoiMSJ9.upjFqfQm9WIoULCP3YY4pUmtfCKqvlUN9gAwB4ItFof5fc2TsNXTs4rWhTjWjzk7fQwNFKhKcnp00hnsc6oboEvgw4XCxTJrd_usnV9KCmvmW9fv4mYWt89B4pyMnYS0XKS9CdJLB3M82YZVJwUxy91R6s4t7K2a5I2i_IkO6wdhR4UrzhnSTn3KQps5r-s-fEtWniU-tSZ0c_a5eOYMSG8edlsWlKKq8Whg-Ut3I7S6J3s4Po6s3BGGlQnwb2xpX0h3_faW9YWmYf8AgPCd4CClGHxNVKkMz-9xvXMtQCM.PqCvDqW9wJ08mYc5ZzjUxHtV2We4utSP4tS4peCLnso&dib_tag=se&qid=1755800610&refinements=p_n_g-101014971069111%3A119653281011&s=electronics&sr=1-1027,True
"AINOPE 240W USB C to USB C Cable Right Angle [10FT] C to C Cable Fast Charging,USBC to USBC Charger Cord Type C Fits iPhone 16 15 Pro Max Plus,MacBook,iPad Pro,Samsung Galaxy S25,Pixel,All Devices",Cables & Charging,True,,Cables & Charging,Computers & Laptops,8.99,Ainope,/AINOPE-Charging-Braided-compatible-MacBook/dp/B094YDZQ1C/ref=sr_1_1141?dib=eyJ2IjoiMSJ9.8IhErcm02VSL4QiW6cagwxXKROFOSrUUra8YX5LIkRuAZEVT1mhPn5YXn2UHz-rez5hxxFwK7egiuzPjOQHrfqqSxbxnUvdEQU3i98M3bLI04dvP1kYYnZqpoMEwmxZfR35C91u17akm6xOfEhHmtftxF4YZAZM4QC5mtdJlKfA8mOn9kARsMMf1-uzoWt2XcAl8otz75deWMXiqE6usRk-iFGbx6tGwSJ1g6WsV8v-WYL0flLu17RxafugXil_W-XhSNMmWJjlgvbyWOsve_9T9Avqxb4-AE-SXVyRTGLU.LgLCXl7j8o7cwJSFSltM19neSFrUm12jyrQSPNdXLtw&dib_tag=se&qid=1755800674&refinements=p_n_g-101014971069111%3A119653281011&s=electronics&sr=1-1141,True
"Shure SE215 PRO Wired Earbuds - Professional Sound Isolating Earphones, Clear Sound & Deep Bass, Single Dynamic MicroDriver, Secure Fit in Ear Monitor, Plus Carrying Case & Fit Kit - Clear (SE215-CL)",Audio,True,,Audio,Monitors & Displays,109.0,Shure,/Shure-SE215-CL-Isolating-Earphones-MicroDriver/dp/B004PO10E2/ref=sr_1_1137?dib=eyJ2IjoiMSJ9.8IhErcm02VSL4QiW6cagwxXKROFOSrUUra8YX5LIkRuAZEVT1mhPn5YXn2UHz-rez5hxxFwK7egiuzPjOQHrfqqSxbxnUvdEQU3i98M3bLI04dvP1kYYnZqpoMEwmxZfR35C91u17akm6xOfEhHmtftxF4YZAZM4QC5mtdJlKfA8mOn9kARsMMf1-uzoWt2XcAl8otz75deWMXiqE6usRk-iFGbx6tGwSJ1g6WsV8v-WYL0flLu17RxafugXil_W-XhSNMmWJjlgvbyWOsve_9T9Avqxb4-AE-SXVyRTGLU.LgLCXl7j8o7cwJSFSltM19neSFrUm12jyrQSPNdXLtw&dib_tag=se&qid=1755800674&refinements=p_n_g-101014971069111%3A119653281011&s=electronics&sr=1-1137,True
"Seagate Game Drive for PlayStation® Consoles 2 TB External Hard Drive - USB 3.2 Gen 1, Officially-Licensed (STLV2000101)",Storage & Memory Cards,True,,Storage & Memory Cards,Gaming,89.99,Seagate,/Seagate-Game-Drive-PS5-External/dp/B0CH87VY5B/ref=sr_1_1135?dib=eyJ2IjoiMSJ9.8IhErcm02VSL4QiW6cagwxXKROFOSrUUra8YX5LIkRuAZEVT1mhPn5YXn2UHz-rez5hxxFwK7egiuzPjOQHrfqqSxbxnUvdEQU3i98M3bLI04dvP1kYYnZqpoMEwmxZfR35C91u17akm6xOfEhHmtftxF4YZAZM4QC5mtdJlKfA8mOn9kARsMMf1-uzoWt2XcAl8otz75deWMXiqE6usRk-iFGbx6tGwSJ1g6WsV8v-WYL0flLu17RxafugXil_W-XhSNMmWJjlgvbyWOsve_9T9Avqxb4-AE-SXVyRTGLU.LgLCXl7j8o7cwJSFSltM19neSFrUm12jyrQSPNdXLtw&dib_tag=se&qid=1755800674&refinements=p_n_g-101014971069111%3A119653281011&s=electronics&sr=1-1135,True
"PNY 256GB Attaché X USB 3.2 Gen 1 Flash Drive, Advanced Performance Up to 130MB/s Read, Everyday Data Store & Transfer, Reliable Portable Storage, Durable, Type-A, Computers, Laptops, Desktops",Storage & Memory Cards,True,,Storage & Memory Cards,Computers & Laptops,13.99,Pny,/PNY-Advanced-Performance-Everyday-Computers/dp/B0DSR9D4PL/ref=sr_1_1176?dib=eyJ2IjoiMSJ9.PIgwtO4AQjYhkapFgWyuG_sca6rH8ZMXbNNcMfBc6hdJMfh5DPJ2FLOZikdW-OJS3defLGvyyEpChqlJOZV96_xTh6sJOdw5hXTbxAK0C1ufw3O_T5o5E_wqMTIDziUi9LIoYcfXvq_0dyLaUcWOI2UVRAsR3e6gcMPgKgX1HC4sGYn7wNlYzXCngVFQsE-ILUDIHD55OUZZiB2r-4kCFjNJ8_Ip5W1DqmhRWd_Dkrw6RzwvI5M8civ5QA42UnvLqUIyOrX9ZWbVNEFyWN_o4XMdV-TBHsiDHONWs8K58oI.0i09cZvmDgXhfIu2eq3cgMV4MOpDwmJjTwdqLtTWbA8&dib_tag=se&qid=1755800687&refinements=p_n_g-101014971069111%3A119653281011&s=electronics&sr=1-1176,True
Ring Battery Doorbell with Ring Chime,Smart Home & Wearables,True,,Batteries,Smart Home & Wearables,,Ring,/All-new-Ring-Battery-Doorbell-Chime/dp/B0D934JSBF/ref=sr_1_1101?dib=eyJ2IjoiMSJ9.pqFd60mKbPThLJWJ1T3tkut6AfdSis9YUoc5FVfVhePl7BuUdvLpSdshV4arvaDKlL-Huz2Azxp__zwdoJD26kWg4xh4AHIkp1-CGcd84eX3lw-5jCNt3B1KEuCW6wuN70_d1mni9eTZOxeUILKhqqF2cuudSDbO1Img6AvAK1KVaW69yKOTkxl1JwPYlOr0x-2an43L3r33-OF9-xp_6yP4Tzj28u8-w5pDWTLBlZ0AJ_tgDvg_cBAazjr8r2HJ6NgLztI38J7HFhjUIxhZ-FFeJRY5mruNPuv7JyTf3Lg.GcrhhC-nDNyYdBkcmmKKSukiIHYK_7BfdByI0AYCjs0&dib_tag=se&qid=1755800649&refinements=p_n_g-101014971069111%3A119653281011&s=electronics&sr=1-1101,False
"ARCTIC MX-6 (4 g) - Ultimate Performance Thermal Paste for CPU, Consoles, Graphics Cards, laptops, Very high Thermal Conductivity, Long Durability, Non-Conductive",Computers & Laptops,True,,Computers & Laptops,Computers & Laptops,7.98,Arctic,/ARCTIC-ACTCP00080A-MX-6-4-g/dp/B09VDL3CW6/ref=sr_1_1093?dib=eyJ2IjoiMSJ9.pqFd60mKbPThLJWJ1T3tkut6AfdSis9YUoc5FVfVhePl7BuUdvLpSdshV4arvaDKlL-Huz2Azxp__zwdoJD26kWg4xh4AHIkp1-CGcd84eX3lw-5jCNt3B1KEuCW6wuN70_d1mni9eTZOxeUILKhqqF2cuudSDbO1Img6AvAK1KVaW69yKOTkxl1JwPYlOr0x-2an43L3r33-OF9-xp_6yP4Tzj28u8-w5pDWTLBlZ0AJ_tgDvg_cBAazjr8r2HJ6NgLztI38J7HFhjUIxhZ-FFeJRY5mruNPuv7JyTf3Lg.GcrhhC-nDNyYdBkcmmKKSukiIHYK_7BfdByI0AYCjs0&dib_tag=se&qid=1755800649&refinements=p_n_g-101014971069111%3A119653281011&s=electronics&sr=1-1093,True
"Microplane Premium Classic Series Zester 18/8, Black - Lemon Zester & Cheese Grater & Vegetable Grater - Citrus, Parmesan Cheese, Garlic, Ginger, Nutmeg, Chocolate - Stainless Steel Grater",Non-Electronics,True,,Other,Other,,Microplane,/Microplane-46020-Grater-Made-Cheese-Soft-Handle-Black/dp/B00151WA06/ref=sr_1_1087?dib=eyJ2IjoiMSJ9.pqFd60mKbPThLJWJ1T3tkut6AfdSis9YUoc5FVfVhePl7BuUdvLpSdshV4arvaDKlL-Huz2Azxp__zwdoJD26kWg4xh4AHIkp1-CGcd84eX3lw-5jCNt3B1KEuCW6wuN70_d1mni9eTZOxeUILKhqqF2cuudSDbO1Img6AvAK1KVaW69yKOTkxl1JwPYlOr0x-2an43L3r33-OF9-xp_6yP4Tzj28u8-w5pDWTLBlZ0AJ_tgDvg_cBAazjr8r2HJ6NgLztI38J7HFhjUIxhZ-FFeJRY5mruNPuv7JyTf3Lg.GcrhhC-nDNyYdBkcmmKKSukiIHYK_7BfdByI0AYCjs0&dib_tag=se&qid=1755800649&refinements=p_n_g-101014971069111%3A119653281011&s=electronics&sr=1-1087,False
"Corsair TM30 Performance Thermal Paste | Ultra-Low Thermal Impedance CPU/GPU | 3 Grams|w/applicator, silver for Desktop",Computers & Laptops,True,,Computers & Laptops,Computers & Laptops,7.88,Corsair,/Performance-Ultra-Low-Impedance-Heatsink-Compound/dp/B07KQ1T158/ref=sr_1_1086?dib=eyJ2IjoiMSJ9.pqFd60mKbPThLJWJ1T3tkut6AfdSis9YUoc5FVfVhePl7BuUdvLpSdshV4arvaDKlL-Huz2Azxp__zwdoJD26kWg4xh4AHIkp1-CGcd84eX3lw-5jCNt3B1KEuCW6wuN70_d1mni9eTZOxeUILKhqqF2cuudSDbO1Img6AvAK1KVaW69yKOTkxl1JwPYlOr0x-2an43L3r33-OF9-xp_6yP4Tzj28u8-w5pDWTLBlZ0AJ_tgDvg_cBAazjr8r2HJ6NgLztI38J7HFhjUIxhZ-FFeJRY5mruNPuv7JyTf3Lg.GcrhhC-nDNyYdBkcmmKKSukiIHYK_7BfdByI0AYCjs0&dib_tag=se&qid=1755800649&refinements=p_n_g-101014971069111%3A119653281011&s=electronics&sr=1-1086,True
"UGREEN 100W USB C Charger, Nexode 4-Port GaN Foldable Compact Fast Laptop Charger Power Adapter for MacBook Pro/Air, iPad Pro, iPhone 16 Pro, Galaxy S25/S24, Steam Deck, Google Pixelbook, and More",Cables & Charging,True,,Cables & Charging,Computers & Laptops,,Ugreen,/UGREEN-100W-USB-Multiport-Charger/dp/B091Z6JNX4/ref=sr_1_1110?dib=eyJ2IjoiMSJ9.pqFd60mKbPThLJWJ1T3tkut6AfdSis9YUoc5FVfVhePl7BuUdvLpSdshV4arvaDKlL-Huz2Azxp__zwdoJD26kWg4xh4AHIkp1-CGcd84eX3lw-5jCNt3B1KEuCW6wuN70_d1mni9eTZOxeUILKhqqF2cuudSDbO1Img6AvAK1KVaW69yKOTkxl1JwPYlOr0x-2an43L3r33-OF9-xp_6yP4Tzj28u8-w5pDWTLBlZ0AJ_tgDvg_cBAazjr8r2HJ6NgLztI38J7HFhjUIxhZ-FFeJRY5mruNPuv7JyTf3Lg.GcrhhC-nDNyYdBkcmmKKSukiIHYK_7BfdByI0AYCjs0&dib_tag=se&qid=1755800649&refinements=p_n_g-101014971069111%3A119653281011&s=electronics&sr=1-1110,True
"Garmin 010-02376-00 Varia RTL515, Cycling Rearview Radar with Tail Light, Visual and Audible Alerts for Vehicles Up to 153 Yards Away",Other,False,"bike radar taillight, no exact category",Smart Home & Wearables,Other,199.99,Garmin,/Garmin-Cycling-Rearview-Vehicles-010-02376-00/dp/B086TVFX1D/ref=sr_1_1245?dib=eyJ2IjoiMSJ9.j5YgUa3pGHJF7T3Aaz6F6nWnsQFS4DqoQ6dKMKHt2ohjS2sSQYPLoBc__QE1OO-xXAxy8eg4JQnSO-MBaOCxdrmra484mXPKgSi6O5Xa_vRcLrgMJC5ZW4syJfBQxKVWF7-WtljZZB_96cINlL8LnRXwtjQ0f-sx9llCqJ3alZ3oHqR0hnxETQf9t7WvRuN38sF9sJSbaiEOaHKOIbKCFbpxsQi5c_NUEqwuTotDePfVnHnSb_pBypr-y4PqNPiIhD--RL80Fo7gxl0C29ufiF2awKznjutXC9VlJX9yNzU.xzDiYJ6qgbIinNqD2XlPCbatnpOo-mQolorxLl3cJ8c&dib_tag=se&qid=1755800723&refinements=p_n_g-101014971069111%3A119653281011&s=electronics&sr=1-1245,False
"Amazon Basics HDMI to DVI (Male) Adapter Cable, Bi-Directional 1080P, 6 ft/1.8 m, Gold-Plated, Easy to Install, Single Pack for Television, Black",Cables & Charging,True,,Monitors & Displays,Cables & Charging,6.88,Amazon,/Amazon-Basics-Adapter-Cable-1-Pack/dp/B014I8UQJY/ref=sr_1_1226?dib=eyJ2IjoiMSJ9.j5YgUa3pGHJF7T3Aaz6F6nWnsQFS4DqoQ6dKMKHt2ohjS2sSQYPLoBc__QE1OO-xXAxy8eg4JQnSO-MBaOCxdrmra484mXPKgSi6O5Xa_vRcLrgMJC5ZW4syJfBQxKVWF7-WtljZZB_96cINlL8LnRXwtjQ0f-sx9llCqJ3alZ3oHqR0hnxETQf9t7WvRuN38sF9sJSbaiEOaHKOIbKCFbpxsQi5c_NUEqwuTotDePfVnHnSb_pBypr-y4PqNPiIhD--RL80Fo7gxl0C29ufiF2awKznjutXC9VlJX9yNzU.xzDiYJ6qgbIinNqD2XlPCbatnpOo-mQolorxLl3cJ8c&dib_tag=se&qid=1755800723&refinements=p_n_g-101014971069111%3A119653281011&s=electronics&sr=1-1226,False
"Duracell Ion Speed 1000 Charger for Rechargeable AA and AAA Batteries, Includes 6 AA and 2 AAA Pre-Charged Batteries for Household and Business",Batteries,True,,Cables & Charging,Batteries,29.35,Duracell,/batteries-Pre-Charged-Rechargeable-Batteries-Household/dp/B08S79LDB5/ref=sr_1_1224?dib=eyJ2IjoiMSJ9.WUTGSHTfuxhXAJgQPaEzCEas9ja4fe844XE6ds9l_3LDqxAOl9gx6q3OhCLLuRlHdjrw4AP1OGFjDTNugW0MLq6APPdhkA5RnMj25FfaLnYgq8dzaUMw92sjkcNHAIpLpborqNk2PWLDpStQ8GAhWVvdNvyYzJQg_Zn3_p-QTBPvh1xv3_5lZrnICeTTb0XyS2_RAcx6umkExMl1t-qT5np8gjdcwcZ5rJYISGWxVYKMPvB4uv7xtvl7nrWgoMBiXVixTkFu3Hu-zH3lPM5SDyrKTSb-pPt_ALVrtLwdt84.J_TMCEZOLf4a42JVn7kBBAGJsvZxF4mXK2ITo7GDCZM&dib_tag=se&qid=1755800713&refinements=p_n_g-101014971069111%3A119653281011&s=electronics&sr=1-1224,False
"Acer USB C Docking Station Dual Monitor With 2 HDMI, 9-IN-1 Laptop Docking Station with 4K HDMI, USB A&C 3.0, SD/Micro SD, 100W PD Charging, USB C Dock Compatible with Acer/Dell XPS/HP/Mac/Surface etc",Computers & Laptops,True,,Monitors & Displays,Computers & Laptops,36.99,Acer,/Docking-Station-Monitor-Charging-Compatible/dp/B0DW85W3FV/ref=sr_1_1366?dib=eyJ2IjoiMSJ9.TLIVYDjUhvq-fCv3eOSzX5iRYp9F2JZFnVbKkT9tChDDDZlwdJxMi-dNq_zNdVPvzqtjfE5x62LmZhTh54ifqyY9xGHnTHKa1DyoDF2whxd5fM9AwyMFF4qqwsg5qlQbbpWmTIkRU1Plm9CFSR2fzBwd_pCC0bjOwrGPu_4Mu9oF31mvCt5vtduKvF7kgfaz-CEvrXEqals1fBRkHEOBJM6mxt-PzgxCKVrwzdsrAqc3GUT4enOVIZpMWvM-ZstbEZ_wTpYdayQe6oTDKwpUfa9nmnR9dz3CbxJPfLt88Z8.196fQFyPs7cDeFXKO1KSvIAT-B9EGen7ysDxeU3uWuM&dib_tag=se&qid=1755800785&refinements=p_n_g-101014971069111%3A119653281011&s=electronics&sr=1-1366,False
"Apple iPhone 15 Plus, 128GB, Black - Unlocked (Renewed)",Phone & Tablet Accessories,True,,Phone & Tablet Accessories,Phone & Tablet Accessories,520.0,Apple,/Apple-iPhone-15-Plus-128GB/dp/B0CMT4XDSC/ref=sr_1_1397?dib=eyJ2IjoiMSJ9.wdB_mVrmLH1SeBNYTBi2z_-aYX4SGZjZpmDwHztesKZzLkZYnkODRf0qiH4rQZsPahQZ2uE7hJugxc-RyzSzIHO-bNa7SQadmrNtfj2_1OmOpaAFtsRYPWJ5fBeBhVyhWih6SIueHf1LsRPrfExqY1E-Rsf_30o_hlOsl27tHI-4TNtJ0D6mFelqIB4SjqOzf-a6Pm9MXUsdyADzoUy6aqZfBw7nx9LzX1HCk-pTGqTbWe_WQyXZkCjPgra-dnaDras2egifLwI52EBNZy_GBc7V5U6irwxnBTshiuR6K1M.kdCemltTaefhM877gWwCIMXEtjeTIPhD42k4UWZ8em8&dib_tag=se&qid=1755800798&refinements=p_n_g-101014971069111%3A119653281011&s=electronics&sr=1-1397,True
"Anker MagSafe Compatible MagGo Charger Stand, iPhone 16 Wireless Charger, 2-in-1 Charging Station, Qi2 Certified 15W Fast Charging, for iPhone 16/15/14/13/12, AirPods Pro (Black, No Adapter)",Cables & Charging,True,,Cables & Charging,Phone & Tablet Accessories,37.49,Anker,/Anker-Compatible-Wireless-Charging-Certified/dp/B0D2XYS4QC/ref=sr_1_1341?dib=eyJ2IjoiMSJ9.lkW5tFNxIvDKGJjPWyilvtCdtMbvYcnK-ch-7lC9EyKmtOqcrtoMcjAcSFxzAtMcTvzLfgY4ruEX8AqMn0v-gj3SgLdY_mm7N8_d606V1DtuRzEHcZB8YptgS9ME0jvfwW5qacY60olMDe9mRdfc2QX7y3ZcN-p7JCypXnFJcLKhObj1swyAa92adF5oDwc2XuG0WM2mVm5D9AcNpeVWsUTuACV6hNLbtQPF_017ZFR9HTIXFivjy_8KMiKW0CQNFpQuupVKwkmNB_TfpREwMbPZr_z_XBN41w8L1YNqsIY.95TtDjMyKmklb6NrHZqIKR5LZDILmnGIHMhIpDZ0gok&dib_tag=se&qid=1755800774&refinements=p_n_g-101014971069111%3A119653281011&s=electronics&sr=1-1341,True
"Skullcandy Ink’d+ Wired Earbuds with 3.5mm Plug, Noise Isolating Fit, Built-In Microphone Call and Track Control, Ear Gel Sizes Included for Custom Fit, Convenient for Travel - Black",Audio,True,,Audio,Printers & Ink,11.95,Skullcandy,/Skullcandy-Inkd-Plus-Ear-Earbud/dp/B07QYKFG6J/ref=sr_1_1498?dib=eyJ2IjoiMSJ9.LRbwFP9vzyO-J0GYBmgcnoTCUi-_Zt1_7MEa15FoR2a5jRQyUBeK_pUTMZN2jh0nEYsvNt1spQD-Jw0e3vva8JHGv1Nze42pABCNWE9MOGpKs9Pvh7LcX8nzT7v2ocol2E5VPhaCMc5nqUAkpq97M4EKlrPh9bIx40W_GaxoFti9gYPPFB6d2tx4UX_MQ2wfXjwTact5N_8DBL_sZRm7hEVH9ak90DP24HhQfyYt9z7vAaMWE-0p-p0CHx_KYxHg0vhPd_p6-xYA0F-Uz3Brs9JEJRPRp9UKAvaUKuIIjOQ.WXz7O3kJDvtI_RilkYjWtDXKi-qRijcm_kjNGhIdB0g&dib_tag=se&qid=1755800858&refinements=p_n_g-101014971069111%3A119653281011&s=electronics&sr=1-1498,True
"Western Digital 1TB WD Blue SA510 SATA Internal Solid State Drive SSD - SATA III 6 Gb/s, 2.5""/7mm, Up to 560 MB/s - WDS100T3B0A",Computers & Laptops,True,,Storage & Memory Cards,Computers & Laptops,,Western Digital,/Western-Digital-SA510-Internal-Solid/dp/B09ZYQ84CM/ref=sr_1_1490?dib=eyJ2IjoiMSJ9.3MjLc9APopco9S390sejxYLSixMW3LG_zLJ94u_WcwFr-DWHnrblYLxexUKufNBnvYT1RQ1urcf4A9GdJFaFUdfhQo24Edf3f1Y4FV1OT3A0NPMOE_aL6dCgp3lIxfWVjr8dHVyqkBHroXj8g3wvqrP9-QLnlaDxURnu25EB411zCGBpfVZ52-7bMz0vrbuUGE-z634_TsnK6kNrWZLsHXKAPZ33tsppuLmHRhjMPK95BW0BHbinSx6MSZCljTGRASnPYH_c0Bflqi-3dxWUE3V5l9MaMHM2I5_eTGlppKI.rzoQfjjrdaKHapsoibWO_MbY7uqRu-XCY5Gg-vBOOv8&dib_tag=se&qid=1755800846&refinements=p_n_g-101014971069111%3A119653281011&s=electronics&sr=1-1490,False
"VIZIO 32-inch HD Smart TV 720p LED w/Alexa Compatibility, Google Cast Built-in, Bluetooth Headphone Capable (VHD32M-08, New)",TV & Home Entertainment,True,,TV & Home Entertainment,Audio,118.0,Vizio,/VIZIO-Compatibility-Chromecast-Bluetooth-VHD32M-08/dp/B0CVBL2J34/ref=sr_1_1517?dib=eyJ2IjoiMSJ9.KB2k4ApnzW8kF5ZuzwdXsjx2tq_eQJ4xtFluC305E3mGoNLf7g3lYRPU3YZx0AMfD08qkGw4FVQ3T2_jRZYNC6_yNbtZFCd8aBXPuZ5IbtzM-8PiUwLvdJ4aVHu6FoWeOyf5jeZA_cqqULLuRQ7iYOHphGn7JbD13pMfZj4jhHGZIHIpj75UwBjEp9Ar9_FYmAhUs1viG4QYrk54dNuInFN0xapazN11r7C6C38JyTyEpk3mb9gSIIUgRxmIey5j0nCcyI0jmUus1TlrWaZ8Ne4pwDwA3t38eNP_AYLSz3o.J3ra_PagWNI1NFflXRbgBZtLY5VHxn5g1clTUT8xWz8&dib_tag=se&qid=1755800873&refinements=p_n_g-101014971069111%3A119653281011&s=electronics&sr=1-1517,True
"Hisense 55-Inch Class QLED 4K S7N CanvasTV Series Dolby Vision HDR Google Smart TV (55S7N) - 144Hz, Art Mode, Anti-Glare Panel, Hi-Matte Display, Frame & UltraSlim Wall Mount Included",TV & Home Entertainment,True,,TV & Home Entertainment,Monitors & Displays,,Hisense,/Hisense-55-Inch-CanvasTV-Vision-55S7N/dp/B0D2PNH494/ref=sr_1_1454?dib=eyJ2IjoiMSJ9.SQ8CKZWkfIKyOKNbI_1knBAsCtafqqJ2JmhFbrLyNuqPKqxb_E3-1_TlTtRYZ60-S9b8rUyPU69iP5yv0eOemYa3DgyZU1cTVAHcRShOoylOwQ5dB1Q7afDi3FtAKeelex4xafrc0t5CSDlnPbFgLVAOuRUq799j-F8qJEvR909qdsQUlldNbKVKaBwyutb5MoH8JuuXTOfMIeDaI4j2PTTlqB5uifhIQ3R-mBmJ8X428rRUvIMQZ3wqcGsisPzha9RLjgRXHptTTM1dcILp6FILoEt6SF1KxJz0w99oqZs.oj8l49qZo9o-EIvttPzv_9X-dISo5daToc5f3TlF9qU&dib_tag=se&qid=1755800834&refinements=p_n_g-101014971069111%3A119653281011&s=electronics&sr=1-1454,True
StarTech.com USB C to DVI Adapter - Black - 1920x1200 - USB Type C Video Converter for Your DVI D Display/Monitor/Projector - Upgraded Version is CDP2DVIEC (CDP2DVI),Cables & Charging,True,,Monitors & Displays,Cables & Charging,25.91,Startech.Com,/sspa/click?ie=UTF8&spc=MTo1ODU4NTgwODAzNDgyMzc1OjE3NTU4MDA4MzQ6c3BfYnRmX2Jyb3dzZTozMDA0NzE1MjY0Nzg2MDI6OjA6Og&url=%2FStarTech-com-USB-DVI-Adapter-1920x1200%2Fdp%2FB01BJ0HQK6%2Fref%3Dsr_1_1473_sspa%3Fdib%3DeyJ2IjoiMSJ9.SQ8CKZWkfIKyOKNbI_1knBAsCtafqqJ2JmhFbrLyNuqPKqxb_E3-1_TlTtRYZ60-S9b8rUyPU69iP5yv0eOemYa3DgyZU1cTVAHcRShOoylOwQ5dB1Q7afDi3FtAKeelex4xafrc0t5CSDlnPbFgLVAOuRUq799j-F8qJEvR909qdsQUlldNbKVKaBwyutb5MoH8JuuXTOfMIeDaI4j2PTTlqB5uifhIQ3R-mBmJ8X428rRUvIMQZ3wqcGsisPzha9RLjgRXHptTTM1dcILp6FILoEt6SF1KxJz0w99oqZs.oj8l49qZo9o-EIvttPzv_9X-dISo5daToc5f3TlF9qU%26dib_tag%3Dse%26qid%3D1755800834%26refinements%3Dp_n_g-101014971069111%253A119653281011%26s%3Delectronics%26sr%3D1-1473-spons%26sp_csd%3Dd2lkZ2V0TmFtZT1zcF9idGZfYnJvd3Nl%26psc%3D1,False
"Kasa Smart Plug Power Strip KP303, Surge Protector with 3 Individually Controlled Smart Outlets and 2 USB Ports, Works with Alexa & Google Home, No Hub Required , White",Power Strips & Surge Protectors,True,,Power Strips & Surge Protectors,Smart Home & Wearables,23.99,Kasa,/Kasa-Smart-Protector-Required-KP303/dp/B083JKSSR5/ref=sr_1_1606?dib=eyJ2IjoiMSJ9.FyqA1NrtVK2PO2HwdpeJ_EkenVbuPtbGSjdZIxsal7Ix6kaF_c6HfX7AuduuMIBEfNf5SPlEQdxgFPQAI0O08dMkboEiaNJiJ3B1CxqMeVDQ6YUOc73z-9bGBVA_PXWAcDoduRgx3oD0s-M7sBjZIF5FY8wfuGXLfw6yzuZGsZcoZhB8S5EKEDSh1IcAI0J4QgaeYiNWlSaLN2AnHysICXapdT0NkO-tRCmQ3AEL3vYPwcM8JZjvVAyK2cFdknpL4tGZggLa9NXdNfLxkO770aYTX3CjF21MAkbhgSDfT4I.n6p90qO3Vta5yGYTQSChKpUT5UJJ8QACLIWLxjxpEPA&dib_tag=se&qid=1755800908&refinements=p_n_g-101014971069111%3A119653281011&s=electronics&sr=1-1606,True
"Amazfit T-Rex 3 Outdoor Smart Watch 48mm AMOLED Display, Offline Maps & Navigation, 6 Satellite Systems Dual Band GPS, 27 Days Battery Life, 170+ Sports Mode, 45m Freediving for Android, iPhone",Smart Home & Wearables,True,,Monitors & Displays,Smart Home & Wearables,279.99,Amazfit,/Amazfit-Outdoor-Navigation-Satellite-Freediving/dp/B0DCZ9PRCP/ref=sr_1_1600?dib=eyJ2IjoiMSJ9.FyqA1NrtVK2PO2HwdpeJ_EkenVbuPtbGSjdZIxsal7Ix6kaF_c6HfX7AuduuMIBEfNf5SPlEQdxgFPQAI0O08dMkboEiaNJiJ3B1CxqMeVDQ6YUOc73z-9bGBVA_PXWAcDoduRgx3oD0s-M7sBjZIF5FY8wfuGXLfw6yzuZGsZcoZhB8S5EKEDSh1IcAI0J4QgaeYiNWlSaLN2AnHysICXapdT0NkO-tRCmQ3AEL3vYPwcM8JZjvVAyK2cFdknpL4tGZggLa9NXdNfLxkO770aYTX3CjF21MAkbhgSDfT4I.n6p90qO3Vta5yGYTQSChKpUT5UJJ8QACLIWLxjxpEPA&dib_tag=se&qid=1755800908&refinements=p_n_g-101014971069111%3A119653281011&s=electronics&sr=1-1600,False
Pokemon Go Plus +,Gaming,True,,Other,Other,,Pokemon,/Pokemon-Go-Plus/dp/B0BX2P43PX/ref=sr_1_1604?dib=eyJ2IjoiMSJ9.FyqA1NrtVK2PO2HwdpeJ_EkenVbuPtbGSjdZIxsal7Ix6kaF_c6HfX7AuduuMIBEfNf5SPlEQdxgFPQAI0O08dMkboEiaNJiJ3B1CxqMeVDQ6YUOc73z-9bGBVA_PXWAcDoduRgx3oD0s-M7sBjZIF5FY8wfuGXLfw6yzuZGsZcoZhB8S5EKEDSh1IcAI0J4QgaeYiNWlSaLN2AnHysICXapdT0NkO-tRCmQ3AEL3vYPwcM8JZjvVAyK2cFdknpL4tGZggLa9NXdNfLxkO770aYTX3CjF21MAkbhgSDfT4I.n6p90qO3Vta5yGYTQSChKpUT5UJJ8QACLIWLxjxpEPA&dib_tag=se&qid=1755800908&refinements=p_n_g-101014971069111%3A119653281011&s=electronics&sr=1-1604,False
"Amazon Basics Premium Aluminum USB-C (Source) to HDMI (Display) Cable Adapter (Thunderbolt 3 Compatible) 4K@60Hz, 6-Foot, Black",Cables & Charging,True,,Cables & Charging,Monitors & Displays,13.99,Amazon,/AmazonBasics-Premium-Aluminum-Thunderbolt-Compatible/dp/B083KV1BR3/ref=sr_1_1652?dib=eyJ2IjoiMSJ9.aCR_7UxBLdhgHdg4ZHpeaQ6ZB1yqqow-19oo6CNTADbChuIGsduZyMpYVSUOZ97lx0C6r7zQ2UvhBDfGdDKYwjEiVo6opF1RQQ7CcB3gNI8xm7EYLFr6OPl0Q7oe4gdgJ4QWTO7k0Aedf2Cc1uu_cn2MhPlyx09JxpwX00YcGXHlK_XCI_V4otSxrv7EhZITTpJ-Cj0IAJg1xQx6s78mpR6nbIrYN2edHEC-nHWLIwL5kYaJVin1w6Vm_HYaXEKDV2rP9wIC3CoR0QEJxgkAWCoxaFrsrc2-KA3mqTWOT-A.pqJhdqDYkqI-3Py4cJlua4BIo-DopsrVdjE6YzI_iaA&dib_tag=se&qid=1755800933&refinements=p_n_g-101014971069111%3A119653281011&s=electronics&sr=1-1652,True
"ASUS ROG Strix 27” QHD (2560x1440) HDR400 USB-C Gaming Monitor (XG27ACS), 180Hz,1ms, Fast IPS, 133% sRGB, Extreme Low Motion Blur Sync, G-Sync Compatible, DisplayWidget, Tripod Socket, 3 Year Warranty",Monitors & Displays,True,,Computers & Laptops,Monitors & Displays,,Asus,/ASUS-2560x1440-XG27ACS-Compatible-DisplayWidget/dp/B0CV24GQ9W/ref=sr_1_1579?dib=eyJ2IjoiMSJ9.yD5AUuL4s7_BLRKs-IUPxiU87nGZHzd33Zc1b1SqitbzMZ6CA--SFVbajc2RVsuh7ZKyaDc17XHIMQyjlHswDCmz7oQhCWpmwqvbIFYgU2akc1GLCqLCKHLwciSY-Y8nAmu7WI8jUZv837QgSMxiWSusNbeSm66DQMw5dVgbg1gD4m0-vckdO6uD73HlaCzYY0u1A4rkclro4qUok2WgGbAX8h3IebP78f497D31HanBXsgBs9R4YBRxtb578HKCAqhS0upSdYaIN52yIxOKEYQmeY_7WtNJz_nC0DpRwfc.dTIniKGHlZHviaVPfhn9t7eiGiBfSuTMpFTjPPZqGeI&dib_tag=se&qid=1755800896&refinements=p_n_g-101014971069111%3A119653281011&s=electronics&sr=1-1579,False
"STANLEY FATMAX Tape Measure, 25-Foot (33-725)",Non-Electronics,True,,Office & School Supplies,Other,23.99,Stanley,/Stanley-Tools-33-725-25-Feet-Measure/dp/B00002PV66/ref=sr_1_1572?dib=eyJ2IjoiMSJ9.yD5AUuL4s7_BLRKs-IUPxiU87nGZHzd33Zc1b1SqitbzMZ6CA--SFVbajc2RVsuh7ZKyaDc17XHIMQyjlHswDCmz7oQhCWpmwqvbIFYgU2akc1GLCqLCKHLwciSY-Y8nAmu7WI8jUZv837QgSMxiWSusNbeSm66DQMw5dVgbg1gD4m0-vckdO6uD73HlaCzYY0u1A4rkclro4qUok2WgGbAX8h3IebP78f497D31HanBXsgBs9R4YBRxtb578HKCAqhS0upSdYaIN52yIxOKEYQmeY_7WtNJz_nC0DpRwfc.dTIniKGHlZHviaVPfhn9t7eiGiBfSuTMpFTjPPZqGeI&dib_tag=se&qid=1755800896&refinements=p_n_g-101014971069111%3A119653281011&s=electronics&sr=1-1572,False
"Garmin Lily® 2 Active, Small and Stylish Smartwatch, Built-in GPS, Hidden Display, Patterned Lens, Up to 9 Days Battery Life, Lunar Gold with Bone Silicone Band",Smart Home & Wearables,True,,Smart Home & Wearables,Monitors & Displays,299.99,Garmin,/Garmin-Stylish-Smartwatch-Patterned-Silicone/dp/B0DGWDRGP6/ref=sr_1_1573?dib=eyJ2IjoiMSJ9.yD5AUuL4s7_BLRKs-IUPxiU87nGZHzd33Zc1b1SqitbzMZ6CA--SFVbajc2RVsuh7ZKyaDc17XHIMQyjlHswDCmz7oQhCWpmwqvbIFYgU2akc1GLCqLCKHLwciSY-Y8nAmu7WI8jUZv837QgSMxiWSusNbeSm66DQMw5dVgbg1gD4m0-vckdO6uD73HlaCzYY0u1A4rkclro4qUok2WgGbAX8h3IebP78f497D31HanBXsgBs9R4YBRxtb578HKCAqhS0upSdYaIN52yIxOKEYQmeY_7WtNJz_nC0DpRwfc.dTIniKGHlZHviaVPfhn9t7eiGiBfSuTMpFTjPPZqGeI&dib_tag=se&qid=1755800896&refinements=p_n_g-101014971069111%3A119653281011&s=electronics&sr=1-1573,True
"Logitech G203 Wired Gaming Mouse, 8,000 DPI, Rainbow Optical Effect LIGHTSYNC RGB, 6 Programmable Buttons, On-Board Memory, Screen Mapping, PC/Mac Computer and Laptop Compatible - Black",Keyboards & Mice,True,,Keyboards & Mice,Computers & Laptops,24.5,Logitech,/Logitech-LIGHTSYNC-Wired-Gaming-Mouse/dp/B07YN82X3B/ref=sr_1_1747?dib=eyJ2IjoiMSJ9.3whE-PmaDhZ26K5i8me1oCtCx-M7Ii3p1z8mFF_Wf2l5g_cYPPnP16t5fLcATUM3JXti33bTICTMGXUu8rTTaVznknKVbeDvmyCVLKPG6LOTS2LmHeU8x_GOZCucmY2NZt90yF-pDtiGp5GSXoA_eO3hI0v9vxJ0paVzPG-l2X0CI8xBzAcT4YJvUVhPzgj53kwQY0d86gusr3UZLMKZlAahqWH2YAW9wgW24wq9IPpM1H8SvaHuWIvjImeOiifmR89jdSUZGeLzu2J2mNSx-_wGSAGRAaNAHPFoSKR4hRA.5qvg8WXKKapCrVXBWDvI3QZIK5yFmoR3RE1DdxXy0ko&dib_tag=se&qid=1755800983&refinements=p_n_g-101014971069111%3A119653281011&s=electronics&sr=1-1747,True
"EATON CHSPT2ULTRA Ultimate Surge Protection 3rd Edition, 2.38"" Length, 5.25"" Width 7.5"" Height",Power Strips & Surge Protectors,True,,Power Strips & Surge Protectors,Other,192.85,Eaton,/CHSPT2ULTRA-Ultimate-Protection-Length-Height/dp/B01AQAKRSS/ref=sr_1_1749?dib=eyJ2IjoiMSJ9.3whE-PmaDhZ26K5i8me1oCtCx-M7Ii3p1z8mFF_Wf2l5g_cYPPnP16t5fLcATUM3JXti33bTICTMGXUu8rTTaVznknKVbeDvmyCVLKPG6LOTS2LmHeU8x_GOZCucmY2NZt90yF-pDtiGp5GSXoA_eO3hI0v9vxJ0paVzPG-l2X0CI8xBzAcT4YJvUVhPzgj53kwQY0d86gusr3UZLMKZlAahqWH2YAW9wgW24wq9IPpM1H8SvaHuWIvjImeOiifmR89jdSUZGeLzu2J2mNSx-_wGSAGRAaNAHPFoSKR4hRA.5qvg8WXKKapCrVXBWDvI3QZIK5yFmoR3RE1DdxXy0ko&dib_tag=se&qid=1755800983&refinements=p_n_g-101014971069111%3A119653281011&s=electronics&sr=1-1749,True
"Lasko Weather-Shield Performance Box Fan, 3 Speeds, Innovative Wind Ring System for Up to 30% More Air, Carry Handle for Bedroom, Office, Home, 20 Inch, White, 3720",Other,False,"electric fan, not a listed category",Other,Other,41.99,Lasko,/Lasko-20%E2%80%B3-Weather-Shield-Performance-Box/dp/B000BOCD1Y/ref=sr_1_1728?dib=eyJ2IjoiMSJ9.SzhBXe60tRbvCXpkdyPY47W30P4xufwcG-ajmC4KOkeHBQAXY8v9V1qQxZvYGj4A1VrO9VUOX-KszcTbyHlM2zwBH16luAJlY6KgArobBzdnOqJcoJvaLoV4bLjLvPRyqeErtMSi6RPGZzdTNzA12taBiW_CD8fXKnNeVOPTAd1E5iVFzjI2EJsHKuvh7NK72XjFKhF8tSEAKSitNhNSp7xi3a42kuyUBSHCyuswdZUlzZAemq81arGilzTi0DYCT92M388T_FlHvpHaoP4H4jdizgN-q1Vs_2arodv0HSU.mb72Fq49ZVEcPbK8-Bwb3EdjbTWLpovW71UVq3bivAU&dib_tag=se&qid=1755800970&refinements=p_n_g-101014971069111%3A119653281011&s=electronics&sr=1-1728,True
"Belkin USB C to USB A Cable, 3.3ft, 15W - Type C Charger, iPhone Charger Cord, Braided, Flexible for iPhone 16 & 15, Galaxy S25, Pixel 9, iPad Pro, AirPods Pro, Switch 2 & More, CarPlay - Black",Cables & Charging,True,,Cables & Charging,Phone & Tablet Accessories,10.99,Belkin,/Belkin-USB-Cable-3-3ft-15W/dp/B08558B183/ref=sr_1_1756?dib=eyJ2IjoiMSJ9.3whE-PmaDhZ26K5i8me1oCtCx-M7Ii3p1z8mFF_Wf2l5g_cYPPnP16t5fLcATUM3JXti33bTICTMGXUu8rTTaVznknKVbeDvmyCVLKPG6LOTS2LmHeU8x_GOZCucmY2NZt90yF-pDtiGp5GSXoA_eO3hI0v9vxJ0paVzPG-l2X0CI8xBzAcT4YJvUVhPzgj53kwQY0d86gusr3UZLMKZlAahqWH2YAW9wgW24wq9IPpM1H8SvaHuWIvjImeOiifmR89jdSUZGeLzu2J2mNSx-_wGSAGRAaNAHPFoSKR4hRA.5qvg8WXKKapCrVXBWDvI3QZIK5yFmoR3RE1DdxXy0ko&dib_tag=se&qid=1755800983&refinements=p_n_g-101014971069111%3A119653281011&s=electronics&sr=1-1756,True
Google Nest Cam Outdoor or Indoor/Battery - 2nd Generation (3 Pack),Cameras & Photography,True,"security camera, guideline lists security cameras under Cameras & Photography",Batteries,Cameras & Photography,,Google,/Google-Nest-Outdoor-Indoor-Battery/dp/B0C7634NPL/ref=sr_1_1686?dib=eyJ2IjoiMSJ9.O_S4rd2E0rnDez6xsfNkG5iirBqv6paRu48VuBWH6neOOGtOkYmKOpGKZN8HWH7CSOyqPuOZ5EdcW0x_8QjEdpNOiVGYno8HGu5BoYmSfhIEynUS6-bV-BxPD6fENBRDmqB-Qxl-8OpLRkRkcOvX09xgN8mevex6mn6iBx-HKrNF5nPLfpdQIG_XdP8Nuoz12jRmxjKiEY6Mnue3Q6UwCw_jND_P74I_bZueVaorcIZQ07F8YOHN1NnjUo1U8mRbi6_IMLbVxWgap9isyQAKQNbw8rjyP5k3ovfdeU85d0I.cZjxU-PrSYSkTWLYL9RNIMpp3S4z-sqseTjVdsePcMo&dib_tag=se&qid=1755800958&refinements=p_n_g-101014971069111%3A119653281011&s=electronics&sr=1-1686,False
"LISEN for iPad Stand Holder Adjustable Tablet Stand for Desk, 2025 for iPad Accessories Rotating Display Stand PC Office Accessories for Desk Women Kindle Table Mount/PS/Switch iPhone 12.9""-4.7""",Phone & Tablet Accessories,True,,Phone & Tablet Accessories,Monitors & Displays,14.99,Lisen,/LISEN-Adjustable-Portable-Generation-Accessories/dp/B0CST4CYVH/ref=sr_1_1709?dib=eyJ2IjoiMSJ9.O_S4rd2E0rnDez6xsfNkG5iirBqv6paRu48VuBWH6neOOGtOkYmKOpGKZN8HWH7CSOyqPuOZ5EdcW0x_8QjEdpNOiVGYno8HGu5BoYmSfhIEynUS6-bV-BxPD6fENBRDmqB-Qxl-8OpLRkRkcOvX09xgN8mevex6mn6iBx-HKrNF5nPLfpdQIG_XdP8Nuoz12jRmxjKiEY6Mnue3Q6UwCw_jND_P74I_bZueVaorcIZQ07F8YOHN1NnjUo1U8mRbi6_IMLbVxWgap9isyQAKQNbw8rjyP5k3ovfdeU85d0I.cZjxU-PrSYSkTWLYL9RNIMpp3S4z-sqseTjVdsePcMo&dib_tag=se&qid=1755800958&refinements=p_n_g-101014971069111%3A119653281011&s=electronics&sr=1-1709,True
"Panasonic Cordless Phone, Easy to Use with Large Display and Big Buttons, Flashing Favorites Key, Built in Flashlight, Call Block, Volume Boost, Talking Caller ID, 2 Cordless Handsets - KX-TGU433B",Phone & Tablet Accessories,True,,Phone & Tablet Accessories,Monitors & Displays,,Panasonic,/Panasonic-Cordless-Flashing-Favorites-Flashlight/dp/B0CZB1NLY6/ref=sr_1_1847?dib=eyJ2IjoiMSJ9.KVI7rPBCbsuvkt4QCF7IKj1DrtAt5zBzXZJlMUanjxQGymn5A-vQVWd3tYpjiBihTzIbPmrf7pFWGOnC-1r1_6oAg1d5QO8GHOMq89Xzd5Hgh-GtIRVM5pu-vkzptVYN80vVJVY3sz1sltt47VgIXFxppVxtSgJZZWYkuK3Xl1DyNqcxvSIuThGl3pjPGubn1MbNO-_srkVDxGeWWrC4Fjty9HPcy2c79lgHHGIqayCcozHyxg0AyKs0N5HKXXy0TbU-ckroEOWPX2klTvZ--o5WSpM58Z5BBt-aDzeYjyo.f35zOGAiWB-g_fCAEN-DlnIo8NvDrbVOvgjQKpKeAuo&dib_tag=se&qid=1755801031&refinements=p_n_g-101014971069111%3A119653281011&s=electronics&sr=1-1847,True
"Logitech MX Keys S for Mac, Wireless Keyboard, Fluid, Precise Laptop-Like Typing, Programmable Keys, Backlit, Bluetooth USB C Rechargeable for MacBook Pro, MacBook Air, iMac, iPad - Space Grey",Keyboards & Mice,True,,Keyboards & Mice,Computers & Laptops,,Logitech,/Logitech-Laptop-Like-Programmable-Bluetooth-Rechargeable/dp/B0BXX499PC/ref=sr_1_1848?dib=eyJ2IjoiMSJ9.KVI7rPBCbsuvkt4QCF7IKj1DrtAt5zBzXZJlMUanjxQGymn5A-vQVWd3tYpjiBihTzIbPmrf7pFWGOnC-1r1_6oAg1d5QO8GHOMq89Xzd5Hgh-GtIRVM5pu-vkzptVYN80vVJVY3sz1sltt47VgIXFxppVxtSgJZZWYkuK3Xl1DyNqcxvSIuThGl3pjPGubn1MbNO-_srkVDxGeWWrC4Fjty9HPcy2c79lgHHGIqayCcozHyxg0AyKs0N5HKXXy0TbU-ckroEOWPX2klTvZ--o5WSpM58Z5BBt-aDzeYjyo.f35zOGAiWB-g_fCAEN-DlnIo8NvDrbVOvgjQKpKeAuo&dib_tag=se&qid=1755801031&refinements=p_n_g-101014971069111%3A119653281011&s=electronics&sr=1-1848,True
UGREEN Tablet Stand Holder Adjustable Portable Desktop Dock Office Compatible for iPad Pro 11 9.7 10.5 Air Mini 5 4 3 2 iPhone 16 15 14 13 12 Black,Phone & Tablet Accessories,True,,Computers & Laptops,Computers & Laptops,9.99,Ugreen,/UGREEN-Adjustable-Compatible-Nintendo-Samsung/dp/B07CG71KQ1/ref=sr_1_1843?dib=eyJ2IjoiMSJ9.KVI7rPBCbsuvkt4QCF7IKj1DrtAt5zBzXZJlMUanjxQGymn5A-vQVWd3tYpjiBihTzIbPmrf7pFWGOnC-1r1_6oAg1d5QO8GHOMq89Xzd5Hgh-GtIRVM5pu-vkzptVYN80vVJVY3sz1sltt47VgIXFxppVxtSgJZZWYkuK3Xl1DyNqcxvSIuThGl3pjPGubn1MbNO-_srkVDxGeWWrC4Fjty9HPcy2c79lgHHGIqayCcozHyxg0AyKs0N5HKXXy0TbU-ckroEOWPX2klTvZ--o5WSpM58Z5BBt-aDzeYjyo.f35zOGAiWB-g_fCAEN-DlnIo8NvDrbVOvgjQKpKeAuo&dib_tag=se&qid=1755801031&refinements=p_n_g-101014971069111%3A119653281011&s=electronics&sr=1-1843,False
"VIZIO 50-inch Quantum Pro 4K 120Hz QLED HDR10+ Smart TV with Dolby Vision, Active Full Array, 240Hz @ 1080p PC Gaming, WiFi 6E, Apple AirPlay, Chromecast Built-in, M50QXM-K01, 2023 Model",TV & Home Entertainment,True,,TV & Home Entertainment,Networking,,Vizio,/VIZIO-50-inch-Premium-Compatibility-M50QXM-K01/dp/B09VCZCR1W/ref=sr_1_1883?dib=eyJ2IjoiMSJ9.6W1Qv1gYTlMbqHRVt9haFSuUheFcJxP_KBJUOF7mxB79fai675bqNL78GK8ep5d92DWjZdl2VDlLMM_evg9kDoitW0R7pjVT3xeTaZnXrBkurZdiMaLSttAs6qybP_yqIaRrmfnVDVBIEaySQxzw7lidi0MF5KevL73qiuOkPJJFPzqk-X5oBNGbP6_zM6oNH56OiO21ehXHEOXnVRjaQQMVcplFgE6yOpKHXR_Tmn2dIFL43GFNHrihTU85qpiz4sSfh6q2NBGWO7er_CHVks191C0d4M_B0xTHCjJ0UTc.LYcC6U6sGYcOyeWcfB8C639e3bw96aVAjmh4jFSmmKE&dib_tag=se&qid=1755801057&refinements=p_n_g-101014971069111%3A119653281011&s=electronics&sr=1-1883,True
Verbatim Ultra HD 4K CD DVD Blu-ray Writer USB 3.2 GEN 1 USB-C Connectivity Slim Brushed Metal Enclosure Compatible with Mac and PC with Free 25GB Verbatim Blu-ray disc,Storage & Memory Cards,True,,Storage & Memory Cards,Cables & Charging,129.99,Verbatim,/Amazonia-Verbatim-Connectivity-Enclosure-Compatible-PC/dp/B07MTP9VKX/ref=sr_1_1799?dib=eyJ2IjoiMSJ9.wZdmH_pLBn6qfDBF3lpSlwvtZ_pJVG9u0oWkVSVEhhrAmHm7E-siEiBtSS7Pmx9WvUnFYJpV8bNTQRiCvZH7UZWId7OWnmLOsHM38eBzYBbA87yQA0dhUOyLkIPpg9OYEdg36VT-u9QnTa_jdf66Iri9PmOxmJgWAiBRNlsPKoMIti7IZgE4c_AIQup_JuxbSg1qYsdp9GyUJaZgOaj63DFPAT451nuvkX81cD8UkTZvV7lgHkcjMI9kPEN8w5zaRozoTDklovbytRT4zOlzEzOXF2-JyWeBXDzvyQgDxeo._v1mgd7NjSojab5jdZwDOmUkA3hotvDzy6d9_OQr-6Y&dib_tag=se&qid=1755801007&refinements=p_n_g-101014971069111%3A119653281011&s=electronics&sr=1-1799,True
"M-Audio SP-2 - Universal Sustain Pedal with Piano Style Action For MIDI Keyboards, Digital Pianos & More",Audio,False,"sustain pedal for MIDI keyboards/pianos, no exact category",Keyboards & Mice,Audio,25.0,M-Audio,/M-Audio-SP-2-Universal-Electronic-Keyboards/dp/B00063678K/ref=sr_1_1788?dib=eyJ2IjoiMSJ9.wZdmH_pLBn6qfDBF3lpSlwvtZ_pJVG9u0oWkVSVEhhrAmHm7E-siEiBtSS7Pmx9WvUnFYJpV8bNTQRiCvZH7UZWId7OWnmLOsHM38eBzYBbA87yQA0dhUOyLkIPpg9OYEdg36VT-u9QnTa_jdf66Iri9PmOxmJgWAiBRNlsPKoMIti7IZgE4c_AIQup_JuxbSg1qYsdp9GyUJaZgOaj63DFPAT451nuvkX81cD8UkTZvV7lgHkcjMI9kPEN8w5zaRozoTDklovbytRT4zOlzEzOXF2-JyWeBXDzvyQgDxeo._v1mgd7NjSojab5jdZwDOmUkA3hotvDzy6d9_OQr-6Y&dib_tag=se&qid=1755801007&refinements=p_n_g-101014971069111%3A119653281011&s=electronics&sr=1-1788,False
"Elgato Chat Link Pro - Audio Adapter, for PS5, PS4, Nintendo Switch, Capture Voice Chat, Gameplay Sound, Extra Long Cable, Black",Audio,True,,Audio,Cables & Charging,19.99,Elgato,/Elgato-Chat-Link-Pro-Nintendo/dp/B09DVMW6GS/ref=sr_1_1785?dib=eyJ2IjoiMSJ9.wZdmH_pLBn6qfDBF3lpSlwvtZ_pJVG9u0oWkVSVEhhrAmHm7E-siEiBtSS7Pmx9WvUnFYJpV8bNTQRiCvZH7UZWId7OWnmLOsHM38eBzYBbA87yQA0dhUOyLkIPpg9OYEdg36VT-u9QnTa_jdf66Iri9PmOxmJgWAiBRNlsPKoMIti7IZgE4c_AIQup_JuxbSg1qYsdp9GyUJaZgOaj63DFPAT451nuvkX81cD8UkTZvV7lgHkcjMI9kPEN8w5zaRozoTDklovbytRT4zOlzEzOXF2-JyWeBXDzvyQgDxeo._v1mgd7NjSojab5jdZwDOmUkA3hotvDzy6d9_OQr-6Y&dib_tag=se&qid=1755801007&refinements=p_n_g-101014971069111%3A119653281011&s=electronics&sr=1-1785,True
"Garmin Lily 2, Small and Stylish Smartwatch, Hidden Display, Patterned Lens, Up to 5 Days Battery Life, Coconut",Smart Home & Wearables,True,,Smart Home & Wearables,Monitors & Displays,249.99,Garmin,/Garmin-Stylish-Smartwatch-Display-Patterned/dp/B0CP9C4RKN/ref=sr_1_1905?dib=eyJ2IjoiMSJ9.mI_N7oPJoA2TZnImSYo8f1v2w7vM_wcKC6uIccmjxDpWVH3a-FUpEzUgwIG5QpbO_uLv-fC3cLuqmb_yShxtcK69GPkkEdNmYBGvWU7tOE5jJUA9nbuTEHVNi_VM1vUv8xzsJjbm0xa1LHT5-33hVtbBcqyLahaIhmya0dnAq4iVr76SJ6G90rWR9rqOek9o57i1OhYV6BCcNvzCcKXDYQRaDGJVNE5eOt6fyWiOI0aYvLhHsZOwdFEKkOuUa7lPGA7vPf_bAkKLIymoAYXurmrjWLRaBndmMgpK9GMS60A.IG2J7K8zWv8pbZ6cyIcn1PJH_XTWpU4gFUvezTTiEXw&dib_tag=se&qid=1755801069&refinements=p_n_g-101014971069111%3A119653281011&s=electronics&sr=1-1905,True
"Philips LTE Filter for TV Antenna, Filters 4G 5G LTE Signal to Reduce Interference and Pixilation for Clear Digital HD TV Reception, Frequency Range 5-608 MHz, Indoor Outdoor Installation, SDW1520/27",TV & Home Entertainment,True,,Networking,TV & Home Entertainment,10.08,Philips,/Philips-Interference-Pixilation-Installation-SDW1520/dp/B08HVT59F5/ref=sr_1_1924?dib=eyJ2IjoiMSJ9.HQwA54VVxMSN0eYnHDjbjHrflOOlr-8OeaVhQjwVXFptWwLdzorbE9eXkOAy8u6H2MIULfpJck-lVJwHmHuVubgcXACVBZ7ExC8gLB38bBShntVwTK1dx0EkYMKqiZmwxnzDQC66uJmgNi2SPCbDzpnakTt4GeTsYd2eE1ZnhVC1NF1cwcPjDBgTYoBFOjEFZTcxRhDwVBOoxY33mVVU580qkMqTUQ87yQw3eMjKTrWYpEWjIuZLtkMefvthlSu9tyPDvzjb-LWcUhuyXVumsXgSSxkbEWgqbbf5Ki6jv9g.QK5WJkgZM28b2dTCI3FDYxWYEzGuZEdl4LdZOvV8WRc&dib_tag=se&qid=1755801078&refinements=p_n_g-101014971069111%3A119653281011&s=electronics&sr=1-1924,False
"Acer SD Card Reader USB C, Dual Slots Type C to Memory Card Reader, Aluminum Micro SD Card Camera Adapter for MicroSD, SDHC, SDXC, Compatible with iPhone16/15, MacBook, iPad Pro, Android, Laptop",Storage & Memory Cards,True,,Storage & Memory Cards,Cameras & Photography,11.99,Acer,/sspa/click?ie=UTF8&spc=MTo1NzE4NzUyMDk4MDk2MjkyOjE3NTU4MDExNTM6c3BfbXRmX2Jyb3dzZTozMDA4MDczMzExMTQwMDI6OjA6Og&url=%2FAluminum-Adapter-MicroSD-Compatible-iPhone16%2Fdp%2FB0F1G1TNDS%2Fref%3Dsr_1_2080_sspa%3Fdib%3DeyJ2IjoiMSJ9.5FZ7H_ow9oUTBpORLdPT2zWIU2jG4T1cOrF-9aMfQwIdu_MWUUDwwdbpnzv7X74tIEN3mpdZzOFD_Zs8qz4GCrDmReizWimeHlAWTcjF0Nc3hs3rCDSRLQGJ6nVyA2Mphak5j2oPySTb17xJc3L6F2Qs_n_AR8N1uHlnKcwDYmtZLM4olk456rU_kz3uwl90LTUCoM3yJ4zUryfF6_YMGdR7lyR74pyt9--7f8dI0JjXnpI_pZWD8_x3JY8hXGqTTKZrQQd9f-7a0vAhpGfKt9lhksehFUNq593haUrWLBo.1gUYKYJZeYW6k6gBuVP_G3n5L2DgvYLlcYp6BV9DKp0%26dib_tag%3Dse%26qid%3D1755801153%26refinements%3Dp_n_g-101014971069111%253A119653281011%26s%3Delectronics%26sr%3D1-2080-spons%26sp_csd%3Dd2lkZ2V0TmFtZT1zcF9tdGZfYnJvd3Nl%26psc%3D1,True
"OtterBox Defender Series Case for iPad 7th, 8th & 9th Gen (10.2"" Display - 2019, 2020 & 2021 Version) - Non-Retail/Ships in Polybag - Black, Rugged, Durable, Multi-Layer Protection",Phone & Tablet Accessories,True,,Phone & Tablet Accessories,Monitors & Displays,35.95,Otterbox,/OTTERBOX-DEFENDER-Case-iPad-Display/dp/B00Z7RVTQA/ref=sr_1_2070?dib=eyJ2IjoiMSJ9.5FZ7H_ow9oUTBpORLdPT2zWIU2jG4T1cOrF-9aMfQwIdu_MWUUDwwdbpnzv7X74tIEN3mpdZzOFD_Zs8qz4GCrDmReizWimeHlAWTcjF0Nc3hs3rCDSRLQGJ6nVyA2Mphak5j2oPySTb17xJc3L6F2Qs_n_AR8N1uHlnKcwDYmtZLM4olk456rU_kz3uwl90LTUCoM3yJ4zUryfF6_YMGdR7lyR74pyt9--7f8dI0JjXnpI_pZWD8_x3JY8hXGqTTKZrQQd9f-7a0vAhpGfKt9lhksehFUNq593haUrWLBo.1gUYKYJZeYW6k6gBuVP_G3n5L2DgvYLlcYp6BV9DKp0&dib_tag=se&qid=1755801153&refinements=p_n_g-101014971069111%3A119653281011&s=electronics&sr=1-2070,True
"SABRE 120 dB Wedge Door Stop Security Alarm, Extremely Loud Wireless Alarm Siren Audible Up To 1,500 Ft., Non-Skid Pad, Compact Alarm Great for Home, Travel, Apartment or Dorm",Smart Home & Wearables,False,"door stop security alarm, closest to home-security sensors",Other,Other,12.49,Sabre,/SABRE-Wedge-Security-Alarm-Siren/dp/B00M30SQGA/ref=sr_1_2093?dib=eyJ2IjoiMSJ9.5FZ7H_ow9oUTBpORLdPT2zWIU2jG4T1cOrF-9aMfQwIdu_MWUUDwwdbpnzv7X74tIEN3mpdZzOFD_Zs8qz4GCrDmReizWimeHlAWTcjF0Nc3hs3rCDSRLQGJ6nVyA2Mphak5j2oPySTb17xJc3L6F2Qs_n_AR8N1uHlnKcwDYmtZLM4olk456rU_kz3uwl90LTUCoM3yJ4zUryfF6_YMGdR7lyR74pyt9--7f8dI0JjXnpI_pZWD8_x3JY8hXGqTTKZrQQd9f-7a0vAhpGfKt9lhksehFUNq593haUrWLBo.1gUYKYJZeYW6k6gBuVP_G3n5L2DgvYLlcYp6BV9DKp0&dib_tag=se&qid=1755801153&refinements=p_n_g-101014971069111%3A119653281011&s=electronics&sr=1-2093,False
"Amazon Basics 3.5mm Auxiliary Audio Cable for Stereo Speaker or Subwoofer with Gold-Plated Plugs, 8 Foot, Black",Cables & Charging,True,,Audio,Cables & Charging,8.15,Amazon,/Amazon-Basics-Speaker-Subwoofer-Gold-Plated/dp/B00NO73Q84/ref=sr_1_2019?dib=eyJ2IjoiMSJ9.z06QkZRs1xw3XkMpwF66ASyrBKZk803mddeOUrvgQ68T9IRKLE1JupN_UZ-t-vwukeSup_jp-as76rgCj95usLXtxWmGhMf3VRqXjW0sULlakwzwj-z6kvIamKVan4ABJFhXWZyrnoSPwXoR25X7HUI24hLL1EXkp4HAMVJfhDVVKxbw-Z6UrZZyiC9BbF315AQSDSCRiXNjtmyKvaLA9f4zT2uVGUR6dabhDkSa3Z9-H-IYLv1fM_7KuEVu3ygMVU0Cq8Q1YmlmhudIzq8BtWaWO2eX1yU3r2z5mfTP44s.Ad2qFhNPhZOnWf3nORqogo99W16grx5qt4R4IeMBMDA&dib_tag=se&qid=1755801119&refinements=p_n_g-101014971069111%3A119653281011&s=electronics&sr=1-2019,False
"Command Cord Bundlers, Damage-Free Hanging Cord Organizer, No Tools Cord Bundler for Hanging Electrical Cables, 6 Gray Cord Bundlers and 12 Command Strips",Cables & Charging,True,,Power Strips & Surge Protectors,Cables & Charging,12.99,Command,/Command-Organizer-Electrical-Christmas-Decorations/dp/B0797LMJF5/ref=sr_1_2005?dib=eyJ2IjoiMSJ9.z06QkZRs1xw3XkMpwF66ASyrBKZk803mddeOUrvgQ68T9IRKLE1JupN_UZ-t-vwukeSup_jp-as76rgCj95usLXtxWmGhMf3VRqXjW0sULlakwzwj-z6kvIamKVan4ABJFhXWZyrnoSPwXoR25X7HUI24hLL1EXkp4HAMVJfhDVVKxbw-Z6UrZZyiC9BbF315AQSDSCRiXNjtmyKvaLA9f4zT2uVGUR6dabhDkSa3Z9-H-IYLv1fM_7KuEVu3ygMVU0Cq8Q1YmlmhudIzq8BtWaWO2eX1yU3r2z5mfTP44s.Ad2qFhNPhZOnWf3nORqogo99W16grx5qt4R4IeMBMDA&dib_tag=se&qid=1755801119&refinements=p_n_g-101014971069111%3A119653281011&s=electronics&sr=1-2005,False
"ARCTIC MX-6 (4 g, incl. 6 MX Cleaner) - Ultimate Performance Thermal Paste for CPU, Consoles, Graphics Cards, laptops, Very high Thermal Conductivity, Long Durability, Non-Conductive",Computers & Laptops,True,,Computers & Laptops,Computers & Laptops,9.73,Arctic,/ARCTIC-MX-6-incl-Cleaner-Non-Conductive/dp/B09VDKSMQL/ref=sr_1_2001?dib=eyJ2IjoiMSJ9.z06QkZRs1xw3XkMpwF66ASyrBKZk803mddeOUrvgQ68T9IRKLE1JupN_UZ-t-vwukeSup_jp-as76rgCj95usLXtxWmGhMf3VRqXjW0sULlakwzwj-z6kvIamKVan4ABJFhXWZyrnoSPwXoR25X7HUI24hLL1EXkp4HAMVJfhDVVKxbw-Z6UrZZyiC9BbF315AQSDSCRiXNjtmyKvaLA9f4zT2uVGUR6dabhDkSa3Z9-H-IYLv1fM_7KuEVu3ygMVU0Cq8Q1YmlmhudIzq8BtWaWO2eX1yU3r2z5mfTP44s.Ad2qFhNPhZOnWf3nORqogo99W16grx5qt4R4IeMBMDA&dib_tag=se&qid=1755801119&refinements=p_n_g-101014971069111%3A119653281011&s=electronics&sr=1-2001,True
SteelSeries Apex Pro TKL Gen 3 OmniPoint 3.0 HyperMagnetic Switches — Adjustable Actuation — Rapid Trigger — Game-Ready Presets — Protection Mode — Rapid Tap/SOCD — OLED — RGB — PBT Keycaps — USB-C,Keyboards & Mice,True,,Cables & Charging,Cables & Charging,199.95,Steelseries,/SteelSeries-Apex-Pro-TKL-Gen/dp/B0DGZLHN8G/ref=sr_1_2036?dib=eyJ2IjoiMSJ9.gxhS0_ildC-bgudp22msdysSdVrQrdly8319X_xsvHRSwxSaD_xCnFS0A6Wp2EzLIyiFRzrq9gmriAFFTURga5aYgb4kqAQxM_yp1HEtt-EiLu9Wz0CG1hr7Itminas4B-gV_-OBK7J0jP_-zY6oj5yNngxNWqyATExHc_DzXJdCqaAkp6dYrOF4pujaqLVjpab5nFqCELLxoETg3czU-kdUAiXnjhpKB7sj2fyIrM1bti5pfgj76aQeaZHRp0V7a9Eq1rbHlct-aAYf2F9s6Xewkv-CN5eyFNKk5ct2p-4.5kcMRsRGqKDyFCYBfMPkrE39dxY2eIvSIWYtVqHmSQ0&dib_tag=se&qid=1755801131&refinements=p_n_g-101014971069111%3A119653281011&s=electronics&sr=1-2036,False
"StarTech.com Portable Laptop Crash Cart Adapter, USB/VGA KVM Console, File Transfer & Video Capture, Windows/Linux/MacOS, TAA",Computers & Laptops,True,,Cables & Charging,Computers & Laptops,469.99,Startech.Com,/StarTech-com-Console-Portable-Adapter-Transfer/dp/B00IZGR6IK/ref=sr_1_2205?dib=eyJ2IjoiMSJ9.Rz05Ip3DZykVpQjGikOfl0B55_2IyZqAhBtTL4X-ywDkIBUJMOYeMFUHFQ_HfcgNjAkumQUFBheGppWOsojvhiRnWts8X9UVpEM_XM2QZ3UEADKragGoZ-rK_05ZuJ-IP7-772meBOo1426wOYCgrKBvvPKOlanWDzqgobi7N99zjGiHX6oLVfAc4soJsnuvGQojrgmD5DIGeEsfbHjMijZLgnyfxTj61vNFNqfQf4E2tQwl9Sik_i3a_6apE4cxNEyk0_bqlYIpWIWJW7wwOvtJhQgdhUMkCn55KJmP5MA.9AAHG8lYJ7WZ6rmTxcm82AZ6Ymr-RNaSphYrGITVBF0&dib_tag=se&qid=1755801219&refinements=p_n_g-101014971069111%3A119653281011&s=electronics&sr=1-2205,False
"Logitech Crayon Digital Pencil (iPads with USB-C Ports) Featuring Apple Technology, No Lag Pixel-Precision, and Dynamic Smart Tip with Fast Charge - Silver",Phone & Tablet Accessories,True,,Keyboards & Mice,Cables & Charging,52.74,Logitech,/Logitech-Digital-Featuring-Technology-Pixel-Precision/dp/B0BJYS9M4R/ref=sr_1_2195?dib=eyJ2IjoiMSJ9.Rz05Ip3DZykVpQjGikOfl0B55_2IyZqAhBtTL4X-ywDkIBUJMOYeMFUHFQ_HfcgNjAkumQUFBheGppWOsojvhiRnWts8X9UVpEM_XM2QZ3UEADKragGoZ-rK_05ZuJ-IP7-772meBOo1426wOYCgrKBvvPKOlanWDzqgobi7N99zjGiHX6oLVfAc4soJsnuvGQojrgmD5DIGeEsfbHjMijZLgnyfxTj61vNFNqfQf4E2tQwl9Sik_i3a_6apE4cxNEyk0_bqlYIpWIWJW7wwOvtJhQgdhUMkCn55KJmP5MA.9AAHG8lYJ7WZ6rmTxcm82AZ6Ymr-RNaSphYrGITVBF0&dib_tag=se&qid=1755801219&refinements=p_n_g-101014971069111%3A119653281011&s=electronics&sr=1-2195,False
"Logitech G923 Racing Wheel and Pedals, TRUEFORCE up to 1000 Hz Force Feedback, Gaming Steering Wheel PS5, PS4, PC, Mac, Genuine Leather- Black",Gaming,True,,Keyboards & Mice,Gaming,349.99,Logitech,/sspa/click?ie=UTF8&spc=MTo0MDQzMzAzNTMxNTAxMjQwOjE3NTU4MDEyMDY6c3BfYnRmX2Jyb3dzZTozMDAwMDA1MDc0Njc2MDI6OjA6Og&url=%2Fogitech-TRUEFORCE-Feedback-Responsive-Driving%2Fdp%2FB07PFB72NL%2Fref%3Dsr_1_2193_sspa%3Fdib%3DeyJ2IjoiMSJ9.6tNjeVK6uyALEhKMqZ--uNfUZtnDCJEIYJS3MucldygRHAUvUO7WZu01_yTYp79Ko2OKbk5EZr-evHRGUDiix85Mov8e8YVv2A_blTVlwvQhlVdRsEpYAOWeoMVAXFkRyGNRhyUryNgNbTqL7uLXECJRv7cQxl7Qc9u9WutVFn6jwtrEzU43epF1R7oNfSHGERaVdZT5F-ks0haYhNFYD_qUn9tbPiqFP01a1_UpTNhR_xx_8W5uLpMVAnYsMt_argCCwDhCKC0aPu-bTGw2-hF5KJGchMVLDhnqOI40tU4.wOZK5FLbk3lqyhtHZdI7iRBt7bt2x2oi_drlFYJff9o%26dib_tag%3Dse%26qid%3D1755801206%26refinements%3Dp_n_g-101014971069111%253A119653281011%26s%3Delectronics%26sr%3D1-2193-spons%26sp_csd%3Dd2lkZ2V0TmFtZT1zcF9idGZfYnJvd3Nl%26psc%3D1,False
"UGREEN Revodok Pro 7 in 1 Docking Station Dual Monitor, USB C Hub Dual 4K@60Hz HDMI Display, 10Gbps USB-A/C Data Ports, 100W PD, Aluminum Laptop Docking Station for HP, Thinkpad, Dell and More",Computers & Laptops,True,,Monitors & Displays,Computers & Laptops,26.99,Ugreen,/UGREEN-Revodok-Docking-Station-Transfers/dp/B0D1XSKZRJ/ref=sr_1_2187?dib=eyJ2IjoiMSJ9.6tNjeVK6uyALEhKMqZ--uNfUZtnDCJEIYJS3MucldygRHAUvUO7WZu01_yTYp79Ko2OKbk5EZr-evHRGUDiix85Mov8e8YVv2A_blTVlwvQhlVdRsEpYAOWeoMVAXFkRyGNRhyUryNgNbTqL7uLXECJRv7cQxl7Qc9u9WutVFn6jwtrEzU43epF1R7oNfSHGERaVdZT5F-ks0haYhNFYD_qUn9tbPiqFP01a1_UpTNhR_xx_8W5uLpMVAnYsMt_argCCwDhCKC0aPu-bTGw2-hF5KJGchMVLDhnqOI40tU4.wOZK5FLbk3lqyhtHZdI7iRBt7bt2x2oi_drlFYJff9o&dib_tag=se&qid=1755801206&refinements=p_n_g-101014971069111%3A119653281011&s=electronics&sr=1-2187,False
"Arduino Uno REV3 [A000066] – ATmega328P Microcontroller, 16MHz, 14 Digital I/O Pins, 6 Analog Inputs, 32KB Flash, USB Connectivity, Compatible with Arduino IDE for DIY Projects and Prototyping",Computers & Laptops,True,,Cameras & Photography,Computers & Laptops,27.6,Arduino,/Arduino-A000066-ARDUINO-UNO-R3/dp/B008GRTSV6/ref=sr_1_2228?dib=eyJ2IjoiMSJ9.kwXkUnBrDQd3gWLj_JzRuw1IbPQhGBZnRAuzFa4v015n6-m59ASUFG380HHikPGsVDATYmbWVM999L_xF-qc7p3G7g_T08D4-isBlSh1KQbYt3GbZoGTgryuw5zUaktbdW9dkuPZpcdqtSfiLbJo12eRtIlVsbIQ5PDnHKFhcOt97TfWNfBLeE0D2m1CWJKfOZdkw7VUF1Ngx0AGuituK3eD9p2Aks5rdfldnaCkdveF31cA6VgIFgdk1sjDqh3vXUOkBc6la-rT1jyJMjhQ8b2iQTk9qvZatetWSNGLHj4.U9zu_oZjWGIUUz5YuXxtwFxS5nZ7l1FIDB24hlTxdmk&dib_tag=se&qid=1755801231&refinements=p_n_g-101014971069111%3A119653281011&s=electronics&sr=1-2228,False
Nintendo Samsung MicroSD Express Card 256 GB (UK Version),Storage & Memory Cards,True,,Storage & Memory Cards,Gaming,,Nintendo,/Nintendo-Samsung-MicroSD-Express-Version/dp/B0F3P4FB73/ref=sr_1_2214?dib=eyJ2IjoiMSJ9.kwXkUnBrDQd3gWLj_JzRuw1IbPQhGBZnRAuzFa4v015n6-m59ASUFG380HHikPGsVDATYmbWVM999L_xF-qc7p3G7g_T08D4-isBlSh1KQbYt3GbZoGTgryuw5zUaktbdW9dkuPZpcdqtSfiLbJo12eRtIlVsbIQ5PDnHKFhcOt97TfWNfBLeE0D2m1CWJKfOZdkw7VUF1Ngx0AGuituK3eD9p2Aks5rdfldnaCkdveF31cA6VgIFgdk1sjDqh3vXUOkBc6la-rT1jyJMjhQ8b2iQTk9qvZatetWSNGLHj4.U9zu_oZjWGIUUz5YuXxtwFxS5nZ7l1FIDB24hlTxdmk&dib_tag=se&qid=1755801231&refinements=p_n_g-101014971069111%3A119653281011&s=electronics&sr=1-2214,True
"Tripp Lite 12 Outlet Surge Protector Power Strip, 8ft Cord, Right-Angle Plug, Tel/Modem/Coax/Ethernet Protection, RJ11, RJ45, & $250,000 INSURANCE (TLP1208SAT) Black",Power Strips & Surge Protectors,True,,Power Strips & Surge Protectors,Networking,59.66,Tripp,/Tripp-Lite-Right-Angle-Protection-TLP1208SAT/dp/B00AAHT8GK/ref=sr_1_2166?dib=eyJ2IjoiMSJ9.6tNjeVK6uyALEhKMqZ--uNfUZtnDCJEIYJS3MucldygRHAUvUO7WZu01_yTYp79Ko2OKbk5EZr-evHRGUDiix85Mov8e8YVv2A_blTVlwvQhlVdRsEpYAOWeoMVAXFkRyGNRhyUryNgNbTqL7uLXECJRv7cQxl7Qc9u9WutVFn6jwtrEzU43epF1R7oNfSHGERaVdZT5F-ks0haYhNFYD_qUn9tbPiqFP01a1_UpTNhR_xx_8W5uLpMVAnYsMt_argCCwDhCKC0aPu-bTGw2-hF5KJGchMVLDhnqOI40tU4.wOZK5FLbk3lqyhtHZdI7iRBt7bt2x2oi_drlFYJff9o&dib_tag=se&qid=1755801206&refinements=p_n_g-101014971069111%3A119653281011&s=electronics&sr=1-2166,True
EPSON 320 Standard Capacity (T320) Works with PictureMate PM-400,Printers & Ink,True,,Printers & Ink,Other,36.29,Epson,/Epson-T320-PictureMate-Color-Cartridge/dp/B0145NTEMM/ref=sr_1_2149?dib=eyJ2IjoiMSJ9.vTnirY-HL2wzN1FCG0uyrGnAai8BcaNZF58lKPpVLxTqWh1wtZivsO9EU2zJndcGeZ82fv34Jx6onP80BlNMEoqLHg1R1UewyDvsmyTIUn-DAJgiQi2chVIvkrhJ5m7uOy1myEqNkSNDKAFJhXRJ6QDpWYcpj6Wvn0ib31lzZehIJewnPi6qyWgbtqU5O7zyi2-DF3MWrMFmUG5Vb8mFA_RxhgCnZb7tvBZJ6i8m4BFbpV59YI10wi3B9y9suIkg1k5BNfzA0XIcFiHiNwyAtn-RPMeSugAb-DkQFjCCG2s.BLApdXscTNqWw0B6n6WG4TO1ahKVM-g-ZlXLNlXuQFk&dib_tag=se&qid=1755801195&refinements=p_n_g-101014971069111%3A119653281011&s=electronics&sr=1-2149,True
Bushnell Velocity Speed Gun -,Other,False,"radar speed gun for sports, no clear category fits",Other,Other,182.15,Bushnell,/Bushnell-101911-Velocity-Speed-Gun/dp/B0002X7V1Q/ref=sr_1_2153?dib=eyJ2IjoiMSJ9.vTnirY-HL2wzN1FCG0uyrGnAai8BcaNZF58lKPpVLxTqWh1wtZivsO9EU2zJndcGeZ82fv34Jx6onP80BlNMEoqLHg1R1UewyDvsmyTIUn-DAJgiQi2chVIvkrhJ5m7uOy1myEqNkSNDKAFJhXRJ6QDpWYcpj6Wvn0ib31lzZehIJewnPi6qyWgbtqU5O7zyi2-DF3MWrMFmUG5Vb8mFA_RxhgCnZb7tvBZJ6i8m4BFbpV59YI10wi3B9y9suIkg1k5BNfzA0XIcFiHiNwyAtn-RPMeSugAb-DkQFjCCG2s.BLApdXscTNqWw0B6n6WG4TO1ahKVM-g-ZlXLNlXuQFk&dib_tag=se&qid=1755801195&refinements=p_n_g-101014971069111%3A119653281011&s=electronics&sr=1-2153,True
PowerA Joy-Con Charging Dock for Nintendo Switch,Cables & Charging,True,,Cables & Charging,Gaming,16.49,Powera,/PowerA-Nintendo-Switch-Joy-Charging-Dock/dp/B01MR6JD1M/ref=sr_1_2340?dib=eyJ2IjoiMSJ9.e9efhJilcOp0-r_e2T3bq3nQ-J3yKx_dptRbNqzWAMdcPw9nU8S3a4DENKNVioLCVCciy0Vy4W-LgTbhQAEBXZv5_Y-p47KxE9qsKCr_Vwmf3v59-722xwOV6LGWa_GYblmlDsj51BWHohvKm6Izt-8wGWRap3xuMu9ygJ9ZRqqV9chJmgx477CAbMnYkSkOgonjXBQsL8OSNDKqBF-YZlBXARfRcuBsm0DbUAebTfhtqTr1g3eRHl0YyYpm8_nooAIGMk8xsMo80_54XKkQSPNNxpiPZJrnhZ50Z8ZEgwI.brB6gAwUYl7zkT4Ah8KkdFtfyQ25Ax04geELA1M_Kak&dib_tag=se&qid=1755801292&refinements=p_n_g-101014971069111%3A119653281011&s=electronics&sr=1-2340,True
"Belkin USB A to USB C Cable 2-Pack, 6.6ft, 15W - Type C Charger, iPhone Charger Cord, Soft, Braided, Flexible for iPhone 16 & 15, Galaxy S25, Pixel 9, iPad Pro, Airpods Pro, Switch & More - Black",Cables & Charging,True,,Cables & Charging,Phone & Tablet Accessories,14.12,Belkin,/Belkin-USB-Cable-2-Pack-6-6ft/dp/B0F63XNWN3/ref=sr_1_2260?dib=eyJ2IjoiMSJ9.FFZKftGA8r2WwRkurOemF0FyM2fwNK9_tUQbSFHk8g6V_FzOZOOAgVP6fyYsWUFoLzJmjwV_GaGSZxRSzWaYCgceSIJLrfT3muTU9Gr-p7R_L_OV3sdggxjxSPVmYwTihOx-XmBGSfhY7Ixtu6ADl51Qhon8MIDpgTADDoCewE4B09B1cP3XBFB6TGlEvlod8an8GYXyTSX5l_dWjH7qETWfrS_gbmjiEtgmNWLRROPKEblt_99vGJAwlG5uPBFtdFHwJdk3MDNcOyNO7AvHBR8s17nUSKynu6Ll4F3GWkA.IygVFfysZ1qSOvESvAqL7kqwtRQ74hchQXnR0eFAK_A&dib_tag=se&qid=1755801243&refinements=p_n_g-101014971069111%3A119653281011&s=electronics&sr=1-2260,True
Ubiquiti G5 Turret Ultra (UVC-G5-Turret-Ultra),Cameras & Photography,True,,Other,Other,109.0,Ubiquiti,/Ubiquiti-G5-Turret-Ultra-UVC-G5-Turret-Ultra/dp/B0CZ9Q8J8C/ref=sr_1_2239?dib=eyJ2IjoiMSJ9.FFZKftGA8r2WwRkurOemF0FyM2fwNK9_tUQbSFHk8g6V_FzOZOOAgVP6fyYsWUFoLzJmjwV_GaGSZxRSzWaYCgceSIJLrfT3muTU9Gr-p7R_L_OV3sdggxjxSPVmYwTihOx-XmBGSfhY7Ixtu6ADl51Qhon8MIDpgTADDoCewE4B09B1cP3XBFB6TGlEvlod8an8GYXyTSX5l_dWjH7qETWfrS_gbmjiEtgmNWLRROPKEblt_99vGJAwlG5uPBFtdFHwJdk3MDNcOyNO7AvHBR8s17nUSKynu6Ll4F3GWkA.IygVFfysZ1qSOvESvAqL7kqwtRQ74hchQXnR0eFAK_A&dib_tag=se&qid=1755801243&refinements=p_n_g-101014971069111%3A119653281011&s=electronics&sr=1-2239,False
"Belkin USB C Charger Block 65W - USB C Cable Included - Super Fast Charging, Type C Wall Charger - Apple iPhone 16/15/14/13, Galaxy S25, Pixel 9, MacBook, iPad, Nintendo Switch 2, & More - Black",Cables & Charging,True,,Cables & Charging,Computers & Laptops,34.99,Belkin,/sspa/click?ie=UTF8&spc=MTo4MDE5NjgzNzAxNzM1MDc3OjE3NTU4MDEyNDM6c3BfYnRmX2Jyb3dzZTozMDA4Njc1OTAzMzU1MDI6OjA6Og&url=%2FBelkin-USB-Charger-Block-65W%2Fdp%2FB0FHPBCQH8%2Fref%3Dsr_1_2265_sspa%3Fdib%3DeyJ2IjoiMSJ9.FFZKftGA8r2WwRkurOemF0FyM2fwNK9_tUQbSFHk8g6V_FzOZOOAgVP6fyYsWUFoLzJmjwV_GaGSZxRSzWaYCgceSIJLrfT3muTU9Gr-p7R_L_OV3sdggxjxSPVmYwTihOx-XmBGSfhY7Ixtu6ADl51Qhon8MIDpgTADDoCewE4B09B1cP3XBFB6TGlEvlod8an8GYXyTSX5l_dWjH7qETWfrS_gbmjiEtgmNWLRROPKEblt_99vGJAwlG5uPBFtdFHwJdk3MDNcOyNO7AvHBR8s17nUSKynu6Ll4F3GWkA.IygVFfysZ1qSOvESvAqL7kqwtRQ74hchQXnR0eFAK_A%26dib_tag%3Dse%26qid%3D1755801243%26refinements%3Dp_n_g-101014971069111%253A119653281011%26s%3Delectronics%26sr%3D1-2265-spons%26sp_csd%3Dd2lkZ2V0TmFtZT1zcF9idGZfYnJvd3Nl%26psc%3D1,True
"Motorola Solutions, Portable FRS, T605_H2O, Talkabout, Two Way Radios Waterproof Walkie Talkie Emergency Preparedness, Rechargeable, 22 Channel, 35 Mile, Orange W/Black, 2 Pack",Audio,True,,Phone & Tablet Accessories,Audio,115.99,Motorola,/Motorola-Solutions-T605_H2O-Preparedness-Rechargeable/dp/B0CMWBVCB5/ref=sr_1_2280?dib=eyJ2IjoiMSJ9.mKVrOxXKnDGtYfNGmaxbxY1bvnOmAhHLxNc6JsMEtlU8pyu4c0Ji9_uxKNK6s1wkvQVP1AivTsK8beQTIuaZVLC-0YZEub69f7lu6rT8zdJrGWueQaGubn3dEmS3wo9w1u3j_EILZD0S5beE6ETFEf3bvZf6PdNnI01OqTiL61JUWIHajPFOLeT9unx2qnQDgkY0W4sa3PYHtWfmUUbg5oRofw7PwRutqy7kiYsMEEXkz5TEaA-BqCeOF4hVF6GOGYmqt6iUtpIP0FxpBgh3Pk4M2svWZ-ZN4b2jggNCXqc.kZAuj02a2f721Jg_OzzvXfi1dWnp0U7ieaA_buTJe0I&dib_tag=se&qid=1755801256&refinements=p_n_g-101014971069111%3A119653281011&s=electronics&sr=1-2280,False
"Fitbit Google Ace LTE - Kids Smartwatch with Call, Message, GPS, and Activity-Based Games, Ace Pass Data Plan Required - Mild - Strange Arcade",Smart Home & Wearables,True,,Smart Home & Wearables,Gaming,159.0,Fitbit,/Fitbit-Google-Ace-LTE-Activity-Based/dp/B0CV5T2YG6/ref=sr_1_2283?dib=eyJ2IjoiMSJ9.mKVrOxXKnDGtYfNGmaxbxY1bvnOmAhHLxNc6JsMEtlU8pyu4c0Ji9_uxKNK6s1wkvQVP1AivTsK8beQTIuaZVLC-0YZEub69f7lu6rT8zdJrGWueQaGubn3dEmS3wo9w1u3j_EILZD0S5beE6ETFEf3bvZf6PdNnI01OqTiL61JUWIHajPFOLeT9unx2qnQDgkY0W4sa3PYHtWfmUUbg5oRofw7PwRutqy7kiYsMEEXkz5TEaA-BqCeOF4hVF6GOGYmqt6iUtpIP0FxpBgh3Pk4M2svWZ-ZN4b2jggNCXqc.kZAuj02a2f721Jg_OzzvXfi1dWnp0U7ieaA_buTJe0I&dib_tag=se&qid=1755801256&refinements=p_n_g-101014971069111%3A119653281011&s=electronics&sr=1-2283,True
"Samsung Galaxy Tab S9 FE+ Plus Android Tablet (12.4” Touchscreen, 8GB RAM, 256GB Storage, 18-hr Long Battery Life, S Pen, 1 Front Camera + 2 Rear Cameras, Lightweight Durable Design) SM-X610, Gray",Phone & Tablet Accessories,True,,Phone & Tablet Accessories,Computers & Laptops,,Samsung,/Galaxy-Tab-S9-Touchscreen-Lightweight/dp/B0F1FRNRLS/ref=sr_1_2270?dib=eyJ2IjoiMSJ9.mKVrOxXKnDGtYfNGmaxbxY1bvnOmAhHLxNc6JsMEtlU8pyu4c0Ji9_uxKNK6s1wkvQVP1AivTsK8beQTIuaZVLC-0YZEub69f7lu6rT8zdJrGWueQaGubn3dEmS3wo9w1u3j_EILZD0S5beE6ETFEf3bvZf6PdNnI01OqTiL61JUWIHajPFOLeT9unx2qnQDgkY0W4sa3PYHtWfmUUbg5oRofw7PwRutqy7kiYsMEEXkz5TEaA-BqCeOF4hVF6GOGYmqt6iUtpIP0FxpBgh3Pk4M2svWZ-ZN4b2jggNCXqc.kZAuj02a2f721Jg_OzzvXfi1dWnp0U7ieaA_buTJe0I&dib_tag=se&qid=1755801256&refinements=p_n_g-101014971069111%3A119653281011&s=electronics&sr=1-2270,True
"Amazon Basics Fast Charging USB-C to Lightning iPhone Charger Cable, Nylon Braided Cord, MFi Certified Compatible Charger for Apple iPhone 14 13 12 11 X Xs Pro, Pro Max, Plus, iPad, 6 feet, Dark Gray",Cables & Charging,True,,Cables & Charging,Phone & Tablet Accessories,14.42,Amazon,/AmazonBasics-Braided-Lightning-Certified-Charger/dp/B07XLCFSSN/ref=sr_1_2419?dib=eyJ2IjoiMSJ9.1Bavs2c_EvocvjJYNtUmhYl6lB0ulkPmlE4twYl4PYD_RJH5ISVOU7N_f_fjKD80gGYeAlNhQZE0UMOtsuKAvm5bLvFWHoql4esXjly5jzK0HagEmwdbz9tSXqUBd41tOn0AYnXyUYPjutDKbKMqAMdxmLscN37Jb9UY2InamG7UbXu38HypGwldzxOhvst2bNcu2y5t4aQ3FsGx8eDC8ykjCEFULzE1hPxrSbHZRoJw6KMswvXtTpw-AYQljdiAJSWR6RaRmEcKkdgZePWaR1q_qgDODi9ziMEpL_EHzhs.W91kHwURj0MHwoerOoU4xzXOEggoiIn-sdubzrliHAI&dib_tag=se&qid=1755801327&refinements=p_n_g-101014971069111%3A119653281011&s=electronics&sr=1-2419,True
"Nitecore NB10000 Gen II (Gen 2) Ultra-Slim Power Bank, 10000mAh QC Quick-Charge USB and USB-C Dual Outputs with Cables for Phones Flashlights and Headlamps (Black), Dual Cable Bundle",Cables & Charging,True,,Computers & Laptops,Cables & Charging,,Nitecore,/NB10000-Ultra-Slim-Quick-Charge-Flashlights-Headlamps/dp/B08JH5SKQ8/ref=sr_1_2410?dib=eyJ2IjoiMSJ9.1Bavs2c_EvocvjJYNtUmhYl6lB0ulkPmlE4twYl4PYD_RJH5ISVOU7N_f_fjKD80gGYeAlNhQZE0UMOtsuKAvm5bLvFWHoql4esXjly5jzK0HagEmwdbz9tSXqUBd41tOn0AYnXyUYPjutDKbKMqAMdxmLscN37Jb9UY2InamG7UbXu38HypGwldzxOhvst2bNcu2y5t4aQ3FsGx8eDC8ykjCEFULzE1hPxrSbHZRoJw6KMswvXtTpw-AYQljdiAJSWR6RaRmEcKkdgZePWaR1q_qgDODi9ziMEpL_EHzhs.W91kHwURj0MHwoerOoU4xzXOEggoiIn-sdubzrliHAI&dib_tag=se&qid=1755801327&refinements=p_n_g-101014971069111%3A119653281011&s=electronics&sr=1-2410,False
Nintendo Switch AC Adapter,Cables & Charging,True,,Cables & Charging,Gaming,29.99,Nintendo,/Nintendo-Switch-AC-Adapter/dp/B01N7RUZ49/ref=sr_1_2430?dib=eyJ2IjoiMSJ9.1Bavs2c_EvocvjJYNtUmhYl6lB0ulkPmlE4twYl4PYD_RJH5ISVOU7N_f_fjKD80gGYeAlNhQZE0UMOtsuKAvm5bLvFWHoql4esXjly5jzK0HagEmwdbz9tSXqUBd41tOn0AYnXyUYPjutDKbKMqAMdxmLscN37Jb9UY2InamG7UbXu38HypGwldzxOhvst2bNcu2y5t4aQ3FsGx8eDC8ykjCEFULzE1hPxrSbHZRoJw6KMswvXtTpw-AYQljdiAJSWR6RaRmEcKkdgZePWaR1q_qgDODi9ziMEpL_EHzhs.W91kHwURj0MHwoerOoU4xzXOEggoiIn-sdubzrliHAI&dib_tag=se&qid=1755801327&refinements=p_n_g-101014971069111%3A119653281011&s=electronics&sr=1-2430,True
"AT&T CL4940 Corded Standard Phone with Answering System and Backlit Display, White",Phone & Tablet Accessories,True,,Monitors & Displays,Phone & Tablet Accessories,39.99,At&T,/AT-Standard-Answering-Backlit-Display/dp/B007B5VH0E/ref=sr_1_2378?dib=eyJ2IjoiMSJ9.r7bbw3XBKOfoYLnbyBmazI4W5M7-1NcnUHaZHD5Mg3oCcnAUaNsqKQJFj2rTCdTZnwszQ4n83gCf6xp-dG1ORlQYAig_5dGWL7C14YXs0Ko_c7vU6eBEI23IFZWqn2kGtbRi8zRCaEho15OIx5ytxsYch64aCYrTGlbdbOGwhhQuiJy52nInV0aAjdTj9FCS7Gdx9LgDsL9wiwLfX7V3PvxUiJ-QRD9xbyz9giYZPa5wwj8gZzdd8SlpEcxtlAifhsbvgqx2RLjk-T6-7gROFqml1lGtpfPI78A_YwY-pXw.nTUn1BhhPS0Rx8FHLVyvOU3du1M8H4rvCsj9vGCV3cs&dib_tag=se&qid=1755801304&refinements=p_n_g-101014971069111%3A119653281011&s=electronics&sr=1-2378,False
"SKLZ Hurricane Batting Swing Trainer for Baseball & Softball - Durable Swing Arm - 4 Power Band System - High-Visibility, Anti-Dent Target Ball Head - Screw-in Base Legs, Metal Stakes & Carry Bag",Non-Electronics,True,,Other,Other,,Sklz,/SKLZ-Hurricane-Category-Baseball-Adjustable/dp/B002MA7Y1Y/ref=sr_1_2399?dib=eyJ2IjoiMSJ9.6244XMuoaxE4Ls2x5v6ajrb65HRxkbDZl_vJiCZZ7W79i45nA3dE85HgG5i9lCeEQGnb7Q3CAcyVoQbc4YadgkELixPaRFDZc9CDEx6jmYshjX9rFM1hVod58r_47USkOcszdmevMC8YyB33Vx2SR2jIjjUGQyY2aO1T_8eQJ98ia5gQpNQuVUql4ToIkdexYPOjQ2mYyUT9mOjlyJF96md53slwLy_O_R7p7SjMO0mu6p6XpbuqOz4-zWet1aveq3uL2tk7VdZG7EO0BXUSiC-CanSz-W_HFaLrsmHOWZ0.Zh5mtDwzdH4x6bK_r_lFEHqoGNEekS_DibfU9Nv9v0A&dib_tag=se&qid=1755801315&refinements=p_n_g-101014971069111%3A119653281011&s=electronics&sr=1-2399,False
SanDisk 5 Pack Ultra 16GB SD SDHC Memory Flash Card UHS-I Class 10 Read Speed up to 48MB/s 320X SDSDUNB-016G-GN3IN Wholesale Lot + (5 Cases),Storage & Memory Cards,True,,Storage & Memory Cards,Cameras & Photography,32.81,Sandisk,/Pack-SanDisk-Memory-SDSDUNB-016G-GN3IN-Wholesale/dp/B01IMKEMC6/ref=sr_1_2384?dib=eyJ2IjoiMSJ9.6244XMuoaxE4Ls2x5v6ajrb65HRxkbDZl_vJiCZZ7W79i45nA3dE85HgG5i9lCeEQGnb7Q3CAcyVoQbc4YadgkELixPaRFDZc9CDEx6jmYshjX9rFM1hVod58r_47USkOcszdmevMC8YyB33Vx2SR2jIjjUGQyY2aO1T_8eQJ98ia5gQpNQuVUql4ToIkdexYPOjQ2mYyUT9mOjlyJF96md53slwLy_O_R7p7SjMO0mu6p6XpbuqOz4-zWet1aveq3uL2tk7VdZG7EO0BXUSiC-CanSz-W_HFaLrsmHOWZ0.Zh5mtDwzdH4x6bK_r_lFEHqoGNEekS_DibfU9Nv9v0A&dib_tag=se&qid=1755801315&refinements=p_n_g-101014971069111%3A119653281011&s=electronics&sr=1-2384,True
"ARCTIC MX-6 (8 g) - Ultimate Performance Thermal Paste for CPU, Consoles, Graphics Cards, laptops, Very high Thermal Conductivity, Long Durability, Non-Conductive",Computers & Laptops,True,,Computers & Laptops,Computers & Laptops,9.99,Arctic,/ARCTIC-MX-6-Conductivity-Non-Conductive-Non-capacitive/dp/B09VDLH5M6/ref=sr_1_2577?dib=eyJ2IjoiMSJ9.XOThhqT0t7fuG1LpX9oktQ9cyJmv18uqQIeRUOd2zCKyxznBMGavxNNtAZxkxR0825IktDWeX3nVZhWh3Qj1op8-VGMOKStjRk2gqtjb2WmJ-7ckMZRbE-ZLy0ENzBIqeuc46szA1nasH16ibkkeK9FtjZrvrfAxfamxS9H0X4KdsujNfwVtTfVAIDMXkQ7gVca8KYN6dv4Wd88PV2lmDvtUxQfPW7gPZnwHkazGY2xDh91TpL3QdHppXpU8504ratb3rgomeRDDRJ2Vf0wLPCI0jsJiIgREwmJFinh6wbo.tvHhZpTfXJYib_-qeNPTOCUzv5cbbTxzsthTbc1Tnm0&dib_tag=se&qid=1755801415&refinements=p_n_g-101014971069111%3A119653281011&s=electronics&sr=1-2577,True
"Baseus Docking Station Dual Monitor, Nomos Win Air(12 in 1) Laptop Dock, 2*4K HDMI, 10Gbps USB Ports, 1Gbps Ethernet, PD 100W(No Power Adapter), USB C Docking Station for Dell/HP/Lenovo/Asus/Acer/Mac",Computers & Laptops,True,,Monitors & Displays,Computers & Laptops,79.99,Baseus,/Baseus-Docking-Station-Monitor-Ethernet-Adapter/dp/B0F62Y2Z7N/ref=sr_1_2486?dib=eyJ2IjoiMSJ9.FcPOYpHOAMpwciBDwyFC40mpsoUS3o97qDxwcAj2L8vPOUWVR4rgWajdXZnJRugSxDiIMcVOEw3cqj7nkp4UOXhn0lVk-N_Nt3QsSGGgfcKemC4yIpD3A-86kqx-2V1RpxAlnPXq-avM359Qobbjm4tb8SpZSF_vEkNh2mUnUyDqYaf91J48082HwNTluB1a4nNTbQp0jmB1_zAwfhSnCBpLdlI8kNbstEYc1Usn7hfLcPXyc9gZ_9fyfQMUTWNOv1jv6u10azo2hXJ2dOTXmK6d3ilE7uyIZCDGWlTu4qs.cZ0JJ2CxXoDqYBF0FjZbHl1EnRby8uf5-VNiNQEx7qg&dib_tag=se&qid=1755801366&refinements=p_n_g-101014971069111%3A119653281011&s=electronics&sr=1-2486,False
"Ubiquiti Networks Unifi 802.11ac Dual-Radio PRO Access Point (UAP-AC-PRO-US), Single,White",Networking,True,,Networking,Audio,123.9,Ubiquiti,/Ubiquiti-Networks-802-11ac-Dual-Radio-UAP-AC-PRO-US/dp/B015PRO512/ref=sr_1_2476?dib=eyJ2IjoiMSJ9.FcPOYpHOAMpwciBDwyFC40mpsoUS3o97qDxwcAj2L8vPOUWVR4rgWajdXZnJRugSxDiIMcVOEw3cqj7nkp4UOXhn0lVk-N_Nt3QsSGGgfcKemC4yIpD3A-86kqx-2V1RpxAlnPXq-avM359Qobbjm4tb8SpZSF_vEkNh2mUnUyDqYaf91J48082HwNTluB1a4nNTbQp0jmB1_zAwfhSnCBpLdlI8kNbstEYc1Usn7hfLcPXyc9gZ_9fyfQMUTWNOv1jv6u10azo2hXJ2dOTXmK6d3ilE7uyIZCDGWlTu4qs.cZ0JJ2CxXoDqYBF0FjZbHl1EnRby8uf5-VNiNQEx7qg&dib_tag=se&qid=1755801366&refinements=p_n_g-101014971069111%3A119653281011&s=electronics&sr=1-2476,True
"Pyle Premium Direct Injection Audio Box - 2.36"" x 4.09"" Passive DI Unit Hum Eliminator w/ Input Attenuator to Connect Guitar & Bass, 1/4'' Impedance Transformer Connector to Balanced & Unbalanced XLR",Audio,True,,Audio,Cables & Charging,15.0,Pyle,/Pyle-PDC21-Pyle-Pro-Black/dp/B0027V760M/ref=sr_1_2700?dib=eyJ2IjoiMSJ9.MqY_eLrPrBJ0O2FmhCbM7dW-sp_106cQCRiePTCFlA4C9if_GfPXHUOVvanKmlMUD_JVeC8PmM7NZ-71gEgeN8lwSqAggq4T5itptGcfvEdHQpA444DWHnt0Wotm6lHuwrINIZmMgkjP_runD05QV_-1B58NL4cErOaVxmW6UqsSWhhWlPi42gNZkrQf0kbUwHViMU-FdVZ4xgIOQ5X2KPJRErv3aSKGm0py9LH2r2S9OTeCFijEHGv2VkEId60FqXo-4TavKzsibgDmzcJl6YOKi3cK9lrG1l53-mZg32E.bULtc9mnDbS2LgmWvSQ8NDhMOdudrrYcI1V0Ooj_mLk&dib_tag=se&qid=1755801476&refinements=p_n_g-101014971069111%3A119653281011&s=electronics&sr=1-2700,True
"Belkin RockStar Lightning to 3.5mm Audio Cable + Audio Charger Splitter, 2-in-1 Aux iPhone Headphone and Charger Adapter - Compatible with iPhone 14, 13, 12, 11, X, and More - White",Cables & Charging,True,,Cables & Charging,Audio,34.99,Belkin,/Belkin-Charge-Rockstar-Adapter-Charging/dp/B074WDWVX1/ref=sr_1_2693?dib=eyJ2IjoiMSJ9.MqY_eLrPrBJ0O2FmhCbM7dW-sp_106cQCRiePTCFlA4C9if_GfPXHUOVvanKmlMUD_JVeC8PmM7NZ-71gEgeN8lwSqAggq4T5itptGcfvEdHQpA444DWHnt0Wotm6lHuwrINIZmMgkjP_runD05QV_-1B58NL4cErOaVxmW6UqsSWhhWlPi42gNZkrQf0kbUwHViMU-FdVZ4xgIOQ5X2KPJRErv3aSKGm0py9LH2r2S9OTeCFijEHGv2VkEId60FqXo-4TavKzsibgDmzcJl6YOKi3cK9lrG1l53-mZg32E.bULtc9mnDbS2LgmWvSQ8NDhMOdudrrYcI1V0Ooj_mLk&dib_tag=se&qid=1755801476&refinements=p_n_g-101014971069111%3A119653281011&s=electronics&sr=1-2693,True
Minn Kota i-Pilot Bluetooth Remote,Marine & GPS,True,,Other,Other,157.98,Minn,/Minn-Kota-I-Remote-Access-System/dp/B01MEFGO2R/ref=sr_1_2596?dib=eyJ2IjoiMSJ9._tehgxbstvoLgV3ymiRwSKGkiGzY8JYnlcu986AsFd61aFeGTrb15axqk9FIBxNAqpHPdqgHaQZ9MjfULGmnYNzosbuYSaBknKShOi13jjtOg-aB38qDBPgbyK9Gzi88NTJoVVrDoHi9DGrY4HNhTDF43dwAwfc2ErRZatKyi6XgJ8vysLF56ghx2S8Y1HsAFzsRH_S6X_v-pWXFFD8t9NbfKLk_mMn6Fz0cH5spGyqvaT0Y5XRG9H6e1ZOTa-MKlWDCzaB1YEVyY65zV-v3CiB_HiExCRa1P-5MdpWC2vc.6yvXRAabDG2ggbI3HHRL_DHLbFHsIr7EJh_yuOXZXv4&dib_tag=se&qid=1755801427&refinements=p_n_g-101014971069111%3A119653281011&s=electronics&sr=1-2596,False
"Baseus Charging Station 67W, 10-in-1 USB-C PD Fast Charging Desktop Charger with 1200J Surge Protection, 5ft Extension Cord, 6 AC, 3 USBC, 1 USBA Ports for iPhone 16/15, MacBook, Tablet, Desktop",Cables & Charging,True,,Cables & Charging,Computers & Laptops,29.99,Baseus,/Baseus-Charging-Station-Protection-Extension/dp/B0FBGQDBTG/ref=sr_1_2624?dib=eyJ2IjoiMSJ9.4NO5YWWcGBjsAXEPMXk44NK5CwS-r5VvJd6zyh5X5i1KMAhoBm_bG9eofRy7DdxvdkK1d0cKOcI7lJ0myuDmaaVXlMkh7snAI8-8l1OmNED34OrCaerdaRDLZaxq4QCc41rvqzrpqd6FFRFn-jd45lLS1Lkn19taqktC59nJJKW7OPDj9fDcVtZ8rmJfRvVWIduAUtJ4txWV9FstgBIOhJzWUJT1YUo6yYghCt7-AVEDQxdMxTaC06ANIp5B6nIqjEoP_UttZtCMvM5rGJcXfl8YjRzGUfBbrg-ZBkK6iz8.k7FAJzrjNvy-Tf2dbNAhtw8rrSigKnT5eOrIycRqLKg&dib_tag=se&qid=1755801437&refinements=p_n_g-101014971069111%3A119653281011&s=electronics&sr=1-2624,True
"SABRENT USB 2.0 to Serial (9 Pin) DB 9 RS 232 Converter Cable, Prolific Chipset, HEXNUTS, [Windows 11/10/8.1/8/7/VISTA/XP, Mac OS X 10.6 and Above] 2.5 Feet (CB-DB9P)",Cables & Charging,True,,Storage & Memory Cards,Cables & Charging,8.4915,Sabrent,/Sabrent-Converter-Prolific-Chipset-CB-DB9P/dp/B00IDSM6BW/ref=sr_1_2809?dib=eyJ2IjoiMSJ9.3bjt7fVXnxYD_eSWCCuD_mXwSA6r0ea-iwYg4Fi4VmMFOelZ_U748IASlbWpB9hzhzZwV47lUwV_ybPvhUYmvYmlVGazdVuUcDyNfPu1AW7e2VpgG194RSA1XN1hhOq-9lxJuSqmngF_A0GPQoqL_X5f4fUdNTXNrWJS5ue5kEALBvzH_DE8-5x3_OIxo-6iXJ2fBrWC9m8swjVM-Oa33WO5qibjcUgSHKH-6FL5X-gEXhr3xQCziPs4bFB1mJd5s-Eak42dKN7vjrpTrYpEzJwPrWmXIOLYXfGFHs2lsi8.UgN_VjaAhEIr_wfHi0j75gV0JqWHjgqW_iWGGE-s7xA&dib_tag=se&qid=1755801532&refinements=p_n_g-101014971069111%3A119653281011&s=electronics&sr=1-2809,False
"Belkin MagSafe-Compatible Magnetic Wireless Car Charger 10W - BoostCharge Pro Wireless Charger, Magnetic Car Vent Phone Mount for iPhone 16, iPhone 15, 14, & 13 Series - Black",Phone & Tablet Accessories,True,,Cables & Charging,Phone & Tablet Accessories,24.99,Belkin,/Belkin-Compatible-Magnetic-Charging-Included/dp/B09F8RLBQY/ref=sr_1_2798?dib=eyJ2IjoiMSJ9.3bjt7fVXnxYD_eSWCCuD_mXwSA6r0ea-iwYg4Fi4VmMFOelZ_U748IASlbWpB9hzhzZwV47lUwV_ybPvhUYmvYmlVGazdVuUcDyNfPu1AW7e2VpgG194RSA1XN1hhOq-9lxJuSqmngF_A0GPQoqL_X5f4fUdNTXNrWJS5ue5kEALBvzH_DE8-5x3_OIxo-6iXJ2fBrWC9m8swjVM-Oa33WO5qibjcUgSHKH-6FL5X-gEXhr3xQCziPs4bFB1mJd5s-Eak42dKN7vjrpTrYpEzJwPrWmXIOLYXfGFHs2lsi8.UgN_VjaAhEIr_wfHi0j75gV0JqWHjgqW_iWGGE-s7xA&dib_tag=se&qid=1755801532&refinements=p_n_g-101014971069111%3A119653281011&s=electronics&sr=1-2798,False
Insta360 X5 Invisible Dive Case,Bags & Cases,True,,Other,Other,89.99,Insta360,/Insta360-X5-Invisible-Dive-Case/dp/B0DZGYCS84/ref=sr_1_2722?dib=eyJ2IjoiMSJ9.QVobH8oczkI31TVO8A4DCA7PLyXyiO_2FBseA2S71to-vSsT1QZJghZILzoEo_t6WoKthjv516VGAxEJL4EW9ogMh8ggD-wnZN0o68CbvXolR3SEn90zkFarSm01jsWX42ibsAQrj6SWEXSemUdg_VFkN0AgfinHiJuzGuD4UU-OR8FaYfv-Vu1nDLYliuBeatkBTN5Tbh2g8H3thEH14b6R0DyuiNlN7GAAIPj1aeWGrgoqa_Rq0YfdiHpAvhWwyuGh-i3Yt5cv-GFOZNSCzX3gNc1ZItobwggdL3a4WCA.QSeHRRYd5RZ_7f2iTHyh5mNMTEJr5j82qPrX2TR2bqQ&dib_tag=se&qid=1755801490&refinements=p_n_g-101014971069111%3A119653281011&s=electronics&sr=1-2722,False
"Garmin Instinct 2X Solar - Tactical Edition, Rugged GPS Smartwatch, Built-in Flashlight, Ballistics Calculator, Solar Charging Capability, Black",Smart Home & Wearables,True,,Smart Home & Wearables,Office & School Supplies,382.57,Garmin,/Garmin-Instinct-Solar-Smartwatch-Built/dp/B0BW288CHV/ref=sr_1_2740?dib=eyJ2IjoiMSJ9.kbnYPmRmyxv8xycBJAtq-uQw6BfetfTrHfJ9FoAsZ5qFWIwCkapnGyT8yYygsjhzWOv-iFw0NCHP3uRIUA3ZN13gs3KqhgUwhaDkeHnYC6BC_gSK-1SpyITiTvt2fTOxUWDPHh9qomLF6BpDOsyWQxp__86q4BaLVs17wY7Vk01wYK8vLeQXZ7I5V1wDuBYW00AMvkW4yqnjOW82eQvTTTOtQLxcprsONbGGswp9zjeSafJcock2da_o2IOggeuVxl1nirfe1WB78H6oXZYGUACn7qahgZjYtIYcls_83_k.G1L8nvVKo_2vPrIN-jODzH-y1T_sJRVOrshKPS2qPhI&dib_tag=se&qid=1755801504&refinements=p_n_g-101014971069111%3A119653281011&s=electronics&sr=1-2740,True
"Logitech Rally Bar All-in-One Video Bar for Medium and Large Rooms, Graphite",Cameras & Photography,False,all-in-one conferencing video bar combines camera/speaker/mic,Other,Other,2999.0,Logitech,/Logitech-Rally-Bar-Conference-Graphite/dp/B093QCMSQG/ref=sr_1_2903?dib=eyJ2IjoiMSJ9.opsiVF4nsaI-W2iACGBD0JBquNt5jhwI92zCZhnEdyeJlZiSnidNZMPv4abq6eE02rZ119J5BmX3v2XTNnds82ZtEFNjJA2Aag6ZpuBb9wYyYJdEb1rtmDvV4V0hMgadZcjFLFo-pFQ3B34f12GSglWo-TV19Z2Q1ARH8V12eJScYiomrdzJIZlkdyYflMGqYwlwiaOKol5VgPyOIVRDnD2txsu0ZESaS9iVZgZVIwzgptDDnG38S_2lvZNW3R9ZSLibLJuufXv8s8rwjJ9NYR3ThZHVloHRJ9rWcAK5bxc.o3owzSVyRMctNkosZMO2rbFuIQKbA0mVrVYS4EkWNPs&dib_tag=se&qid=1755801584&refinements=p_n_g-101014971069111%3A119653281011&s=electronics&sr=1-2903,False
"Synology HAT3300 4TB Plus Series SATA HDD 3.5"" (HAT3300-4T)",Storage & Memory Cards,True,,Computers & Laptops,Storage & Memory Cards,99.99,Synology,/Synology-HAT3300-Plus-SATA-HAT3300-4T/dp/B0C7FPRSK3/ref=sr_1_2887?dib=eyJ2IjoiMSJ9.opsiVF4nsaI-W2iACGBD0JBquNt5jhwI92zCZhnEdyeJlZiSnidNZMPv4abq6eE02rZ119J5BmX3v2XTNnds82ZtEFNjJA2Aag6ZpuBb9wYyYJdEb1rtmDvV4V0hMgadZcjFLFo-pFQ3B34f12GSglWo-TV19Z2Q1ARH8V12eJScYiomrdzJIZlkdyYflMGqYwlwiaOKol5VgPyOIVRDnD2txsu0ZESaS9iVZgZVIwzgptDDnG38S_2lvZNW3R9ZSLibLJuufXv8s8rwjJ9NYR3ThZHVloHRJ9rWcAK5bxc.o3owzSVyRMctNkosZMO2rbFuIQKbA0mVrVYS4EkWNPs&dib_tag=se&qid=1755801584&refinements=p_n_g-101014971069111%3A119653281011&s=electronics&sr=1-2887,False
"STAEDTLER Noris Jumbo Digital Stylus Pen: No Charging, EMR Palm Rejection, 4.096 Pressure Levels, Hexagonal Shape, Natural Writing and Drawing on Touchscreen Tablet, Laptop, Phone",Phone & Tablet Accessories,True,,Cables & Charging,Computers & Laptops,34.0,Staedtler,/STAEDTLER-Noris-Jumbo-Digital-Stylus/dp/B086N4KK7Z/ref=sr_1_2860?dib=eyJ2IjoiMSJ9.OTpEaVf2Keyu_4hWixeH7zFr9IjCWlQQCJUjst8rPdqo74H_P4HgnwR4wj3nl9zcokjaeAnpXDOs8EMWaw4JvgguHF4cIkf-P1f2szkIO9ytGfO15pG8TTG6skuyRlWGSVYsNM27dldytIOxvQHw9Fkx0foOhwSLEKF50NkdMHgrFe4RHvMUVJNW1e5MJNcvNRSXRVMVUm0qZcPKV8p11IXXqY_EMGVX91WP8Bv-nd-PPAmkeoGiB9d4htqq8UgA97dg-l-ZVS3fnbpO1A5yw3P6qXmtgeVojxW82_JMWkY.AFjpbbhCGtldquLeQGwnDCM3ergAsieCozGiLesxYEM&dib_tag=se&qid=1755801570&refinements=p_n_g-101014971069111%3A119653281011&s=electronics&sr=1-2860,False
"Amazon Basics PC Power Cord, 15 feet, AC Power Cord for Monitor, Computer, TV, 3 Prong, 18 AWG, 125 Volts, Black",Cables & Charging,True,,Monitors & Displays,Monitors & Displays,8.77,Amazon,/Amazon-Basics-Computer-Monitor-Replacement/dp/B0728CMCDM/ref=sr_1_2997?dib=eyJ2IjoiMSJ9.sRwYs7WMb2suVZ4vj8CA8g8jMR5JdUDRUWxTSrB0oQ3yBiVmOBHSPrSi4mDFXjUJvHVInil35oieYs2-wcR4bcKvPoPmqX4og_--zikx5HF6BRI09d_xXF1TtokSZ_3UbrxFZaHvGN_mOLDcfN3o3sqIfG9xaoPyaK1ZzlGWaKCFf4G3mjZLZCsXk3gHt8pdWi8xPAOGhPWIkIk4MqpNDVnSU3mkBien-UwZEB1aIGN7ECJA92MjFhUOo22DP9MDW3wi0iXYd28xbJl9jMsI1WCuNf-CTPvjm5g2AXYUE0A.hFkTnAbfDrD3l_CSRWcPoHC1GXd1mbTAwTEzu-3nsV4&dib_tag=se&qid=1755801631&refinements=p_n_g-101014971069111%3A119653281011&s=electronics&sr=1-2997,False
"Remington CI9538 Pro 1""-1.5"" Pearl Ceramic Conical Curling Wand, Digital Controls + 10 Heat Settings, Black/Pink",Non-Electronics,True,,Other,Other,29.99,Remington,,False
"Sennheiser Consumer Audio HD 660S2 - Wired Audiophile Stereo Headphones with Deep Sub Bass, Optimized Surround, Transducer Airflow, Vented Magnet System and Voice Coil – Black",Audio,True,,Audio,Marine & GPS,479.95,Sennheiser,/SENNHEISER-660S2-Audiophile-Headphones-Transducer/dp/B0BRT1ZN7Q/ref=sr_1_3002?dib=eyJ2IjoiMSJ9.sRwYs7WMb2suVZ4vj8CA8g8jMR5JdUDRUWxTSrB0oQ3yBiVmOBHSPrSi4mDFXjUJvHVInil35oieYs2-wcR4bcKvPoPmqX4og_--zikx5HF6BRI09d_xXF1TtokSZ_3UbrxFZaHvGN_mOLDcfN3o3sqIfG9xaoPyaK1ZzlGWaKCFf4G3mjZLZCsXk3gHt8pdWi8xPAOGhPWIkIk4MqpNDVnSU3mkBien-UwZEB1aIGN7ECJA92MjFhUOo22DP9MDW3wi0iXYd28xbJl9jMsI1WCuNf-CTPvjm5g2AXYUE0A.hFkTnAbfDrD3l_CSRWcPoHC1GXd1mbTAwTEzu-3nsV4&dib_tag=se&qid=1755801631&refinements=p_n_g-101014971069111%3A119653281011&s=electronics&sr=1-3002,True
Maxell – Pro 190048 CD-340 Laser Lens Cleaner - Safe & Effective CD Player & Game Station Compact Disc Cleaner - Microfiber Brushes Eliminates Static & Dust - Easy to Use with No Chemicals,Other,False,"CD/optical lens cleaner accessory, no clean category fit",Storage & Memory Cards,Cameras & Photography,,Maxell,/Maxell-Effective-Microfiber-Eliminates-Chemicals/dp/B000001OM5/ref=sr_1_3022?dib=eyJ2IjoiMSJ9.a76FeXwe9I_0bSIp54YIZN7JETq0fqU98_epuP4gegUUE3CqD6tl-Dl8DIdSbzaNS5KwdcaN_h6qFIONyUM2Olzv5EnL7j8ek-d87zeR-gxo6a32fs7_WAMSmWyiF8-nHkvzJ-EHb0Uabqnjyx4ibacqewrp0xH17nN36AmNtdxwByUDNYkOywTz1CPFxY0NLFwShXL-dtEaEpo57E5j60JhOIY0Q-uNv3J4Mb85UHeRrjULx4YbCivvvDpiO_Q8gDLJZBZg9sEr0jVzTYu-AI4HKco_i6zD92yAozb_AnQ.TUFb25vcQUYys7Ee0HoeP1yU4Ry9Xq5qYe4Q2WQ46Ck&dib_tag=se&qid=1755801645&refinements=p_n_g-101014971069111%3A119653281011&s=electronics&sr=1-3022,False
"Scotts Turf Builder EdgeGuard Mini Broadcast Spreader for Seed, Weed and Feed, Fertilizer, Salt, Ice Melt, Push Spreader Holds up to 5,000 sq.ft. Product",Non-Electronics,True,,Other,Other,,Scotts,/Scotts-Builder-EdgeGuard-Broadcast-Spreader/dp/B002YPS1KK/ref=sr_1_3048?dib=eyJ2IjoiMSJ9.e38ofx2OfUwoYBd-7HzNoMambj4JpxROKounKfmtBcnT1_qJLisiDRPzP93hPovHaarn8IbyJpTpFDBPXr_d6hV1UNl-vhTx0Y8CAoufHDWLEirBZ41BBlzopeGgzTEHMyBpd7pbO_11c9d3O00_d_Wi_9xC4FwIiMDgzs9Gcr9IgJ9gkxNshp1jLXvlLB8_BW5qQeztJWsonenAhxmQt1BUFfRknFSTpcwzjr41xL0fhSOVzTAwMjwQwGEkjRBwh2ZaTHTlhuXDY7bWMTDUb_fAAkeWOpkVm00ojMGebYY.bZrEqdR3xndVDwNNY2W_bTPC2cRYrAicSdZ97jLAhLw&dib_tag=se&qid=1755801656&refinements=p_n_g-101014971069111%3A119653281011&s=electronics&sr=1-3048,False
"Brother ADS-3300W Wireless, High-Speed Desktop Scanner | 2.8-inch Touchscreen | Scans Up to 40ppm1",Printers & Ink,True,,Networking,Printers & Ink,429.99,Brother,/Brother-ADS-3300W-Wireless-High-Speed-Touchscreen/dp/B09TRWNL2G/ref=sr_1_3025?dib=eyJ2IjoiMSJ9.a76FeXwe9I_0bSIp54YIZN7JETq0fqU98_epuP4gegUUE3CqD6tl-Dl8DIdSbzaNS5KwdcaN_h6qFIONyUM2Olzv5EnL7j8ek-d87zeR-gxo6a32fs7_WAMSmWyiF8-nHkvzJ-EHb0Uabqnjyx4ibacqewrp0xH17nN36AmNtdxwByUDNYkOywTz1CPFxY0NLFwShXL-dtEaEpo57E5j60JhOIY0Q-uNv3J4Mb85UHeRrjULx4YbCivvvDpiO_Q8gDLJZBZg9sEr0jVzTYu-AI4HKco_i6zD92yAozb_AnQ.TUFb25vcQUYys7Ee0HoeP1yU4Ry9Xq5qYe4Q2WQ46Ck&dib_tag=se&qid=1755801645&refinements=p_n_g-101014971069111%3A119653281011&s=electronics&sr=1-3025,False
"Canon Office Products 2198C001 Canon MP11DX-2 Desktop Printing Calculator with Currency Conversion, Clock and Calendar",Office & School Supplies,True,,Printers & Ink,Office & School Supplies,65.8,Canon,/Canon-Products-2198C001-Calculator-Conversion/dp/B06W2M4V3X/ref=sr_1_2948?dib=eyJ2IjoiMSJ9.Y0oE-5CyhMvJ1rWLflz5R1NIGx6DhGOyYbcbesa7fAuBW5bHoQG98qacVKeLCFLnKYwOfub0BEcmFG_hXwGaUkvMyC1eQbahtmZ7mUViaEtQkJbYr_XhuO-TOb01hHLe-B7G1fqtph1hlzl1QmAoNEWvg6v2-rAyRkfWjdu0xKNUJHeWduJP5FoLUFaA23kjAI-T-Z3b-pEZCSAm3FV6vxuUmF9Alx8fmtprye3sAzUw7h1B7KMN2GJ7nwnYG1M0xs4_Av4HazJ4UZwNNBVGzTvMYOyBrjX7gHbPPzoDQWI.-VmF08PP-3LjHlJHjdfrb2Srxksef_BEreu0Abew_Ug&dib_tag=se&qid=1755801608&refinements=p_n_g-101014971069111%3A119653281011&s=electronics&sr=1-2948,False
"Klein Tools 63050 Cable Cutter, Made in USA, Heavy Duty Cutter for Aluminum, Copper, and Communications Cable",Non-Electronics,True,,Power Strips & Surge Protectors,Cables & Charging,29.98,Klein,/Leverage-Communications-Klein-Tools-63050/dp/B0000302X1/ref=sr_1_2938?dib=eyJ2IjoiMSJ9.Y0oE-5CyhMvJ1rWLflz5R1NIGx6DhGOyYbcbesa7fAuBW5bHoQG98qacVKeLCFLnKYwOfub0BEcmFG_hXwGaUkvMyC1eQbahtmZ7mUViaEtQkJbYr_XhuO-TOb01hHLe-B7G1fqtph1hlzl1QmAoNEWvg6v2-rAyRkfWjdu0xKNUJHeWduJP5FoLUFaA23kjAI-T-Z3b-pEZCSAm3FV6vxuUmF9Alx8fmtprye3sAzUw7h1B7KMN2GJ7nwnYG1M0xs4_Av4HazJ4UZwNNBVGzTvMYOyBrjX7gHbPPzoDQWI.-VmF08PP-3LjHlJHjdfrb2Srxksef_BEreu0Abew_Ug&dib_tag=se&qid=1755801608&refinements=p_n_g-101014971069111%3A119653281011&s=electronics&sr=1-2938,False
Ubisoft RockSmith Real Tone Cable,Cables & Charging,True,,Audio,Cables & Charging,44.97,Ubisoft,/RockSmith-Real-Tone-Cable-xbox-360/dp/B007KGISK6/ref=sr_1_2935?dib=eyJ2IjoiMSJ9.Y0oE-5CyhMvJ1rWLflz5R1NIGx6DhGOyYbcbesa7fAuBW5bHoQG98qacVKeLCFLnKYwOfub0BEcmFG_hXwGaUkvMyC1eQbahtmZ7mUViaEtQkJbYr_XhuO-TOb01hHLe-B7G1fqtph1hlzl1QmAoNEWvg6v2-rAyRkfWjdu0xKNUJHeWduJP5FoLUFaA23kjAI-T-Z3b-pEZCSAm3FV6vxuUmF9Alx8fmtprye3sAzUw7h1B7KMN2GJ7nwnYG1M0xs4_Av4HazJ4UZwNNBVGzTvMYOyBrjX7gHbPPzoDQWI.-VmF08PP-3LjHlJHjdfrb2Srxksef_BEreu0Abew_Ug&dib_tag=se&qid=1755801608&refinements=p_n_g-101014971069111%3A119653281011&s=electronics&sr=1-2935,False
"Zebra Symbol DS2278-SR Wireless 2D/1D Bluetooth Barcode Scanner/Imager, Includes Cradle and Heavy-Duty Shielded 7FT USB Cable (CBA-U21-S07ZAR)",Office & School Supplies,True,,Printers & Ink,Office & School Supplies,212.36,Zebra,/Zebra-DS2278-SR-Bluetooth-Heavy-Duty-CBA-U21-S07ZAR/dp/B07K9QCXG1/ref=sr_1_2960?dib=eyJ2IjoiMSJ9.fSpnBn8mfon_LjBNtxcLG9mPFO3Y_raA2IUipaoxFHr-XxNxbdbYVTE9ZFu50Vgj6oW-gN3v696EsDUjyKJQtlWteuwzXZR2vmBcN3BP-5_fxLfVk2zyqOjRODYywz781awB0wtvFUrHJdgGRHdmVdGmiBWcwRzwXZy5Zx2iIHGW67oB3FZ4dNSZ0fvPFPmkqFX9_sko2emkA1aKysleEfgiu_61P5kz6V6L2yM09qUB7yttbysBqGJ4_Ivyvi5-ZgF3SgtdlB76Wh3nRWR3j8ySFbBCyK3IbdbDk9CwP0g.pOWsihY4lv59QC75GUnmSeny8i44skegx0CW9TdGvac&dib_tag=se&qid=1755801619&refinements=p_n_g-101014971069111%3A119653281011&s=electronics&sr=1-2960,False
Blackmagic Design ATEM Mini Pro HDMI Live Stream Switcher (SWATEMMINIBPR),Cameras & Photography,False,"HDMI live-stream switcher, closest to capture card category",Cables & Charging,Cables & Charging,325.0,Blackmagic,/Blackmagic-Design-ATEM-Stream-Switcher/dp/B086R79PBC/ref=sr_1_2974?dib=eyJ2IjoiMSJ9.fSpnBn8mfon_LjBNtxcLG9mPFO3Y_raA2IUipaoxFHr-XxNxbdbYVTE9ZFu50Vgj6oW-gN3v696EsDUjyKJQtlWteuwzXZR2vmBcN3BP-5_fxLfVk2zyqOjRODYywz781awB0wtvFUrHJdgGRHdmVdGmiBWcwRzwXZy5Zx2iIHGW67oB3FZ4dNSZ0fvPFPmkqFX9_sko2emkA1aKysleEfgiu_61P5kz6V6L2yM09qUB7yttbysBqGJ4_Ivyvi5-ZgF3SgtdlB76Wh3nRWR3j8ySFbBCyK3IbdbDk9CwP0g.pOWsihY4lv59QC75GUnmSeny8i44skegx0CW9TdGvac&dib_tag=se&qid=1755801619&refinements=p_n_g-101014971069111%3A119653281011&s=electronics&sr=1-2974,False
"Arduino UNO R4 WiFi [ABX00087] – Renesas RA4M1 + ESP32-S3, Wi-Fi, Bluetooth, USB-C, CAN, 12-bit DAC, OP AMP, Qwiic Connector, 12x8 LED Matrix for Advanced IoT & Embedded Projects",Computers & Laptops,True,,Networking,Computers & Laptops,27.5,Arduino,/Arduino-UNO-WiFi-ABX00087-Bluetooth/dp/B0C8V88Z9D/ref=sr_1_2976?dib=eyJ2IjoiMSJ9.fSpnBn8mfon_LjBNtxcLG9mPFO3Y_raA2IUipaoxFHr-XxNxbdbYVTE9ZFu50Vgj6oW-gN3v696EsDUjyKJQtlWteuwzXZR2vmBcN3BP-5_fxLfVk2zyqOjRODYywz781awB0wtvFUrHJdgGRHdmVdGmiBWcwRzwXZy5Zx2iIHGW67oB3FZ4dNSZ0fvPFPmkqFX9_sko2emkA1aKysleEfgiu_61P5kz6V6L2yM09qUB7yttbysBqGJ4_Ivyvi5-ZgF3SgtdlB76Wh3nRWR3j8ySFbBCyK3IbdbDk9CwP0g.pOWsihY4lv59QC75GUnmSeny8i44skegx0CW9TdGvac&dib_tag=se&qid=1755801619&refinements=p_n_g-101014971069111%3A119653281011&s=electronics&sr=1-2976,False
Fractal Design North XL Charcoal Black TG Dark,Computers & Laptops,True,,Other,Other,179.99,Fractal,/Fractal-Design-North-Charcoal-Black/dp/B0CJCJ3ZZB/ref=sr_1_3132?dib=eyJ2IjoiMSJ9.AEaxsldMO97wQQjv0obZ_aUC3XW-6jh3KJVSG4Nqbkk2oZr_vcNMHVTY_3BmE1S0sJaPQC0BTeAlL_aMFSuKDsCVrmDmq9Elm23OkYSzt84XQRtkF2jZndH61kXPKTG2glKWsWtDN4rGP5OqF3oaXaRy2lgZkQk8ri-g3Vb831Neq88D1DrCc5VxL2wdU948F06K0uIWJ89jPiYi6zlRaPCOHyO7VyDSYbcn_YijqjVA1330VVR_h6xePPAJdwv7_rKwZmeE7j2x5yep2rIcClV-aZPw4QUszCbqFSq5ixs.mLK5qm7DeIjIxTgp10Oc48RGlt0HEI1FDN_05ptBuGw&dib_tag=se&qid=1755801705&refinements=p_n_g-101014971069111%3A119653281011&s=electronics&sr=1-3132,False
"UGREEN Nexode 500W GaN Fast Charging Station - 6 Ports USB-C & USB-A, 240W Single Port, Smart Temperature Control, Space-Saving Design, for Laptops, Phones, and More",Cables & Charging,True,,Cables & Charging,Cables & Charging,199.99,Ugreen,/UGREEN-Nexode-500W-Charging-Station/dp/B0DL5L1ZLH/ref=sr_1_3135?dib=eyJ2IjoiMSJ9.AEaxsldMO97wQQjv0obZ_aUC3XW-6jh3KJVSG4Nqbkk2oZr_vcNMHVTY_3BmE1S0sJaPQC0BTeAlL_aMFSuKDsCVrmDmq9Elm23OkYSzt84XQRtkF2jZndH61kXPKTG2glKWsWtDN4rGP5OqF3oaXaRy2lgZkQk8ri-g3Vb831Neq88D1DrCc5VxL2wdU948F06K0uIWJ89jPiYi6zlRaPCOHyO7VyDSYbcn_YijqjVA1330VVR_h6xePPAJdwv7_rKwZmeE7j2x5yep2rIcClV-aZPw4QUszCbqFSq5ixs.mLK5qm7DeIjIxTgp10Oc48RGlt0HEI1FDN_05ptBuGw&dib_tag=se&qid=1755801705&refinements=p_n_g-101014971069111%3A119653281011&s=electronics&sr=1-3135,True
"Uniden UM385BK 25 Watt Fixed Mount Marine VHF Radio, Waterproof, Noaa Weather Alert, All USA/Intl/Canadian Marine Channels",Marine & GPS,True,,Marine & GPS,Audio,116.12,Uniden,/Uniden-UM385BK-Fixed-Mount-VHF/dp/B076DHZQ42/ref=sr_1_3120?dib=eyJ2IjoiMSJ9.Mu0_bhZnhZ5XBifnXN_yuO7IO6t0i0X-m5-pEWkefRf_GMKSmXPyKiEKPbBDj9FGtrYrUzS3LfNVKueZnVmqdMHg5gd7wvNV6KpzfYibMkNfx_-Cc62uBSFpNwoIttb5uLbHbgYDnhQ3GXAwIFj4s6VwVyJLBfGZAjiKMhd-Ah_RmpUjqnwT0MVDM5sl5nX00c0-go0Bi3_ng31qjGX5EKV7mkNzmUrsP3EqEGEiN5TxX7QGEPyKxTB3Cp5vk19jFIo76bHuGtvvV6G7fXFkQaOyONOYYw_WkMrvweDgmAM.swSXF8Bfzc9WFznnNYMJDy4z7dWU0B2fskZ39onM9Q0&dib_tag=se&qid=1755801693&refinements=p_n_g-101014971069111%3A119653281011&s=electronics&sr=1-3120,True
"AINOPE Printer Cable USB A to USB B Priner Cable High-Speed Nylon Braided USB 2.0 MIDI Cable, Printer Cord to Computer for HP, Canon, Brother, Dell, Epson, Lexmark, Xerox, 6.6ft/Grey",Cables & Charging,True,,Cables & Charging,Printers & Ink,6.99,Ainope,/AINOPE-Printer-High-Speed-Braided-Brother/dp/B07ZR9NWH2/ref=sr_1_3167?dib=eyJ2IjoiMSJ9.1TtUFVSDjQugIj-xqepW0cqlv_Yq6JsQlP3xdG31kqBg418-vGswjopiHPuCGS6qcfk1HpvdpxUGeXDhFdWs_PRdJoCkobC0H_TE0aX5jVoZmNRQhNjCOsVje6FF9gew8kfmg_sTpk1upFVvHo9glTwXvK8FEOJNLMgmexhUsoJj2ukkYCtZ_4Y8XpFIaQVmDZvKOyhV6-No-GLVzMXkcVrQQzbUP-gdj8oQniaBbxN-72XVVqSPD-KgoB5UWDa1FGH3_4D8ziy-ItuxXSl8W0uzHJENmkd4PrAZ9V7_oKk.dYvDsHacj9cLKHs8Y0gbxzKtsxKH74nsFDrKURy8aCI&dib_tag=se&qid=1755801718&refinements=p_n_g-101014971069111%3A119653281011&s=electronics&sr=1-3167,True
"MSI Herald-BE WI-FI 7 MAX (Wi-Fi 7, 802.11BE, Bluetooth 5.4, PCIe, Multi-Link Operation Technology, External Antenna)",Networking,True,,Networking,Computers & Laptops,49.99,Msi,/Herald-BE-802-11BE-Bluetooth-Multi-Link-Operation-Technology/dp/B0DFHRYRH6/ref=sr_1_3150?dib=eyJ2IjoiMSJ9.1TtUFVSDjQugIj-xqepW0cqlv_Yq6JsQlP3xdG31kqBg418-vGswjopiHPuCGS6qcfk1HpvdpxUGeXDhFdWs_PRdJoCkobC0H_TE0aX5jVoZmNRQhNjCOsVje6FF9gew8kfmg_sTpk1upFVvHo9glTwXvK8FEOJNLMgmexhUsoJj2ukkYCtZ_4Y8XpFIaQVmDZvKOyhV6-No-GLVzMXkcVrQQzbUP-gdj8oQniaBbxN-72XVVqSPD-KgoB5UWDa1FGH3_4D8ziy-ItuxXSl8W0uzHJENmkd4PrAZ9V7_oKk.dYvDsHacj9cLKHs8Y0gbxzKtsxKH74nsFDrKURy8aCI&dib_tag=se&qid=1755801718&refinements=p_n_g-101014971069111%3A119653281011&s=electronics&sr=1-3150,True
Samsung Galaxy Buds Pro 2 [2022] (SM-R510NZAALTA) - (Gray),Audio,True,,Audio,Phone & Tablet Accessories,132.99,Samsung,/SAMSUNG-Galaxy-Buds-Pro-SM-R510/dp/B0B8TC6KWF/ref=sr_1_3077?dib=eyJ2IjoiMSJ9.zIHHsMmzLgpDMw-Bk-FrE1WiMnOhoihtjvhN07laWaNyQlxd0848H27R9H-tDcNuT2vLjTwNOSkqF0mE5yEX6-G-lx3_itc7RQhtWX_xzuJFTk6U0QUWwaZHLG425qzkIbKhs5z4nQlcETuKrDvooR5zx4_4a5Spu-tn4dvExbn6nnrVNGifsOUGNFH3gOBbshEo9HC54SM7ekINJ-v6DnyQC5RarP_S7bh4y0-Mm6MY_B8Duw5wsoS8sidzVyGNnhomIJMQ5pe7jrfXh5tm5b5zj80M7AkFnTqc9HgOPEc.eSYXTT6Zk3yvVG-JF06fyHYyC5QeN9QUAsmijdBsJAs&dib_tag=se&qid=1755801680&refinements=p_n_g-101014971069111%3A119653281011&s=electronics&sr=1-3077,True
"PHILIPS Over Ear Open Back Stereo Headphones Wired with Detachable Audio Jack, Studio Monitor Headphones for Recording Podcast DJ Music Piano Guitar (SHP9600)",Audio,True,,Audio,Monitors & Displays,67.49,Philips,/Philips-SHP9600-Headphones-Open-Back-00/dp/B08B477BHS/ref=sr_1_3103?dib=eyJ2IjoiMSJ9.Mu0_bhZnhZ5XBifnXN_yuO7IO6t0i0X-m5-pEWkefRf_GMKSmXPyKiEKPbBDj9FGtrYrUzS3LfNVKueZnVmqdMHg5gd7wvNV6KpzfYibMkNfx_-Cc62uBSFpNwoIttb5uLbHbgYDnhQ3GXAwIFj4s6VwVyJLBfGZAjiKMhd-Ah_RmpUjqnwT0MVDM5sl5nX00c0-go0Bi3_ng31qjGX5EKV7mkNzmUrsP3EqEGEiN5TxX7QGEPyKxTB3Cp5vk19jFIo76bHuGtvvV6G7fXFkQaOyONOYYw_WkMrvweDgmAM.swSXF8Bfzc9WFznnNYMJDy4z7dWU0B2fskZ39onM9Q0&dib_tag=se&qid=1755801693&refinements=p_n_g-101014971069111%3A119653281011&s=electronics&sr=1-3103,True
"Apple iPhone 16, US Version, 128GB, Black for T-Mobile (Renewed)",Phone & Tablet Accessories,True,,Phone & Tablet Accessories,Phone & Tablet Accessories,583.0,Apple,/Apple-iPhone-Version-T-Mobile-Renewed/dp/B0DLQN68CH/ref=sr_1_3270?dib=eyJ2IjoiMSJ9.p_ATIAh7nwg_HSegqwRGA96GSr7LKzzwhds0o12q7_oCU7LjHe5662VEcf9o5AFHHAaxS3Kp4X9ZTaHxp-jFDSDaD7JmVe-wX7sB8tilnetNE_idm8ImWXK91IFte75FQywPE3uiER7vJ8er6hcla2DEZfz89xOpPf1aQuBIp0GbtP3nDsrTN4i0f6pjLNGXfILyRb08O4wKYXuanT8i66NzWYetTfHnkBKfuzc8MCMattod6MhtU_ZPVnUP16HPxTURQtlptfdHyyvIN7Tj6xwr1eeKohtE1-01w_ve8UM.I6QXPBRtVRNz54xrxgX2VFUtCKOxCm3W2jQWJFsfljo&dib_tag=se&qid=1755801766&refinements=p_n_g-101014971069111%3A119653281011&s=electronics&sr=1-3270,True
"Logitech Lift for Mac Wireless Vertical Ergonomic Mouse, Bluetooth, Quiet Clicks, Silent Smartwheel, 4 Customizable Buttons, for macOS/iPadOS/MacBook Pro/Macbook Air/iMac/iPad - Off White",Keyboards & Mice,True,,Keyboards & Mice,Computers & Laptops,,Logitech,/Logitech-MX-Vertical-Mini-White/dp/B098JK5T78/ref=sr_1_3220?dib=eyJ2IjoiMSJ9.xQuaz4D_rdb4UUmaiC7BRncBZhgfFJ3kp3URdatFsrzs9TSwKXTTnJP1CdBMbKTQb_qZ9Hlitxzgmh5DNtXhFz3tNqJIlVseHaF73nbLrsDTg1-xjtg8mO29UyzRyOxQQVoCx1goUhNyDOKJXgT4_VY8wcUKktTHBk0Nvn7f9wnNrzRQd_Gr0I7y4jXRQ-5gea8hfqMTW0RQwnCNvnvmaqjCAYuOgUuRl87oFK0g48SB7DMmXQ3rUNqY7q8dqOLdkPhdwxHwPMubI1E9xWguYTPHAAGeG-hth5sAmWcSatE.CLxD0S3tmXqH6NOdrKTavrwbXRUCgyXp0gaW-FLsywk&dib_tag=se&qid=1755801741&refinements=p_n_g-101014971069111%3A119653281011&s=electronics&sr=1-3220,True
"LISEN 2-Pack USB C to Micro USB Cable 3.3FT Nylon Braided, Micro USB Cable PS4 Controller Charger, 2.4A Charging&480Mbps Data Transmission, for Type C Wall Chargers/PS4/Xbox One/Old Kindle/Android",Cables & Charging,True,,Cables & Charging,Gaming,7.99,Lisen,/LISEN-Braided-Controller-Charger-Compatible/dp/B0D3BXM91B/ref=sr_1_3218?dib=eyJ2IjoiMSJ9.xQuaz4D_rdb4UUmaiC7BRncBZhgfFJ3kp3URdatFsrzs9TSwKXTTnJP1CdBMbKTQb_qZ9Hlitxzgmh5DNtXhFz3tNqJIlVseHaF73nbLrsDTg1-xjtg8mO29UyzRyOxQQVoCx1goUhNyDOKJXgT4_VY8wcUKktTHBk0Nvn7f9wnNrzRQd_Gr0I7y4jXRQ-5gea8hfqMTW0RQwnCNvnvmaqjCAYuOgUuRl87oFK0g48SB7DMmXQ3rUNqY7q8dqOLdkPhdwxHwPMubI1E9xWguYTPHAAGeG-hth5sAmWcSatE.CLxD0S3tmXqH6NOdrKTavrwbXRUCgyXp0gaW-FLsywk&dib_tag=se&qid=1755801741&refinements=p_n_g-101014971069111%3A119653281011&s=electronics&sr=1-3218,True
"Intermatic T104 24-Hour Mechanical Timer Switch - 208–277 VAC, DPST, Indoor Metal Enclosure, Heavy-Duty, Manual Override, 40 Amp - Ideal for Lights, Pumps, Fans, and HVAC Systems",Power Strips & Surge Protectors,True,,Other,Power Strips & Surge Protectors,84.69,Intermatic,/Intermatic-T104-208-277-Volt-Mechanical-Switch/dp/B000BQOX88/ref=sr_1_3345?dib=eyJ2IjoiMSJ9.0TuSSfN-ry5DkTRGCMEM-Tt41mqMoJOHLkK6z-BkHqov9Y22Pfsu3ofuuCac65LaL33pTW13nrvTC17w2HMvnE7X7L6fIethz5iMNDSB9VZmd9JQQLd0qaUyZB5l_88Rl3DmBdiz5IetyVyTnyleavcYeVRght0N2i9zWc5baK0gZo0KzNkjD1Ya7py3YP4so9c_WywMSLiCNm15K_Dx7qHL2u1BISFZefCO2CLLsQ_NwIivJz1IS1YcQymR_qBhqjb1Es3g8Z7NhtXb9Y9BFzPIDyMBUcEFgo_uqai4l38.DVjsijgVuqoJKcsa9Z_jlBrSIsL9mWLV4QaPCjWkBIY&dib_tag=se&qid=1755801815&refinements=p_n_g-101014971069111%3A119653281011&s=electronics&sr=1-3345,False
TP-Link AC1200 Wireless Gigabit Access Point Desktop Wi-Fi Bridge MU-MIMO & Beamforming Supports Multi-SSID/Client/Range Extender Mode 4 Fixed Antennas Passive PoE Powered (TL-WA1201),Networking,True,,Networking,Computers & Laptops,44.99,Tp-Link,/TP-Link-Wireless-Beamforming-Multi-SSID-TL-WA1201/dp/B08SBXVSF3/ref=sr_1_3360?dib=eyJ2IjoiMSJ9.0TuSSfN-ry5DkTRGCMEM-Tt41mqMoJOHLkK6z-BkHqov9Y22Pfsu3ofuuCac65LaL33pTW13nrvTC17w2HMvnE7X7L6fIethz5iMNDSB9VZmd9JQQLd0qaUyZB5l_88Rl3DmBdiz5IetyVyTnyleavcYeVRght0N2i9zWc5baK0gZo0KzNkjD1Ya7py3YP4so9c_WywMSLiCNm15K_Dx7qHL2u1BISFZefCO2CLLsQ_NwIivJz1IS1YcQymR_qBhqjb1Es3g8Z7NhtXb9Y9BFzPIDyMBUcEFgo_uqai4l38.DVjsijgVuqoJKcsa9Z_jlBrSIsL9mWLV4QaPCjWkBIY&dib_tag=se&qid=1755801815&refinements=p_n_g-101014971069111%3A119653281011&s=electronics&sr=1-3360,True
"Cardo 45mm Audio Set, Works with Most Helmet Communicators (Single Pack)",Audio,True,,Audio,Other,98.96,Cardo,/Cardo-Motorcycle-Helmet-Communicators-Single/dp/B07RJTTXBG/ref=sr_1_3374?dib=eyJ2IjoiMSJ9.QaGMlAGwQqsEbikOSEM5cECw74awoysPJgx__juPvGltUN623NPInfEfRmpzG9ehVLe_wK5Fd64-9VToGbixMJl3qRg7wD0pWvcfC8R9dFYI4hCLfP29JOSwWA7UGbKAHefK9jbtW82kQtruewaVwHYy8TDCGafLpBhcoA_NKCV626o9qqupt61g2zIBhnRkwZSRM-JfOhraSGzVA4KMhnINmFLBFg3D9Bcuq5vt2ZWwx_QpB8lWLxfEWH0QsAYr0VeoxJC8AZXN3U85xh-hliyi7-ZiRppXtkEoZ9Kd2To.DK0K_ekDxfSfbO3vEo4oGrUdF_xF63c7lhjwfuAyqP0&dib_tag=se&qid=1755801828&refinements=p_n_g-101014971069111%3A119653281011&s=electronics&sr=1-3374,True
"FEELWORLD 4K10X PTZ Camera 4K Resolution 10X USB HDMI for Video Conference Rooms Live Streaming Church Worship and Event with Zoom YouTube Teams OBS, AI Tracking Auto Focus POE Supported",Cameras & Photography,True,,Monitors & Displays,Cameras & Photography,299.99,Feelworld,/sspa/click?ie=UTF8&spc=MTo2MjUxMjkxNjA4OTM1MjgzOjE3NTU4MDE3OTM6c3BfYXRmX2Jyb3dzZTozMDA4MjMzNDYzNjIyMDI6OjA6Og&url=%2FFEELWORLD-Resolution-Conference-Streaming-Supported%2Fdp%2FB0F7L5Y9RR%2Fref%3Dsr_1_3291_sspa%3Fdib%3DeyJ2IjoiMSJ9.vD1h1tXMgVF0alGVkfV3D4E8JmuiQJ4l8PPog5gVLdMUB8C2yZzTV2ANezrqtVwN0iYhqVDPTAGFsOvPJKDI05ImxP-hWDL39mb2tPlZCcp_Rwm2xWBaB_8qC8UyZVKbS78O8oYHVixOylrdRly7HI0KJyn1EGUrp-vJOQGdJkdQuP9rcb56wOF_DiUXAvw2x4EM3zcvi0Lnul5jeUAR0JglUAxTm2VxnumnUHYwoa8fngo5_RNmdne2q0Knvi22TDxK0tMr8ibbzBmbPhG01jG1J-ye-A_uEuUEQrieHIU.hvWORxkOEZRvyziZDNK42_LdR-yB4jlRTfqJGvIfHkE%26dib_tag%3Dse%26qid%3D1755801793%26refinements%3Dp_n_g-101014971069111%253A119653281011%26s%3Delectronics%26sr%3D1-3291-spons%26sp_csd%3Dd2lkZ2V0TmFtZT1zcF9hdGZfYnJvd3Nl%26psc%3D1,False
"Dell 24 All-in-One Desktop ec24250-23.8-inch FHD Touch Display, Intel Core 5 Processor 120U, Intel Graphics, 16GB DDR5 RAM, 512GB SSD, Windows 11 Home, Onsite Service+6 Months Retail Migrate - White",Computers & Laptops,True,,Monitors & Displays,Computers & Laptops,979.0,Dell,/Dell-Desktop-ec24250-23-8-inch-Processor-Graphics/dp/B0F2G65QPH/ref=sr_1_3317?dib=eyJ2IjoiMSJ9.g0qSuKQ_8tBAqgc9NNdyaQGVwLBKdsMZSj6BemqtBJkFBfi0OrCqnZ9YcQ4T-HlhHyb0L4FKfUvkksXBYHIqbI4X7RcepYn9zt5kwrmvgRG71QEdt0sVcdiVRuQCvkvqbBmxAx0rE3fntnbnbFS906t_3rJqtSB8iyDSV_DPKDAutYcjXN24-GwbAYTGGwQxUZuj9H5SUiD4D3zzsApI_gxz1YL3NsRG0LBZQZrOjNSG5kqyANKm1p4Ug2V9QKbZeXQwKSAvTx9Y59Ln2naq002xynAte6txC8FgHWdq_nA.M1AY7Pt6HXd1a8zYCeQCFRdAI_bBRaHKNk6c7gcB0E4&dib_tag=se&qid=1755801804&refinements=p_n_g-101014971069111%3A119653281011&s=electronics&sr=1-3317,False
"Garmin Dash Cam 67W, 1440p and extra-wide 180-degree FOV, Monitor Your Vehicle While Away w/ New Connected Features, Voice Control, Compact and Discreet, Includes Memory Card - 010-02505-05",Car Electronics,True,,Car Electronics,Monitors & Displays,199.95,Garmin,/Garmin-Extra-Wide-180-degree-Connected-Features/dp/B093244D1J/ref=sr_1_3315?dib=eyJ2IjoiMSJ9.vD1h1tXMgVF0alGVkfV3D4E8JmuiQJ4l8PPog5gVLdMUB8C2yZzTV2ANezrqtVwN0iYhqVDPTAGFsOvPJKDI05ImxP-hWDL39mb2tPlZCcp_Rwm2xWBaB_8qC8UyZVKbS78O8oYHVixOylrdRly7HI0KJyn1EGUrp-vJOQGdJkdQuP9rcb56wOF_DiUXAvw2x4EM3zcvi0Lnul5jeUAR0JglUAxTm2VxnumnUHYwoa8fngo5_RNmdne2q0Knvi22TDxK0tMr8ibbzBmbPhG01jG1J-ye-A_uEuUEQrieHIU.hvWORxkOEZRvyziZDNK42_LdR-yB4jlRTfqJGvIfHkE&dib_tag=se&qid=1755801793&refinements=p_n_g-101014971069111%3A119653281011&s=electronics&sr=1-3315,True
"Polk Audio PSW10 10"" Powered Subwoofer – Power Port Technology, Up to 100 Watts, Big Bass in Compact Design, Easy Setup with Home Theater Systems, Timbre-Matched with Monitor & T-Series Polk Speakers",Audio,True,,Audio,Monitors & Displays,199.0,Polk,/Polk-Audio-PSW10-Powered-Subwoofer/dp/B0002KVQBA/ref=sr_1_3297?dib=eyJ2IjoiMSJ9.vD1h1tXMgVF0alGVkfV3D4E8JmuiQJ4l8PPog5gVLdMUB8C2yZzTV2ANezrqtVwN0iYhqVDPTAGFsOvPJKDI05ImxP-hWDL39mb2tPlZCcp_Rwm2xWBaB_8qC8UyZVKbS78O8oYHVixOylrdRly7HI0KJyn1EGUrp-vJOQGdJkdQuP9rcb56wOF_DiUXAvw2x4EM3zcvi0Lnul5jeUAR0JglUAxTm2VxnumnUHYwoa8fngo5_RNmdne2q0Knvi22TDxK0tMr8ibbzBmbPhG01jG1J-ye-A_uEuUEQrieHIU.hvWORxkOEZRvyziZDNK42_LdR-yB4jlRTfqJGvIfHkE&dib_tag=se&qid=1755801793&refinements=p_n_g-101014971069111%3A119653281011&s=electronics&sr=1-3297,True
"Square D HEPD80 Universal Whole House Surge Protection Device, 1-Phase, 3-Wire for 120/240V, 80kA",Power Strips & Surge Protectors,True,,Power Strips & Surge Protectors,Other,126.85,Square,/Square-Schneider-Electric-HEPD80-Electronics/dp/B00CONA1OQ/ref=sr_1_3312?dib=eyJ2IjoiMSJ9.vD1h1tXMgVF0alGVkfV3D4E8JmuiQJ4l8PPog5gVLdMUB8C2yZzTV2ANezrqtVwN0iYhqVDPTAGFsOvPJKDI05ImxP-hWDL39mb2tPlZCcp_Rwm2xWBaB_8qC8UyZVKbS78O8oYHVixOylrdRly7HI0KJyn1EGUrp-vJOQGdJkdQuP9rcb56wOF_DiUXAvw2x4EM3zcvi0Lnul5jeUAR0JglUAxTm2VxnumnUHYwoa8fngo5_RNmdne2q0Knvi22TDxK0tMr8ibbzBmbPhG01jG1J-ye-A_uEuUEQrieHIU.hvWORxkOEZRvyziZDNK42_LdR-yB4jlRTfqJGvIfHkE&dib_tag=se&qid=1755801793&refinements=p_n_g-101014971069111%3A119653281011&s=electronics&sr=1-3312,True
"URBAN ARMOR GEAR UAG Designed for Microsoft Surface Pro 11/10/9 Case with Built-in Kickstand Hand & Shoulder Strap Pen Holder Compatible with Type Cover Keyboard Rugged Protective Cover, Plasma Ice",Phone & Tablet Accessories,True,,Cameras & Photography,Keyboards & Mice,89.99,Urban,/Lightweight-Multi-Angle-URBAN-ARMOR-GEAR/dp/B0BHDLXXCK/ref=sr_1_3477?dib=eyJ2IjoiMSJ9.y2cZg4D3fZlZJvPzo60pRSwgM4FqRUYAWL0D_77jCbri1og_slbQk8cQHV5-HE_EY4IKCkwqGoVbVzPT68FiyvMSvi_s4DKurF33ccUGd_b3M1vQF3pOi-H7IBTNVzGZLDiuJhioa3GwePWb46kcxYf7m5IjVlqam7_siOjrqnMDYyy8PFOOI1ATejvfMtxvWt7Z7NhZhov8PUBB03q3P7Ji_kFg4_mHSGeakHuUtfKoH95wQjsyFCLQ7fpdz0XGraOwkKvJlY-SQBeE2EK-IR50juuyrBNKFJZTyY8AgGw.LAitht2PIF41Bt-3ejkB3NR28GgIa6vV1ddaWe3aiV8&dib_tag=se&qid=1755801877&refinements=p_n_g-101014971069111%3A119653281011&s=electronics&sr=1-3477,False
"Fellowes 72112 Desktop Organizer, 11 Sections, Wire, 9"" x 11-3/8"" x 8"", Black",Office & School Supplies,True,,Office & School Supplies,Computers & Laptops,14.48,Fellowes,/Fellowes-72112-Desktop-Organizer-Sections/dp/B00004YMY5/ref=sr_1_3460?dib=eyJ2IjoiMSJ9.AlCkoNnJ-tlQbe8qwvObGF_Eo65rTuBQEuc8YPNgPrzFwNTQkHda38z6ZtS_2YalTeoLWxqmM8EQSaeA26htIHsY_cM5E66LseCWrqqV9Z7BBVU27oNnO4p_dkscvKOXO44qs5vXRTQfOUrrcUfbtEp3a4lxdqeggMMYYq_sENy4o3gcXAewg7ZoyBVqT-1-h5DT-cHFki1Y59H63k-4OTVHvw7WJHbQ1vaVB9owFvPxc9yhHlSPRK3f6-PWgMO5KSd1fNu7NSdD7z2SbQUDYFDgT-jon0JB6N9dZFMgSLA.0NPbMW9qzddNd5pHjKtzU1qstycugf2EuJa1lK27KEs&dib_tag=se&qid=1755801863&refinements=p_n_g-101014971069111%3A119653281011&s=electronics&sr=1-3460,True
"Samsung Galaxy Watch Ultra (2025) 47mm LTE Smartwatch, Titanium Casing, Advanced Sleep Coaching, Running Coach, Energy Score, Heart Rate Tracking, GPS, Titanium Silver [US Version, 2 Yr Warranty]",Smart Home & Wearables,True,,Phone & Tablet Accessories,Phone & Tablet Accessories,649.99,Samsung,/Samsung-Smartwatch-Titanium-Advanced-Coaching/dp/B0F7Q4L81N/ref=sr_1_3500?dib=eyJ2IjoiMSJ9.eECnGwVI8qfGP9yRxjxppvOXQcG_aHfBDA9eJcfvxp8iM13FTDXmva8kZ-vcxh1OSXFAmG8VhbT9RjFsgpZgWKm7rdzFjybg8uIvhdBAUpi32T9Fb5nBJmp3gQpkD2K7Z0Q7UhcXPOex8JYRhLDKkF2lduI-k_FtlIhnmxK1lrTjh8tCyuO1P9EDxPMA8BP5NjnMOvhg2y-yEfmHmy7ePEHzmQcVxwDGKQEK2GxRy9C6jvi3drFfxgz8ZPTNMDZYQ99MdTmJWFYOTUgMyZnaAubhllfsq-ZjT0H_WzkNNF8.YRD8CLzc81NsaFoIA2rVAaio4k8lTF2Yx_9yncs4-5Y&dib_tag=se&qid=1755801890&refinements=p_n_g-101014971069111%3A119653281011&s=electronics&sr=1-3500,False
"Avery Printable Heat Transfer Paper for Dark Fabrics, 8.5"" x 11"", Inkjet Printer Compatible, 5 Sheets of Iron On Transfer Paper, Great for Custom Shirts, Uniforms, Gifts, and More (3279)",Printers & Ink,False,"craft heat-transfer paper for inkjet printers, borderline printer paper vs non-electronics",Printers & Ink,Office & School Supplies,12.96,Avery,/Avery-Inkjet-Transfer-Fabrics-Transfers/dp/B0000C0CIR/ref=sr_1_3494?dib=eyJ2IjoiMSJ9.eECnGwVI8qfGP9yRxjxppvOXQcG_aHfBDA9eJcfvxp8iM13FTDXmva8kZ-vcxh1OSXFAmG8VhbT9RjFsgpZgWKm7rdzFjybg8uIvhdBAUpi32T9Fb5nBJmp3gQpkD2K7Z0Q7UhcXPOex8JYRhLDKkF2lduI-k_FtlIhnmxK1lrTjh8tCyuO1P9EDxPMA8BP5NjnMOvhg2y-yEfmHmy7ePEHzmQcVxwDGKQEK2GxRy9C6jvi3drFfxgz8ZPTNMDZYQ99MdTmJWFYOTUgMyZnaAubhllfsq-ZjT0H_WzkNNF8.YRD8CLzc81NsaFoIA2rVAaio4k8lTF2Yx_9yncs4-5Y&dib_tag=se&qid=1755801890&refinements=p_n_g-101014971069111%3A119653281011&s=electronics&sr=1-3494,True
SAMSUNG Galaxy Buds Pro 3 R630 (Renewed),Audio,True,,Audio,Phone & Tablet Accessories,,Samsung,/SAMSUNG-Galaxy-Buds-Pro-Renewed/dp/B0DRPT5XJV/ref=sr_1_3493?dib=eyJ2IjoiMSJ9.eECnGwVI8qfGP9yRxjxppvOXQcG_aHfBDA9eJcfvxp8iM13FTDXmva8kZ-vcxh1OSXFAmG8VhbT9RjFsgpZgWKm7rdzFjybg8uIvhdBAUpi32T9Fb5nBJmp3gQpkD2K7Z0Q7UhcXPOex8JYRhLDKkF2lduI-k_FtlIhnmxK1lrTjh8tCyuO1P9EDxPMA8BP5NjnMOvhg2y-yEfmHmy7ePEHzmQcVxwDGKQEK2GxRy9C6jvi3drFfxgz8ZPTNMDZYQ99MdTmJWFYOTUgMyZnaAubhllfsq-ZjT0H_WzkNNF8.YRD8CLzc81NsaFoIA2rVAaio4k8lTF2Yx_9yncs4-5Y&dib_tag=se&qid=1755801890&refinements=p_n_g-101014971069111%3A119653281011&s=electronics&sr=1-3493,True
"Tamron 28-200 F/2.8-5.6 Di III RXD for Sony Mirrorless Full Frame/APS-C E-Mount, Model Number: AFA071S700, Black",Cameras & Photography,True,,Other,Other,799.0,Tamron,/Tamron-28-200-2-8-5-6-Mirrorless-Mount/dp/B08B34HWKV/ref=sr_1_3491?dib=eyJ2IjoiMSJ9.eECnGwVI8qfGP9yRxjxppvOXQcG_aHfBDA9eJcfvxp8iM13FTDXmva8kZ-vcxh1OSXFAmG8VhbT9RjFsgpZgWKm7rdzFjybg8uIvhdBAUpi32T9Fb5nBJmp3gQpkD2K7Z0Q7UhcXPOex8JYRhLDKkF2lduI-k_FtlIhnmxK1lrTjh8tCyuO1P9EDxPMA8BP5NjnMOvhg2y-yEfmHmy7ePEHzmQcVxwDGKQEK2GxRy9C6jvi3drFfxgz8ZPTNMDZYQ99MdTmJWFYOTUgMyZnaAubhllfsq-ZjT0H_WzkNNF8.YRD8CLzc81NsaFoIA2rVAaio4k8lTF2Yx_9yncs4-5Y&dib_tag=se&qid=1755801890&refinements=p_n_g-101014971069111%3A119653281011&s=electronics&sr=1-3491,False
"Woods E103 E-103 Wheel, Holds Up to 150 16/3 Extension 125 Feet of 14/3 Gauge Cord, Holiday, Rope, Hose Reel Storage and Light Wire, Heavy Duty Plastic, red and black",Non-Electronics,False,"generic cord/rope/hose storage reel, not an electronic product itself",Other,Other,23.14,Woods,/Woods-E103-Extension-Holiday-Storage/dp/B000E8SWQM/ref=sr_1_3417?dib=eyJ2IjoiMSJ9.WiACAKQXberBOnAIYbwjQH8jE380Ntuw3lePY01bwjUl0NOaY1j8nG1AI0ECVUx6zaaPkfmN-2Ehkan2Y278bJMyZVWG8Yiznu919cBDWBc-7742iWO6HWtbW_OttzKgUUWlUyGNp0p7gWeEbQSQyMYaz_A2mQmm6wn0KBo-RtNPAZfFl8dl_UNzJMa7oCQNpIbFxN5Aq_G7NxGVprVv0VZjqO1T7hkxEZorNDu_gWMzn09o-xOYp_bpVC5-R8vsP_FiE5DqYtMC3lT4v5vEZ-4JcYsq17CCz-FLJyqaYLY.tCXccaWl6DZioL7_G0TGNs8rxCllq34IG6t6RvvAhI8&dib_tag=se&qid=1755801852&refinements=p_n_g-101014971069111%3A119653281011&s=electronics&sr=1-3417,False
"Mighty Mule Wireless Digital Keypad (FM137), Black, 25",Smart Home & Wearables,True,,Keyboards & Mice,Other,49.97,Mighty,/Mighty-Mule-Wireless-Digital-FM137/dp/B0002YP96Y/ref=sr_1_3404?dib=eyJ2IjoiMSJ9.H_b2vDA0Ukp0BTg_LO7hEv9TFvRKv7KsM-LY4BjsZBlJDENAgb_N9WpyAlbEVgiBiknABSabYTk9svM4FBD3WQxUNOqRYSZgb-mQAOc3w5G1y_4XfFDKfT4-BGz-StPIOWnUsg0mvNH9hTlW_8XCa1q9bzGgw8_LRfzmlrsbBccjZcuAomJ5zy4Obt3M4zd39Tqu9o18fVGb63UdHK8QXU3PV3zKgKz72wR8xt2E4ykpNEMXE6H8Z7QLFMUVq6QGyVkDXrTVgnFnMileP1XicvmXNIIGeZcwZ6nAIC86JIw.k6chG0O9FcBGM9OckMCTdktFn1KXahZfTRt14jo9hug&dib_tag=se&qid=1755801840&refinements=p_n_g-101014971069111%3A119653281011&s=electronics&sr=1-3404,False
"SENNHEISER In- Ear Audio Monitor, Clear, Wired (508941)",Audio,True,,Audio,Monitors & Displays,,Sennheiser,/Sennheiser-Pro-Clear-Universal-Monitor/dp/B08TCKRRMD/ref=sr_1_3391?dib=eyJ2IjoiMSJ9.H_b2vDA0Ukp0BTg_LO7hEv9TFvRKv7KsM-LY4BjsZBlJDENAgb_N9WpyAlbEVgiBiknABSabYTk9svM4FBD3WQxUNOqRYSZgb-mQAOc3w5G1y_4XfFDKfT4-BGz-StPIOWnUsg0mvNH9hTlW_8XCa1q9bzGgw8_LRfzmlrsbBccjZcuAomJ5zy4Obt3M4zd39Tqu9o18fVGb63UdHK8QXU3PV3zKgKz72wR8xt2E4ykpNEMXE6H8Z7QLFMUVq6QGyVkDXrTVgnFnMileP1XicvmXNIIGeZcwZ6nAIC86JIw.k6chG0O9FcBGM9OckMCTdktFn1KXahZfTRt14jo9hug&dib_tag=se&qid=1755801840&refinements=p_n_g-101014971069111%3A119653281011&s=electronics&sr=1-3391,True
"JLab Go Work Wireless Headsets with Microphone, 45+ Playtime PC Bluetooth Headset and Multipoint Connect to Laptop Computer and Mobile, Wired or Wireless Headphones (1 Pack)",Audio,True,,Audio,Computers & Laptops,,Jlab,/Wireless-Headphones-Bluetooth-Multipoint-Playtime/dp/B09674F2X6/ref=sr_1_3447?dib=eyJ2IjoiMSJ9.AlCkoNnJ-tlQbe8qwvObGF_Eo65rTuBQEuc8YPNgPrzFwNTQkHda38z6ZtS_2YalTeoLWxqmM8EQSaeA26htIHsY_cM5E66LseCWrqqV9Z7BBVU27oNnO4p_dkscvKOXO44qs5vXRTQfOUrrcUfbtEp3a4lxdqeggMMYYq_sENy4o3gcXAewg7ZoyBVqT-1-h5DT-cHFki1Y59H63k-4OTVHvw7WJHbQ1vaVB9owFvPxc9yhHlSPRK3f6-PWgMO5KSd1fNu7NSdD7z2SbQUDYFDgT-jon0JB6N9dZFMgSLA.0NPbMW9qzddNd5pHjKtzU1qstycugf2EuJa1lK27KEs&dib_tag=se&qid=1755801863&refinements=p_n_g-101014971069111%3A119653281011&s=electronics&sr=1-3447,True
"Amazon Basics Micro HDMI to HDMI Display Cable, 18Gbps High-Speed, 4K@60Hz, 2160p, 48-Bit Color, Ethernet Ready, 6 Foot, Black",Cables & Charging,True,,Monitors & Displays,Monitors & Displays,6.99,Amazon,/Amazon-Basics-Display-High-Speed-Ethernet/dp/B07KSDB25X/ref=sr_1_3587?dib=eyJ2IjoiMSJ9.nFGDoVabI1_nOpuM0DWKgRDVCpMnB79xiHq5D9MNr3pmTQJe9mAkNXxJY7s8Uv9IRr6YIFycMrj6sdCeOI9zhF5NyyVRrK8BWl82TaTcBD49yQzu-ohCPw_1V4ydGOxl68F8yHQ-0GZzRFO_qpnGKLxPMK6zqBthf3xEXfvnA2NqpIodThjmIV98oNqpHL0flNUCb2kwhKznrHx4jeRtE9D6KlxHt8IPx_uD1kOs5BB_kRj_DvIdgtOVr7EEHPAJe2i7_fXahIuQeoLGpHnE-B8M6v9NhZbE4_XZ1aQnRik.RdgogqckEAh6rKLQ8D7BWydbUBAuuhXAbZO9vZL6y1o&dib_tag=se&qid=1755801942&refinements=p_n_g-101014971069111%3A119653281011&s=electronics&sr=1-3587,False
"Pendaflex Heavy Duty Expanding File with Extra-Thick Cover, Tyvek Reinforced Edges, 21 Pockets, A–Z Tabs, Elastic Cord Closure, Letter Size (R117ALHD),Brown",Office & School Supplies,True,,Other,Other,13.8,Pendaflex,/Pendaflex-Expanding-Extra-Thick-Reinforced-R117ALHD/dp/B000FD9YHM/ref=sr_1_3602?dib=eyJ2IjoiMSJ9.nFGDoVabI1_nOpuM0DWKgRDVCpMnB79xiHq5D9MNr3pmTQJe9mAkNXxJY7s8Uv9IRr6YIFycMrj6sdCeOI9zhF5NyyVRrK8BWl82TaTcBD49yQzu-ohCPw_1V4ydGOxl68F8yHQ-0GZzRFO_qpnGKLxPMK6zqBthf3xEXfvnA2NqpIodThjmIV98oNqpHL0flNUCb2kwhKznrHx4jeRtE9D6KlxHt8IPx_uD1kOs5BB_kRj_DvIdgtOVr7EEHPAJe2i7_fXahIuQeoLGpHnE-B8M6v9NhZbE4_XZ1aQnRik.RdgogqckEAh6rKLQ8D7BWydbUBAuuhXAbZO9vZL6y1o&dib_tag=se&qid=1755801942&refinements=p_n_g-101014971069111%3A119653281011&s=electronics&sr=1-3602,False
Thrustmaster T-Flight Hotas X (Compatible with PC),Gaming,True,,Gaming,Other,74.24,Thrustmaster,/Thrustmaster-T-Flight-Hotas-Flight-Stick-PC/dp/B001CXYMFS/ref=sr_1_3583?dib=eyJ2IjoiMSJ9.nFGDoVabI1_nOpuM0DWKgRDVCpMnB79xiHq5D9MNr3pmTQJe9mAkNXxJY7s8Uv9IRr6YIFycMrj6sdCeOI9zhF5NyyVRrK8BWl82TaTcBD49yQzu-ohCPw_1V4ydGOxl68F8yHQ-0GZzRFO_qpnGKLxPMK6zqBthf3xEXfvnA2NqpIodThjmIV98oNqpHL0flNUCb2kwhKznrHx4jeRtE9D6KlxHt8IPx_uD1kOs5BB_kRj_DvIdgtOVr7EEHPAJe2i7_fXahIuQeoLGpHnE-B8M6v9NhZbE4_XZ1aQnRik.RdgogqckEAh6rKLQ8D7BWydbUBAuuhXAbZO9vZL6y1o&dib_tag=se&qid=1755801942&refinements=p_n_g-101014971069111%3A119653281011&s=electronics&sr=1-3583,True
Ubiquiti Networks 2 Pack NBE-5AC-GEN2 NanoBeam ac Gen2 airMAX ac CPE with Dedicated Management Radio,Networking,True,,Networking,Audio,,Ubiquiti,/Ubiquiti-Networks-NBE-5AC-GEN2-Dedicated-Management/dp/B07NGHC8RC/ref=sr_1_3529?dib=eyJ2IjoiMSJ9.CPoXhCXhrDUH6_rIIyEQ-By0EGlXSF0zMM_Thc2109p7aWf324W4JYj07UkOPk4f_P8VK2PR3ujoh77EKMh-FlmGeBflTl8AomQ1XNXiBbce2k4utLippVEwc3_rNWOP0E1JBhjuLCengnBZ6ldWH7BpKrDOuEy3SueR-vYb1lmD4vmpWCeQAQCsWoi5ULS8OP_XJvBGeQMBxmJJx1QwLkT2YytWeXtXsCMqCbC9yoe2VCG9qxI2p9ynkeQ5SN5ZewiblaoMqLZL3gDTnXVCSXfjvg8P3lGpcPoISb3PBJA.QhNeTRDmnLnkNe-2gaLREbnke0EJZa5R0540uMtlkFA&dib_tag=se&qid=1755801901&refinements=p_n_g-101014971069111%3A119653281011&s=electronics&sr=1-3529,True
TP-Link Litewave 5 Port Gigabit Ethernet Switch | Desktop Ethernet Splitter | Unshielded Network Switch | Plug & Play | Fanless Quiet | Unmanaged (LS1005G),Networking,True,,Computers & Laptops,Computers & Laptops,9.99,Tp-Link,/TP-Link-5-Port-Gigabit-Network-Switch/dp/B0863M7C1L/ref=sr_1_3559?dib=eyJ2IjoiMSJ9.K2vVN7YXrSq-cUVrHEw3On23G7qmvSRGp9We97-lWLwdMITgKi1tACYV01HE0VkesDkn_XHc_zMsdqeynEtPhOR-ZvY1a-FwZPQNA63kYekrD3ZZvfAS3TsQWgYy3NDAiZpEWHuqeryYMsBh_ZsAgwzrxCZs_Y4oUxQUYyHnAdTKyMIGBQ2bVv6Pr22XkZcAVqFWTvjDpwVmZHHmiHZ_JdLgjVTEZKAyZxittKXtPxY-rNsrDimQ3Qax9j_ZWiXtdpx7pUCfhyIBRhgB6JuhW22qdh1ZcxWwcOOuJNCS3bE.0q0kTSRCRG3K4b2PusGaiOiSxNfNutS8VgkVe__KUWs&dib_tag=se&qid=1755801928&refinements=p_n_g-101014971069111%3A119653281011&s=electronics&sr=1-3559,False
"Samsung 32-Inch Class QLED Q8F 4K UHD Smart TV (2025 Model) Q4 AI Processor, 100% Color Volume with Quantum Dot, AirSlim Design, Endless Free Content, Samsung Vision AI, Alexa Built-in",TV & Home Entertainment,True,,TV & Home Entertainment,Computers & Laptops,497.99,Samsung,/Samsung-32-Inch-Processor-Quantum-AirSlim/dp/B0DXMQW3BF/ref=sr_1_3561?dib=eyJ2IjoiMSJ9.K2vVN7YXrSq-cUVrHEw3On23G7qmvSRGp9We97-lWLwdMITgKi1tACYV01HE0VkesDkn_XHc_zMsdqeynEtPhOR-ZvY1a-FwZPQNA63kYekrD3ZZvfAS3TsQWgYy3NDAiZpEWHuqeryYMsBh_ZsAgwzrxCZs_Y4oUxQUYyHnAdTKyMIGBQ2bVv6Pr22XkZcAVqFWTvjDpwVmZHHmiHZ_JdLgjVTEZKAyZxittKXtPxY-rNsrDimQ3Qax9j_ZWiXtdpx7pUCfhyIBRhgB6JuhW22qdh1ZcxWwcOOuJNCS3bE.0q0kTSRCRG3K4b2PusGaiOiSxNfNutS8VgkVe__KUWs&dib_tag=se&qid=1755801928&refinements=p_n_g-101014971069111%3A119653281011&s=electronics&sr=1-3561,True
"Samsung Galaxy Tab Active4 Pro 10.1” 64GB Wi-Fi Android Work Tablet, LTE Unlocked, 4GB RAM, Rugged Design, Sensitive Touchscreen, Long-Battery Life-for Workers, SM-T630NZKAN20, Black",Phone & Tablet Accessories,True,,Networking,Computers & Laptops,478.14,Samsung,/SAMSUNG-Galaxy-TabActive4-Pro-10-1-Android-Work-Tablet-Sensitive-Touchscreen-Long-Battery-Life/dp/B0BBT3867D/ref=sr_1_3726?dib=eyJ2IjoiMSJ9._N-24hSh6MyC3whJKH6U1tuDhsjgLBn7AqExnUaU71cMvPgfUeB8B_SzJ8MZqj4WjktIo6rm-L9FJOH7KoB8PwOsfysOaBTRuGqG3fsjMH-TjXX9NvsdYh6XatwAvwc3HQogoDZpKtemj57SbsG_14WoxRmNZiROvezZ_fryYdOB6ADFLvGYhsCyCve2OEC8J-I0bQn-zx24UiqtCoMOxl-gRDUIxWVQPRHG_UcTRd2TRnNFkDUaFAepGp6rMB6iXHxGFO0EAbOibczy9fompO9Cnn-OS_eIDzifku05hVs.NCsRi0TMwmPX1HfjyDeai3zUSsWVmyozqFE07ezq4hM&dib_tag=se&qid=1755802003&refinements=p_n_g-101014971069111%3A119653281011&s=electronics&sr=1-3726,False
"Shure by Gator Premium Low-Profile Desktop Mic Boom Stand; Fully Adjustable for Podcast, Streaming, and Home Office Setups (SH-BROADCAST2)",Audio,True,,Audio,Computers & Laptops,129.99,Shure,/Gator-Low-Profile-Adjustable-Streaming-SH-BROADCAST2/dp/B0DKQLMT7W/ref=sr_1_3687?dib=eyJ2IjoiMSJ9.sKSQo1rDOdQQgMtFG7nGJZTxUiI9-AOsDURfjLizNbsknjkMdr8NcR2xFS1QCiVqg3bsixHkSW1_cLLWvqbpJ6gMEjaQrTN5LyigTP0ZBjMyxLB6r7JatRLYOIbusgv3GQPbZUBfb_N7uxtPRCm2tN5rqMveDydBNEEt1BHSHQLuDobOq5VLW7fzgehqBhEIQNgspUB6c8rJKEPD6PCs2fetUzzU9PFHTj4SKgFdt2420ywiUeekVMbDwSN9IlftZEXAq5KFKUyLdGIJF3pjnZrMOL2DnKl6XFdHboPiGJQ.utruOHVc3K53PPuRc8B0tZsWM2ADv8XqlYbSNj3Mj2Y&dib_tag=se&qid=1755801991&refinements=p_n_g-101014971069111%3A119653281011&s=electronics&sr=1-3687,True
"SAMSUNG Galaxy Tab Active5 Wi-Fi 8” 128GB Android Tablet for Industrial, Field Work, Advanced Security, Rugged Design, US Version, 2024, SM-X300NZGAN20, Black Green",Phone & Tablet Accessories,True,,Phone & Tablet Accessories,Phone & Tablet Accessories,384.99,Samsung,/SAMSUNG-Enterprise-Industrial-Advanced-SM-X300NZGAN20/dp/B0CT1XBBY6/ref=sr_1_3663?dib=eyJ2IjoiMSJ9.oDJgoZaVSD4F8ASYRf4efZ2yG3eH5t_VmUP0TudVBHhlbPdSMsLOzLjtYUkKKjugbSj1w_0W_dBtpzfzGa-y_7xrwl2gNm0sAXnT34Ok3DPYC8V486AqOjzL1VvW1fDDV-BuFDXp5ufXX4Yivq7queEeLWUBxsnfp9RuO-trliguhx28KB6jOUBSth_n7uin-Hlb3A31TSXu0jSSpPrBbBzto0SK9bB3bJLZMRQ8mLoa6Y_Ng1rxFLsPzsaJegH5135t5bQAXeq6HsGABSCxhhnSQKbTm3ojLPLfSLoVo-I.yqthvvyi3KTgONlRuPe_QwLujXsX31HC6Q5R-YZw_Ww&dib_tag=se&qid=1755801977&refinements=p_n_g-101014971069111%3A119653281011&s=electronics&sr=1-3663,True
SanDisk 1TB Ultra Dual Drive Luxe USB Type-C - Up to 400MB/s - SDDDC4-1T00-GAM46,Storage & Memory Cards,True,,Storage & Memory Cards,Other,81.25,Sandisk,/SanDisk-Ultra-Drive-Type-C-SDDDC4-1T00-GAM46/dp/B0CLBNMBK2/ref=sr_1_3678?dib=eyJ2IjoiMSJ9.sKSQo1rDOdQQgMtFG7nGJZTxUiI9-AOsDURfjLizNbsknjkMdr8NcR2xFS1QCiVqg3bsixHkSW1_cLLWvqbpJ6gMEjaQrTN5LyigTP0ZBjMyxLB6r7JatRLYOIbusgv3GQPbZUBfb_N7uxtPRCm2tN5rqMveDydBNEEt1BHSHQLuDobOq5VLW7fzgehqBhEIQNgspUB6c8rJKEPD6PCs2fetUzzU9PFHTj4SKgFdt2420ywiUeekVMbDwSN9IlftZEXAq5KFKUyLdGIJF3pjnZrMOL2DnKl6XFdHboPiGJQ.utruOHVc3K53PPuRc8B0tZsWM2ADv8XqlYbSNj3Mj2Y&dib_tag=se&qid=1755801991&refinements=p_n_g-101014971069111%3A119653281011&s=electronics&sr=1-3678,True
"Hisense PX3-PRO Ultra Short Throw Triple Laser Projector, 4K UHD, 80” – 150”, 3,000 Lumens, 3000:1 Contrast, Dolby Vision & Atmos, IMAX Enhanced, 240 High Refresh Rate, Google TV, Designed for Xbox",TV & Home Entertainment,True,,TV & Home Entertainment,TV & Home Entertainment,3497.97,Hisense,/Hisense-Laser-PX3-PRO-Projector-Contrast/dp/B0DGHZ1C8V/ref=sr_1_3817?dib=eyJ2IjoiMSJ9.yVIeaHN89w6YvFFLPLTsW-9JzVxcN3FW6DO07brPRMxV7Os_Zcbq4IsutFXjmuwqkX5YvvXljd4c0Nt26yVmgwp0bzBVfGfRsgINsl1y4jRNKLoU5WRjiaMK9CX70b7OXiTElCq_lsQU7ePe1QVBzFiEFwqLJIR4cPhAMmXeOI6M7LA7LNfqhtTMdYIXWymHASLe12okyZGetKqwUblXTKnkoD6b0xsIF8Dy3XyYLeviv528aoEz2dG4dobCt3mGXwggxdEXyOq-x2ISaeUzs9Og34wA9uCUsJjsNAuUBt0.Vl_nQr4EFs9f2-yBAo4AK4S11EDzpU7kMhXqZ6rHNP0&dib_tag=se&qid=1755802056&refinements=p_n_g-101014971069111%3A119653281011&s=electronics&sr=1-3817,True
"Amazon Basics 12W (5V, 2.4A) Fast Charging Car Charger with Coiled Lightning Cable for iPhone, iPad and Apple Devices, 1.5 ft - Black",Cables & Charging,True,,Other,Cables & Charging,9.63,Amazon,/AmazonBasics-Coiled-Cable-Lightning-Charger/dp/B071KBYFKS/ref=sr_1_3821?dib=eyJ2IjoiMSJ9.9M6kTEa7Hf0N29Uhg1bpo6hyHCXutfc09QhgrexpGIsk-FaP3P8bx8sL7EcreRp-WZaKnoHFWPq-z1_4hZv3MlkfUeCEE3Nfl6d5gMNCqp4RMFR3QVYGpNc9yTYpVFmMPt76U6QVWpO4GIWyg-AqPO_FQUBzbhVktwSXOx3NURh0M3hlujDbETJfhbbcYGrE66lNCQImAbm5VvvucQ3R9rBYL16mN_LN2PcTPsnH31fJ_-vfYtES0kUmLo8NT4TfXrWsqlUnJGxIh49a0sPhpNCD0nxaxJrIucN-GxYAsH8.QEdXeO4EcnyYWfnvLC9YxYlqDfFVkh4bQhtTTf7KqWM&dib_tag=se&qid=1755802067&refinements=p_n_g-101014971069111%3A119653281011&s=electronics&sr=1-3821,False
"Burt's Bees Back To School Dorm Essentials, Cucumber & Mint Face Wipes, for All Skin Types, Refreshing Makeup Remover & Facial Cleansing Towelettes, 30 Ct. (3-Pack)",Non-Electronics,True,,Other,Other,16.47,Burt'S,,False
"DJI Osmo Action Mini Extension Rod, Compatible with Osmo Action 5 Pro, Osmo Action 4, Osmo Action 3",Cameras & Photography,True,,Cameras & Photography,Other,39.0,Dji,/DJI-Osmo-Action-Extension-Compatible/dp/B0C6F5CJM8/ref=sr_1_3753?dib=eyJ2IjoiMSJ9.bYwVDsybLJMR97JGlcyDL_FI2iBJ4u40-J7sXqzYjjTSei4663pzpcPJul5256cSG5eSlT_3XwGH322XLIMee7cUFHpkb7X0kL4iyjCqyRPbt10Aa-3SSxSrmDn9OSpr5zZ-NLK3SuO8x3yBogJ0rL0XW4NNey2LvtgVfxneR-S978gMADHPgRH-N8c5x-OzGjhwrpdM8RB8LABBeajUrYEvSSiYlcjOGpXT9Yv8TH0VjmCkKoL7IyfYGshDp5qy4P5ecc02DYcqj3X-VlN6HAfoi8BCjpX9qiZ7FkFhQJU.aN46o0aHTfcNBA5m4SnBIhuKq4zCPWFk41qD2OTV1g8&dib_tag=se&qid=1755802027&refinements=p_n_g-101014971069111%3A119653281011&s=electronics&sr=1-3753,True
"Streamlight 61125 ClipMate 70-Lumen USB Rechargeable Clip-On Light, with White and Red LEDs, Black",Other,False,"USB rechargeable clip-on LED light, no clear category",Other,Other,,Streamlight,/Streamlight-61125-ClipMate-Rechargeable-Clip/dp/B00HZAX7YO/ref=sr_1_3751?dib=eyJ2IjoiMSJ9.bYwVDsybLJMR97JGlcyDL_FI2iBJ4u40-J7sXqzYjjTSei4663pzpcPJul5256cSG5eSlT_3XwGH322XLIMee7cUFHpkb7X0kL4iyjCqyRPbt10Aa-3SSxSrmDn9OSpr5zZ-NLK3SuO8x3yBogJ0rL0XW4NNey2LvtgVfxneR-S978gMADHPgRH-N8c5x-OzGjhwrpdM8RB8LABBeajUrYEvSSiYlcjOGpXT9Yv8TH0VjmCkKoL7IyfYGshDp5qy4P5ecc02DYcqj3X-VlN6HAfoi8BCjpX9qiZ7FkFhQJU.aN46o0aHTfcNBA5m4SnBIhuKq4zCPWFk41qD2OTV1g8&dib_tag=se&qid=1755802027&refinements=p_n_g-101014971069111%3A119653281011&s=electronics&sr=1-3751,True
"Belkin USB C to USB C Cable ​2-Pack, 6.6ft, 240W - Type C Charger, iPhone Charger Cord, Soft, Braided, Flexible for iPhone 16, Galaxy S25, Pixel 9, MacBook, Chromebook, iPad Pro, Switch – Black",Cables & Charging,True,,Cables & Charging,Phone & Tablet Accessories,21.63,Belkin,/Belkin-Cable-2-Pack-6-6ft-240W/dp/B0F63YPTL5/ref=sr_1_3782?dib=eyJ2IjoiMSJ9.MftecusJ4wi18leMBqGnXWsuop1ffnfEZR2AoELyafQMriLZ_1-zlpOAq8mDECxkzgDQK3HMbUsTTPT--MsAqwecj4yaSVoWB5-fP9XWSRn8rR1CbQUGM_DnYy18udQsI8UtNyzWKZPwDcyKcg-b3RLI4p88XYtp5RucKhc2JPKENjmI9G0fp0Ft5_WyGuqUMM0yE6cV7FxUP4M0Jbrh_HTPh_0Sae4V7my0Bwb-xn6v00xSTn0YfoZIvMKJ3gXmrLHwaOnxKyXdpIFG6zEL85iRw2nCe_Sj7FWVWy4pC9k.3jWaE4FqGgLuASBfKKO6cdUCBXFECclfVdaMQlkc27o&dib_tag=se&qid=1755802041&refinements=p_n_g-101014971069111%3A119653281011&s=electronics&sr=1-3782,True
Logitech MX Ergo Plus Advanced Wireless Trackball for PC and MAC with Extra 10° Wedge,Keyboards & Mice,True,,Keyboards & Mice,Other,89.9,Logitech,/Logitech-MX-ERGO-Wireless-Trackball/dp/B0768M8B5J/ref=sr_1_3776?dib=eyJ2IjoiMSJ9.MftecusJ4wi18leMBqGnXWsuop1ffnfEZR2AoELyafQMriLZ_1-zlpOAq8mDECxkzgDQK3HMbUsTTPT--MsAqwecj4yaSVoWB5-fP9XWSRn8rR1CbQUGM_DnYy18udQsI8UtNyzWKZPwDcyKcg-b3RLI4p88XYtp5RucKhc2JPKENjmI9G0fp0Ft5_WyGuqUMM0yE6cV7FxUP4M0Jbrh_HTPh_0Sae4V7my0Bwb-xn6v00xSTn0YfoZIvMKJ3gXmrLHwaOnxKyXdpIFG6zEL85iRw2nCe_Sj7FWVWy4pC9k.3jWaE4FqGgLuASBfKKO6cdUCBXFECclfVdaMQlkc27o&dib_tag=se&qid=1755802041&refinements=p_n_g-101014971069111%3A119653281011&s=electronics&sr=1-3776,True
"Samsung 50-Inch Class The Frame LS03F 4K QLED Smart TV (2025 Model) Modern Frame Design, NQ4 AI Gen2 Processor, Art Mode, Artful Picture Quality, Samsung Vision AI, Alexa Built-in",TV & Home Entertainment,True,,TV & Home Entertainment,Computers & Laptops,,Samsung,/Samsung-50-Inch-Processor-Picture-Quality/dp/B0DXN782YK/ref=sr_1_3936?dib=eyJ2IjoiMSJ9.00Wqsdnxn5vcKWDfIdvaGJgCzG3kqpbJijhdqNFne_LnTecYFTK9yN7rkDmO75cq8FY22PB5yCoEpjcV_sq0ENcA5cNxERGDJt-G8vxH3BJcwrvBZPNNmvw_CTAUL8YSqIAtQNs6lNLJy1Xg5S2-04ytGoQB8oV4g7faQinN0L29b9GAwrs9fuUHySq5i24sibXdKyY6VzGGmhIe2Q1oeYNwWf5Qi2hWQOGxTYYrh_JeHdjiG689ebymZbB13N6p6fsPnHOTm1k4byfZoZF5-39s3BVFR4xjSa_Iq4yYPBo.Sc4nhZAx99fejELnMSyRnG2bcvve2MvoqsmLPfyhuFM&dib_tag=se&qid=1755802116&refinements=p_n_g-101014971069111%3A119653281011&s=electronics&sr=1-3936,True
ARCTIC Case Fan Hub - 10-fold PWM Fan Distributor with SATA Power - Black,Computers & Laptops,True,,Computers & Laptops,Computers & Laptops,9.78,Arctic,/ARCTIC-Case-Fan-Hub-Distributor/dp/B0887VG14J/ref=sr_1_3903?dib=eyJ2IjoiMSJ9.1__4lRe2SrT9mDH2pENb6z8BqTJqRLIyp1Z4PpV1G-n7TQGp7NBU87ycapn2-mIHI8WkkQ6DHhQerq7gqAiS6b2i4oMjs1t0DcqZxbILoyOrfv33qMikvNIR2XgFGePJHbcl7IcCb7wRWavvrh6YwfT6v6BBuy8Wq0Y2xqS9HjxDd_q1YpmY5BXGvrbHHyLwXkiKsNyY_m6Oj0sPK7y8OzAGTPzemgCKUZM67Gpf6eEZopjiu4e7cUCTgGQRJvWAS8flzM7vvTtbxFubWHwi8JgTVcJE6Hy0GGKM79Tfkxk.iNCwLX2-6LJPOhWLdhflIyvKTi-OQnZic5QdPa0cqME&dib_tag=se&qid=1755802104&refinements=p_n_g-101014971069111%3A119653281011&s=electronics&sr=1-3903,True
Texas Instruments TI- 84Plus CE Teacher's 10 Pack Graphing Calculator,Office & School Supplies,True,,Office & School Supplies,Office & School Supplies,1500.61,Texas Instruments,/Texas-Instruments-Teachers-Graphing-Calculator/dp/B00TFYYM6A/ref=sr_1_3864?dib=eyJ2IjoiMSJ9.eUAavPIal9LhqKBfe3XyD9v0Cbmo0Hv3j5h6mNY_R8BegfPHhLFeUnge9mQ3dSRIDOWZ1-RXiPPjYn3c1PVceKBwNllDP6i1np2u41yObVKi9ElO4tMRv5UkSL4FBkkZlpPCuSrpeKJtJncmabiLs8NVb_oqiNB3t93cEn-4khBxCOQUz-VMoX-Gf1_OBxNeyk0iw57pasoGTtecrKhaYQeDlfdbEXZylqwqpbQYtjYZpd36fgjEaW9cS1kqjUg-L9iLkhIkUE_UE1Ma6ujBKk8GgViTjo8LdUDja9Q0STw.sgeWLnABqIjj8OlrHK2CsNLDHFwJ6_XUcYuwFBeB_4Y&dib_tag=se&qid=1755802079&refinements=p_n_g-101014971069111%3A119653281011&s=electronics&sr=1-3864,True
SanDisk 8GB Cruzer Blade USB 2.0 Flash Memory Drive SDCZ50-008G (10 Pack),Storage & Memory Cards,True,,Storage & Memory Cards,Other,38.74,Sandisk,/SanDisk-Cruzer-Blade-8GB-SDCZ50-008G/dp/B07D7WFVK5/ref=sr_1_3855?dib=eyJ2IjoiMSJ9.eUAavPIal9LhqKBfe3XyD9v0Cbmo0Hv3j5h6mNY_R8BegfPHhLFeUnge9mQ3dSRIDOWZ1-RXiPPjYn3c1PVceKBwNllDP6i1np2u41yObVKi9ElO4tMRv5UkSL4FBkkZlpPCuSrpeKJtJncmabiLs8NVb_oqiNB3t93cEn-4khBxCOQUz-VMoX-Gf1_OBxNeyk0iw57pasoGTtecrKhaYQeDlfdbEXZylqwqpbQYtjYZpd36fgjEaW9cS1kqjUg-L9iLkhIkUE_UE1Ma6ujBKk8GgViTjo8LdUDja9Q0STw.sgeWLnABqIjj8OlrHK2CsNLDHFwJ6_XUcYuwFBeB_4Y&dib_tag=se&qid=1755802079&refinements=p_n_g-101014971069111%3A119653281011&s=electronics&sr=1-3855,True
Canon Wireless Remote Control BR-E1,Cameras & Photography,True,,Networking,Cameras & Photography,,Canon,/Canon-Wireless-Remote-Control-BR-E1/dp/B06WGM914S/ref=sr_1_3869?dib=eyJ2IjoiMSJ9.Z21mnROO4pdVq4zFa-RkRfGqdyHxGuU3H3sCtmLBkIlF5793PDvwrAlmM3dpWmMr2-mNtby4OpxXiyi-H96ELXz-I7h28UNnqu-OrR5B41DSSbKuYxGO5QBjcKlODzzDvjTeouZinqkOQn81RLbh1gyVtFjUdrM4Y8raMWRn4KaYb9aE5LJ5bZDlIeVp-CK4-n7NvX-72Ce4FRIGqUsi96o_YNFq1784uE5SK2g_KDzR9od9EdLJSbpxm0VVi7M-iyeZzvJqDO72gw79c6hYKKPtIA7Dd1WJd8CytDGdTrA.GwskDy9Sig7briWy6eKPXm6RCQvkfyb8QwvHqnp4wgc&dib_tag=se&qid=1755802093&refinements=p_n_g-101014971069111%3A119653281011&s=electronics&sr=1-3869,False
"Motorola Solutions, Portable FRS, T210, Talkabout, Two-Way Radios, Rechargeable, 22 Channel, 20 Mile, Black W/Red, 2 Pack",Audio,True,,Phone & Tablet Accessories,Audio,49.99,Motorola,/Motorola-Solutions-T210-Two-Way-Two-Pack/dp/B08P52VVY4/ref=sr_1_3898?dib=eyJ2IjoiMSJ9.1__4lRe2SrT9mDH2pENb6z8BqTJqRLIyp1Z4PpV1G-n7TQGp7NBU87ycapn2-mIHI8WkkQ6DHhQerq7gqAiS6b2i4oMjs1t0DcqZxbILoyOrfv33qMikvNIR2XgFGePJHbcl7IcCb7wRWavvrh6YwfT6v6BBuy8Wq0Y2xqS9HjxDd_q1YpmY5BXGvrbHHyLwXkiKsNyY_m6Oj0sPK7y8OzAGTPzemgCKUZM67Gpf6eEZopjiu4e7cUCTgGQRJvWAS8flzM7vvTtbxFubWHwi8JgTVcJE6Hy0GGKM79Tfkxk.iNCwLX2-6LJPOhWLdhflIyvKTi-OQnZic5QdPa0cqME&dib_tag=se&qid=1755802104&refinements=p_n_g-101014971069111%3A119653281011&s=electronics&sr=1-3898,False
"Apple iPhone 16e, 128GB, eSIM, Black- Unlocked (Renewed Premium)",Phone & Tablet Accessories,True,,Phone & Tablet Accessories,Phone & Tablet Accessories,499.99,Apple,/Apple-iPhone-Unlocked-Renewed-Premium/dp/B0F8NLYCFC/ref=sr_1_3883?dib=eyJ2IjoiMSJ9.Z21mnROO4pdVq4zFa-RkRfGqdyHxGuU3H3sCtmLBkIlF5793PDvwrAlmM3dpWmMr2-mNtby4OpxXiyi-H96ELXz-I7h28UNnqu-OrR5B41DSSbKuYxGO5QBjcKlODzzDvjTeouZinqkOQn81RLbh1gyVtFjUdrM4Y8raMWRn4KaYb9aE5LJ5bZDlIeVp-CK4-n7NvX-72Ce4FRIGqUsi96o_YNFq1784uE5SK2g_KDzR9od9EdLJSbpxm0VVi7M-iyeZzvJqDO72gw79c6hYKKPtIA7Dd1WJd8CytDGdTrA.GwskDy9Sig7briWy6eKPXm6RCQvkfyb8QwvHqnp4wgc&dib_tag=se&qid=1755802093&refinements=p_n_g-101014971069111%3A119653281011&s=electronics&sr=1-3883,True
"Logitech H570e Wired Headset, Mono Headphones with Noise-Cancelling Microphone, USB, In-Line Controls with Mute Button, Indicator LED, PC/Mac/Laptop - Black",Audio,True,,Audio,Computers & Laptops,38.51,Logitech,/Logitech-Headphones-Noise-Cancelling-Microphone-Indicator/dp/B00MUTWMJQ/ref=sr_1_4062?dib=eyJ2IjoiMSJ9.R6IrfGvPmGVB9c5o8dhLmpCFwXseXja9f1nIYjPFhkDUBj7pAiiJRtNiiHcuCPCHHQwO5kRX8LZwmQm_CDSzDLlze2YE755KDPPJzAwjJPyidhSBeHEVXn-InAw_iz0hDTbjs1ALe5fiJhQPf2Lu21Q61VFm3ckUn7Yi9yJT4jfJOcJ9NyfY8quno9296Gbtc_MgCEX4F-PlK9smuosSclK2hneKXXRm_4zKDqq6p4p1hqo8WPd-YEH4bK-FHNT7HJGzpL2YZTCQavgDKYJ-Yk8I4RXQjG-eLEwRk5yu44I.oOUmqNsEROKwOwD8zTHH2WpZsQHLMPREsqeD9SfhYnQ&dib_tag=se&qid=1755802192&refinements=p_n_g-101014971069111%3A119653281011&s=electronics&sr=1-4062,True
"Garmin Approach CT10, Full Set, Automatic Club Tracking System, 14 Sensors, White, 010-01994-00",Other,False,"golf club swing sensors, not worn, no clear category",Other,Other,272.9,Garmin,/Garmin-Approach-CT10-Automatic-010-01994-00/dp/B07C3FBNQ4/ref=sr_1_3979?dib=eyJ2IjoiMSJ9.lloofenxewzHAVDYJ3YHG9cnKp2sTo9UF08EztpYceUzuWJlDq4Wf5YokZstJi9QHxdztyTYR_JSk_fp-kCoMxNQuS22zqGwm1mXw_OWjSH1q-wbDBQZ9m0quN1glqlNd_DIUciOnQsFyEgYW0YijsKmi3nL74A5-NjMlgbDU9Ij5i35JiiKRnO1a155IOKt2Qgda6F7KDusTt6m-kJDtxwsQfvSnvFYe_Alp-hBG5gel3q54mKwr7uezpGf-1EQZfdiGUgnTG8BQEl-YhEL3437_WRPYKBCeU0Eu2UojzM.5LnQfYrVlVSyfG27iMqz4NQu9MgNbLqFpwjXvJs9sQY&dib_tag=se&qid=1755802139&refinements=p_n_g-101014971069111%3A119653281011&s=electronics&sr=1-3979,True
"Sennheiser Consumer Audio IE 200 In-Ear Audiophile Headphones - TrueResponse Transducers for Neutral Sound, Impactful Bass, Detachable Braided Cable with Flexible Ear Hooks - Black",Audio,True,,Audio,Marine & GPS,159.95,Sennheiser,/Sennheiser-200-Ear-Audiophile-Headphones/dp/B0BRPR38JR/ref=sr_1_3968?dib=eyJ2IjoiMSJ9.lloofenxewzHAVDYJ3YHG9cnKp2sTo9UF08EztpYceUzuWJlDq4Wf5YokZstJi9QHxdztyTYR_JSk_fp-kCoMxNQuS22zqGwm1mXw_OWjSH1q-wbDBQZ9m0quN1glqlNd_DIUciOnQsFyEgYW0YijsKmi3nL74A5-NjMlgbDU9Ij5i35JiiKRnO1a155IOKt2Qgda6F7KDusTt6m-kJDtxwsQfvSnvFYe_Alp-hBG5gel3q54mKwr7uezpGf-1EQZfdiGUgnTG8BQEl-YhEL3437_WRPYKBCeU0Eu2UojzM.5LnQfYrVlVSyfG27iMqz4NQu9MgNbLqFpwjXvJs9sQY&dib_tag=se&qid=1755802139&refinements=p_n_g-101014971069111%3A119653281011&s=electronics&sr=1-3968,True
"ZAGG Glass+ Samsung Galaxy S25 Ultra Screen Protector – Extreme Impact & Shatter Protection, Scratch-Resistant, Smudge-Resistant, Fingerprint Scanner Compatible, InvisibleShield, Easy Installation",Phone & Tablet Accessories,True,,Phone & Tablet Accessories,Printers & Ink,31.05,Zagg,/ZAGG-Samsung-Galaxy-Screen-Protector/dp/B0DQ2SN1P6/ref=sr_1_4017?dib=eyJ2IjoiMSJ9.ZMkH9bxzqz_40Kxm0tTPz1VWq0i_QpAdwee2XgHRBQ5EK9XaGMBZ-p7hoRNB0lXKN3s0FEIy5j8srgEpKte0RQ0I2CGC7qO4k6wJGjOECKxmXtsSoOCXkXTnfSRLWvdEmfYA_vFuMK61ao5_RJ1LwmoOMpoztTWYvmeHBFGKJm9XOYyjHtYIPHHWNaGUb3v_NC1gZEezJpk1RPz8HL77ntfRs6Zl_OJgvdj_bCQ6L7nSDou9_mhEACmfKidsvQuggkCpGKzjM52Nh178WEOHXiKKvNmjle_8JIaCvWOvZUw.Q-zG6rfbjY7LkwMpFKQmMWlWLIfTUQY9HM6uEoW511A&dib_tag=se&qid=1755802163&refinements=p_n_g-101014971069111%3A119653281011&s=electronics&sr=1-4017,True
OnePlus 10 Pro | 5G Android Smartphone | 8GB+128GB | U.S. Unlocked | Triple Camera co-Developed with Hasselblad | Volcanic Black,Phone & Tablet Accessories,True,,Phone & Tablet Accessories,Cameras & Photography,297.64,Oneplus,/OnePlus-Smartphone-Unlocked-co-Developed-Hasselblad/dp/B09S8BV4D9/ref=sr_1_4148?dib=eyJ2IjoiMSJ9.s9O3rfjRSry58n2aAv7gvW6Rb4hMUEWLkYdUQNj5aq0mm4P3e9fPclg2s72jtSu8hLpDPdtO2-K73KsBkcdWx1EDPSE-R7_6PSY4IINaiycfZmSvVEmeArNa7vmqg7hflaBjmQlRehhCzVp8DyfymwTuw0he7oeFWrINN53-zrnRXl04eKYeNvhpFVXt26q75vRTElNTCRevLwgzvy-cki0-yufdPXm6stLdtOSkYYgRCR8F7IV9GoJbzqPQ0xuoXyEXzlD3_9aPKhDApRbvv-s72NuES2IwgKwfMXkx-3M.J-9a0WzH4xAmvI_w1shZf1AVloWFM6KDdkI_H0oMuA4&dib_tag=se&qid=1755802229&refinements=p_n_g-101014971069111%3A119653281011&s=electronics&sr=1-4148,True
"VIZIO 40-inch Full HD 1080p Smart TV with DTS Virtual: X, Alexa Compatibility, Chromecast Built-in, Bluetooth Headphone Capable (Renewed)",TV & Home Entertainment,True,,TV & Home Entertainment,Audio,131.1,Vizio,/VIZIO-40-inch-1080p-Virtual-Built/dp/B0D77DF966/ref=sr_1_4136?dib=eyJ2IjoiMSJ9.s9O3rfjRSry58n2aAv7gvW6Rb4hMUEWLkYdUQNj5aq0mm4P3e9fPclg2s72jtSu8hLpDPdtO2-K73KsBkcdWx1EDPSE-R7_6PSY4IINaiycfZmSvVEmeArNa7vmqg7hflaBjmQlRehhCzVp8DyfymwTuw0he7oeFWrINN53-zrnRXl04eKYeNvhpFVXt26q75vRTElNTCRevLwgzvy-cki0-yufdPXm6stLdtOSkYYgRCR8F7IV9GoJbzqPQ0xuoXyEXzlD3_9aPKhDApRbvv-s72NuES2IwgKwfMXkx-3M.J-9a0WzH4xAmvI_w1shZf1AVloWFM6KDdkI_H0oMuA4&dib_tag=se&qid=1755802229&refinements=p_n_g-101014971069111%3A119653281011&s=electronics&sr=1-4136,True
Verbatim CD-R 700MB 52X White Inkjet Hub Printable Recordable Media Disc - 100pk Spindle,Storage & Memory Cards,True,,Printers & Ink,Storage & Memory Cards,23.99,Verbatim,/Verbatim-700MB-Inkjet-Printable-Recordable/dp/B000YTM4XS/ref=sr_1_4171?dib=eyJ2IjoiMSJ9.YafrUsju8ZtnKZ0TxWdoKxpD_etOwsJsoN8sQIOxj05H5GRyFgXByjFFDUava5uwB0SCZUtskxvr8YP5K5on0OLZqGrINlSIYT_0cqAeHbjLnDJX3FDTIelTRc6t2lJaQqwXCT8O2118ymujzd8s5Jsz1ue0uFzkjjHfKQDdehdmRih17v8pmYwpk03Fk9nAhc8mJ2FkkmzpSNKLA18uEnSUJgkWBfffQ36am78orM4i6xKaEb5j7-W-WRk0HPm_cp4Bl0Hs9bmunjJ_e_Q0TLqUslU9w3J03vnR6iBVK98.9hTzAm9ljQ1GRTF6ek-BxJ_C1yagM2Fnhzl898-4vqw&dib_tag=se&qid=1755802240&refinements=p_n_g-101014971069111%3A119653281011&s=electronics&sr=1-4171,False
"SanDisk 256GB Phone Drive for iPhone - Works with iPhone 15 and Newer (USB-C Connector) and iPhone 14 and Older (Lightning Connector), Metallic Sky - SDIXD0N-256G-GN6NE",Storage & Memory Cards,True,,Storage & Memory Cards,Phone & Tablet Accessories,64.99,Sandisk,/SanDisk-256GB-Phone-Drive-iPhone/dp/B0DDQK1F9B/ref=sr_1_4164?dib=eyJ2IjoiMSJ9.YafrUsju8ZtnKZ0TxWdoKxpD_etOwsJsoN8sQIOxj05H5GRyFgXByjFFDUava5uwB0SCZUtskxvr8YP5K5on0OLZqGrINlSIYT_0cqAeHbjLnDJX3FDTIelTRc6t2lJaQqwXCT8O2118ymujzd8s5Jsz1ue0uFzkjjHfKQDdehdmRih17v8pmYwpk03Fk9nAhc8mJ2FkkmzpSNKLA18uEnSUJgkWBfffQ36am78orM4i6xKaEb5j7-W-WRk0HPm_cp4Bl0Hs9bmunjJ_e_Q0TLqUslU9w3J03vnR6iBVK98.9hTzAm9ljQ1GRTF6ek-BxJ_C1yagM2Fnhzl898-4vqw&dib_tag=se&qid=1755802240&refinements=p_n_g-101014971069111%3A119653281011&s=electronics&sr=1-4164,True
"Southwire X-treme Power Distribution Box, Temporary Power Box, 50-Amp, 125/250V, GFCI 6506UGSX",Power Strips & Surge Protectors,True,,Power Strips & Surge Protectors,Power Strips & Surge Protectors,464.49,Southwire,/Southwire-019703R02-6506UGSX-X-TREME-6-Straight/dp/B000289AQK/ref=sr_1_4134?dib=eyJ2IjoiMSJ9.MUQ4U0xF4MzAe0k5VcdYfiw6-0LbnZbexbf1QfdG44GNaYIoBiLqkwLexHQIAHd-lqU5BBIziqvDZ_UrbSR1kCMHXQQ7w5ILGdUwmldXx9o4zBunRUgHFEN7SXyLvJpSyxLvI2CFvabGFEitSfV9KjmwrhES3_Q87IMo7poJfgxv-g9I6qvlb43ntqgjLRECZoAUeG11gS9Xu20IFwHw6SBflGPJLI9XCEZeMh7MEb7UIDZYYmkHi1upty_DKBuf4jMRmKJF52zoGhQrmxsVT1rJQ8MAEjRH6D0BEcsYqvc.pg-r_nJ8m7-wBg9L0EguzH6stWFdSBqN8szaGdWN-nA&dib_tag=se&qid=1755802218&refinements=p_n_g-101014971069111%3A119653281011&s=electronics&sr=1-4134,True
Seasonic Focus V4 GX-850 (ATX3) - 850W - 80+ Gold - ATX 3.0 & PCIe 5.1 Ready -Full-Modular -ATX Form Factor - Premium Japanese Capacitor -10 Year Warranty -Nvidia RTX 30/40 Super & AMD GPU Compatible,Computers & Laptops,True,,Cameras & Photography,Computers & Laptops,159.99,Seasonic,/Seasonic-GX-850-ATX3-Full-Modular-Compatible/dp/B0DLFMTX12/ref=sr_1_4100?dib=eyJ2IjoiMSJ9.nRua0KO1u_bCV_5prdvt78-xhje5E9M_uvfUo87OmkWN_Z8l9Z1J_g4j2rNQ1K6in1nKPLLMD0daxLC-s10FcYl1E7O0S2FF1o0QKeGAKTwJDAadRmtnxDxlvLp7uGJS0SPoFz_fBYH8NQeSflgf6SpE7G79hsVx8yyvm3omr1fLxgkpKEB-aF4yQ2Frtk9-NbWSR0Q715gc4xg3TGpPXQJ52-0YOLKaDcTo68PhD1XRMR66cYG3lEh4ssbF8QH5xcfplBDtUxYFPKZQ-HiSEGRswNQpNXLwlvKFVlY28N0.CCvqr2jsPXug5Vh7kcT6K3cUfYl2upGVIft5wGA-Gvc&dib_tag=se&qid=1755802205&refinements=p_n_g-101014971069111%3A119653281011&s=electronics&sr=1-4100,False
Insta360 Heavy Duty Clamp for ONE and Ace Series Action Cameras,Cameras & Photography,True,,Other,Other,35.99,Insta360,/Insta360-CINSBAVS-Heavy-Duty-Clamp/dp/B0CW9TZ4TM/ref=sr_1_4088?dib=eyJ2IjoiMSJ9.nRua0KO1u_bCV_5prdvt78-xhje5E9M_uvfUo87OmkWN_Z8l9Z1J_g4j2rNQ1K6in1nKPLLMD0daxLC-s10FcYl1E7O0S2FF1o0QKeGAKTwJDAadRmtnxDxlvLp7uGJS0SPoFz_fBYH8NQeSflgf6SpE7G79hsVx8yyvm3omr1fLxgkpKEB-aF4yQ2Frtk9-NbWSR0Q715gc4xg3TGpPXQJ52-0YOLKaDcTo68PhD1XRMR66cYG3lEh4ssbF8QH5xcfplBDtUxYFPKZQ-HiSEGRswNQpNXLwlvKFVlY28N0.CCvqr2jsPXug5Vh7kcT6K3cUfYl2upGVIft5wGA-Gvc&dib_tag=se&qid=1755802205&refinements=p_n_g-101014971069111%3A119653281011&s=electronics&sr=1-4088,False
"Dell 27 All-in-One Desktop ec27250-27-inch FHD (1920 x 1080) Display, Intel Core 5 Processor 120U, Intel Graphics, 16GB DDR5 RAM, 512GB SSD, Windows 11 Home, Onsite Service - White",Computers & Laptops,True,,Monitors & Displays,Computers & Laptops,945.0,Dell,/Dell-Desktop-ec27250-27-inch-Processor-Graphics/dp/B0F2GBJGLZ/ref=sr_1_4132?dib=eyJ2IjoiMSJ9.MUQ4U0xF4MzAe0k5VcdYfiw6-0LbnZbexbf1QfdG44GNaYIoBiLqkwLexHQIAHd-lqU5BBIziqvDZ_UrbSR1kCMHXQQ7w5ILGdUwmldXx9o4zBunRUgHFEN7SXyLvJpSyxLvI2CFvabGFEitSfV9KjmwrhES3_Q87IMo7poJfgxv-g9I6qvlb43ntqgjLRECZoAUeG11gS9Xu20IFwHw6SBflGPJLI9XCEZeMh7MEb7UIDZYYmkHi1upty_DKBuf4jMRmKJF52zoGhQrmxsVT1rJQ8MAEjRH6D0BEcsYqvc.pg-r_nJ8m7-wBg9L0EguzH6stWFdSBqN8szaGdWN-nA&dib_tag=se&qid=1755802218&refinements=p_n_g-101014971069111%3A119653281011&s=electronics&sr=1-4132,False
"Celestron 22452 StarSense Explore LT114AZ Newtonian Reflector Telescope with Smartphone App-Enabled Technology - Includes Two Eyepieces, 2X Barlow Lens, Phone Dock and Height-Adjustable Tripod, Black",Optics,True,,Optics,Computers & Laptops,219.0,Celestron,/Celestron-StarSense-Smartphone-App-Enabled-Compatible/dp/B083JQBC1G/ref=sr_1_4295?dib=eyJ2IjoiMSJ9.a0ie7Zei34rs_NtSc2hnNYc0nJ5PrigDE3hCy7dBKeUIUFBs9rSPdNvKBxqZEf8kITZYyJjSKJABQlfT7l45jFQltZ8tl_MZ4GFOHAGOInA31f0nU9WfzwhTmfGGiYsb0dSjlThciUhq7oCgDeJ92jYuWCI5qtOaCTPVokgVvFjxHYm6wgf2PQbLQYxusGNqgKFY7sIpcJIPuV117HHntm4Ak5qomJ7fXNY-FQNz5zINCzu3OE69TqZZv8ox3Jn-ijlA1fmut3fUFiwEbGCaS7bZW0O2tlgkiDx0mi2TWs4.rrgFqRjtEfitwiD4ZVPnE-KqfDMNSvtk4uzv-tx0zgA&dib_tag=se&qid=1755802305&refinements=p_n_g-101014971069111%3A119653281011&s=electronics&sr=1-4295,True
BATTRY ALKLN DURA AA CD8,Batteries,True,,Batteries,Other,8.26,Battry,,True
"Pioneer DMH-W2770NEX 6.8"" Capacitive Touchscreen, Double Din – Wireless & Wired Apple CarPlay & Android Auto, Bluetooth, Backup Camera, FLAC, Short Chassis, HD Radio",Car Electronics,True,,Monitors & Displays,Car Electronics,427.99,Pioneer,/Pioneer-Electronics-DMH-W2770NEX-Bluetooth-SiriusXM-Ready/dp/B0B64PWZX8/ref=sr_1_4234?dib=eyJ2IjoiMSJ9.vxVoCVj-MDrFUjA6Ho4WDyT6V5a3T5aSJ9rArr5xrI4ODEgWB9eujq5ufHCgYrTcN3qA8WVssI2Cf22DaA1RUEWlfEt8XOD3a1kn5l_zbYtgiFy81gk8yeNwRWGGP0y6YichiLTjowYNkLlHKyMhXmWr5Nuh9uWTdogbFnA8Afjx2j2tZZIfTTbr83VBrFGTNO8xnmTSFlAyKUp0XvGhat0df9kvJtO0bSGkAWRbP51cMRJXMSDFpR68345MOhL-oR1_SFen6zLKQH5ohF9Naqer56jhywxZbOkAccQQFDo.kH898XLIi6yMA_qWGacB55TIhFBgYqGUq1AGsm0BFsY&dib_tag=se&qid=1755802278&refinements=p_n_g-101014971069111%3A119653281011&s=electronics&sr=1-4234,False
SAMSUNG Galaxy Buds Pro 2 [2022] (SM-R510NLVALTA) - (Violet),Audio,True,,Audio,Phone & Tablet Accessories,,Samsung,/SAMSUNG-Galaxy-Buds2-Pro-Headphones/dp/B0BMPYKCHJ/ref=sr_1_4232?dib=eyJ2IjoiMSJ9.vxVoCVj-MDrFUjA6Ho4WDyT6V5a3T5aSJ9rArr5xrI4ODEgWB9eujq5ufHCgYrTcN3qA8WVssI2Cf22DaA1RUEWlfEt8XOD3a1kn5l_zbYtgiFy81gk8yeNwRWGGP0y6YichiLTjowYNkLlHKyMhXmWr5Nuh9uWTdogbFnA8Afjx2j2tZZIfTTbr83VBrFGTNO8xnmTSFlAyKUp0XvGhat0df9kvJtO0bSGkAWRbP51cMRJXMSDFpR68345MOhL-oR1_SFen6zLKQH5ohF9Naqer56jhywxZbOkAccQQFDo.kH898XLIi6yMA_qWGacB55TIhFBgYqGUq1AGsm0BFsY&dib_tag=se&qid=1755802278&refinements=p_n_g-101014971069111%3A119653281011&s=electronics&sr=1-4232,True
"Canon EOS R5 Mirrorless Camera (Body Only), Full-Frame Hybrid Camera, 8K Video, 45 Megapixel CMOS Sensor, DIGIC X Image Processor, Up to 12 FPS, RF Mount, Black",Cameras & Photography,True,,Cameras & Photography,Computers & Laptops,2999.0,Canon,/Canon-Full-Frame-Mirrorless-Megapixel-Processor/dp/B08C68F2DX/ref=sr_1_4253?dib=eyJ2IjoiMSJ9.Zj9SHCVdKN9eBfY6444hkZaZcbtU_tEWTmwXPIkrVc81yp04TnnYwR-lv6U3SybV37WdYKs5Jt1CzkZ40-OXjLpY4T_Homjvzyc8FiWficgRx8q5fCql5Mjo4CNNHCKIqV-NfF4DfHJK2m532C36P-6et-5TsGrwlU6rpPPBz4Y3V7BCe4x0Jk-CKCCV3fxWEyi5QRZgEV8tHTpBpFoswsVDpogB87XlC6Y8TlzENLmYb3VEt0_JnS0sfR58N3RJFiIvZbtLX3IVcF4v4FsxP9j7GBmDGVkUjqwuRCv4Awo.Mf3bZWoKRgvMLbAPDDcGVWFvs_4X-z1iweM2Bc9ag2Q&dib_tag=se&qid=1755802291&refinements=p_n_g-101014971069111%3A119653281011&s=electronics&sr=1-4253,True
"Leviton T5636-W 60W (6A) USB Dual Type-C/C Power Delivery in-Wall Charger with 15A Tamper-Resistant Outlet, USB Charger for Smartphones, Tablets, Laptops, White",Power Strips & Surge Protectors,True,,Other,Power Strips & Surge Protectors,56.85,Leviton,/Leviton-T5636-W-Delivery-Charger-Tamper-Resistant/dp/B09RG1G55J/ref=sr_1_4397?dib=eyJ2IjoiMSJ9.X-jP98AunSNfgFBRQ6zv18xfgvCJSkBbF1AKAUf60uITkWRt6Aq81XWlmBF3_hCdUdSH_A8SN6MeFWazsa9slSdf4crCwyv-8wmJKnlhq4tUYOne9cuXvpeseRtDEPDL_mIbl51GC3GeOUjBCAbejqPA812N68aHqlJMrlGe-z9bTg6CruFk0f3ldGxD3LAWEDMnZ4564X_Fz6fQoS1QhKNpwq0VhqydV420OtobVe8FhNnWXL9C6yJuPuIy97kwqCoAp-5MxsHQDsTBkzZY0IjKRIfQ4YWZTXdVCFHRl2c.aKzI5ozKGm9gb5rQGLntYqIdsrNiAvEUEElRcE8uNuU&dib_tag=se&qid=1755802368&refinements=p_n_g-101014971069111%3A119653281011&s=electronics&sr=1-4397,False
Microsoft Type Cover for Surface Pro - Black (Renewed),Phone & Tablet Accessories,True,keyboard cover accessory for Surface tablet,Bags & Cases,Other,,Microsoft,/Microsoft-Type-Cover-Surface-Pro/dp/B07DQSK2GJ/ref=sr_1_4418?dib=eyJ2IjoiMSJ9.X-jP98AunSNfgFBRQ6zv18xfgvCJSkBbF1AKAUf60uITkWRt6Aq81XWlmBF3_hCdUdSH_A8SN6MeFWazsa9slSdf4crCwyv-8wmJKnlhq4tUYOne9cuXvpeseRtDEPDL_mIbl51GC3GeOUjBCAbejqPA812N68aHqlJMrlGe-z9bTg6CruFk0f3ldGxD3LAWEDMnZ4564X_Fz6fQoS1QhKNpwq0VhqydV420OtobVe8FhNnWXL9C6yJuPuIy97kwqCoAp-5MxsHQDsTBkzZY0IjKRIfQ4YWZTXdVCFHRl2c.aKzI5ozKGm9gb5rQGLntYqIdsrNiAvEUEElRcE8uNuU&dib_tag=se&qid=1755802368&refinements=p_n_g-101014971069111%3A119653281011&s=electronics&sr=1-4418,False
"Samsung 65-Inch Class Neo QLED QN70F 4K Mini LED Smart TV (2025 Model) NQ4 AI Gen2 Processor, Quantum Matrix Technology Slim, Motion Xcelerator 144Hz, Samsung Vision AI, Alexa Built-in",TV & Home Entertainment,True,,TV & Home Entertainment,Computers & Laptops,,Samsung,/Samsung-65-Inch-Processor-Technology-Xcelerator/dp/B0DXN42NXS/ref=sr_1_4412?dib=eyJ2IjoiMSJ9.X-jP98AunSNfgFBRQ6zv18xfgvCJSkBbF1AKAUf60uITkWRt6Aq81XWlmBF3_hCdUdSH_A8SN6MeFWazsa9slSdf4crCwyv-8wmJKnlhq4tUYOne9cuXvpeseRtDEPDL_mIbl51GC3GeOUjBCAbejqPA812N68aHqlJMrlGe-z9bTg6CruFk0f3ldGxD3LAWEDMnZ4564X_Fz6fQoS1QhKNpwq0VhqydV420OtobVe8FhNnWXL9C6yJuPuIy97kwqCoAp-5MxsHQDsTBkzZY0IjKRIfQ4YWZTXdVCFHRl2c.aKzI5ozKGm9gb5rQGLntYqIdsrNiAvEUEElRcE8uNuU&dib_tag=se&qid=1755802368&refinements=p_n_g-101014971069111%3A119653281011&s=electronics&sr=1-4412,True
"Belkin USB C Charger Block 45W - PD3.1 PPS Super Fast Charging - Samsung Galaxy S25, S24, S23, S22, Apple iPhone 16, iPhone 15/14/13 Plus, Pro, Pro Max, Google Pixel 9, Nintendo Switch, etc - Black",Cables & Charging,True,,Cables & Charging,Phone & Tablet Accessories,19.31,Belkin,/Belkin-USB-Charger-Block-45W/dp/B0F6431LKG/ref=sr_1_4403?dib=eyJ2IjoiMSJ9.X-jP98AunSNfgFBRQ6zv18xfgvCJSkBbF1AKAUf60uITkWRt6Aq81XWlmBF3_hCdUdSH_A8SN6MeFWazsa9slSdf4crCwyv-8wmJKnlhq4tUYOne9cuXvpeseRtDEPDL_mIbl51GC3GeOUjBCAbejqPA812N68aHqlJMrlGe-z9bTg6CruFk0f3ldGxD3LAWEDMnZ4564X_Fz6fQoS1QhKNpwq0VhqydV420OtobVe8FhNnWXL9C6yJuPuIy97kwqCoAp-5MxsHQDsTBkzZY0IjKRIfQ4YWZTXdVCFHRl2c.aKzI5ozKGm9gb5rQGLntYqIdsrNiAvEUEElRcE8uNuU&dib_tag=se&qid=1755802368&refinements=p_n_g-101014971069111%3A119653281011&s=electronics&sr=1-4403,True
"Westinghouse 24-inch Smart TV, HD Xumo TV with Voice Remote, Flat Screen LED Television w/Apple HomeKit, Wi-Fi & Mobile Connectivity",TV & Home Entertainment,True,,TV & Home Entertainment,Networking,107.99,Westinghouse,/Westinghouse-24-inch-Television-HomeKit-Connectivity/dp/B0FC34R88H/ref=sr_1_4353?dib=eyJ2IjoiMSJ9.ljPSD9I98uGz_16eDoNd2WDhjY9FEaX8Bzr7rwc-kQhgWjE9t2qmDjEI2lufgsngzNt7-RlwAWYwqdLO66I6i3oPMceMQNlA-eFGEnaJrG1JaUwuwcRdDOiRieG0td1EhPi76cCPJq4LzdAtC3NWOaULw80MG9edSiU_hBCK-nMbcbaV_sBn-N58WOFqXYEbfUA2hRqBwdqWor3GszUHDG4qWFUQLn7tZdoNMTDlW47wSaPnxbJVs5XustoxEbfmLTM9X4Tb-Vgc8KierSKF38eHtbpcdtdlsxMlXmBmas4.V22YsWHN7fRzF3QrTwWWmBM24jGy3o0xa57qc7mmg4I&dib_tag=se&qid=1755802343&refinements=p_n_g-101014971069111%3A119653281011&s=electronics&sr=1-4353,True
LIAN LI O11D MINI V2 | Compact ATX Mid-Tower Airflow Computer Case | Panoramic View | Fully Ventilated Airflow | Adjustable I/O | Pillar-Less | Cable Management | Black (O11DMIV2X),Computers & Laptops,True,,Other,Computers & Laptops,102.96,Lian Li,/Ventilated-Adjustable-Pillar-Less-Management-O11DMIV2X/dp/B0F8HLTV22/ref=sr_1_4514?dib=eyJ2IjoiMSJ9.2Z6QqgtFNU_0spez_13Rpp6vPzqCjP5UfGGKJx43rLCTESItP4fDxr-wlLg4-mBmMrtWFfSQCPbUV8chVZeay1-X3AOWmkWYmytneOGARwa9cXMANUU4rkan6GR8i1U12KinC25u0zxsa0ftakv4mMaStJu1nBfOAZJsR0F7bNtJJ-ZIBQt9H3i_8sWvFUF9vY2UG2bK82iyPcVmJTvQ9olRSXNbblANdi_vM3kX074md-NBCB3rSLxH0LXbb58Gx89s7otEQLSCaJv_XHMonLcveOJ0GDrqSkOlUeOB5Z4.oCxbo75TQUB5QQ0aZOim5OuL2tRMzp-ZrnT4n00I8tA&dib_tag=se&qid=1755802416&refinements=p_n_g-101014971069111%3A119653281011&s=electronics&sr=1-4514,False
"Samsung 2024 Galaxy Tab A9+ 11” 128GB 5G | Android 13 WiFi Touchscreen International | Big Screen, Quad Speakers, Slim | Tablet Bundle - Hard Back Trifold Stand Case + 64GB SD Card (Grey) | MdTec",Phone & Tablet Accessories,True,,Phone & Tablet Accessories,Audio,209.99,Samsung,/Samsung-Android-Touchscreen-International-Speakers/dp/B0F978JKDM/ref=sr_1_4518?dib=eyJ2IjoiMSJ9.2Z6QqgtFNU_0spez_13Rpp6vPzqCjP5UfGGKJx43rLCTESItP4fDxr-wlLg4-mBmMrtWFfSQCPbUV8chVZeay1-X3AOWmkWYmytneOGARwa9cXMANUU4rkan6GR8i1U12KinC25u0zxsa0ftakv4mMaStJu1nBfOAZJsR0F7bNtJJ-ZIBQt9H3i_8sWvFUF9vY2UG2bK82iyPcVmJTvQ9olRSXNbblANdi_vM3kX074md-NBCB3rSLxH0LXbb58Gx89s7otEQLSCaJv_XHMonLcveOJ0GDrqSkOlUeOB5Z4.oCxbo75TQUB5QQ0aZOim5OuL2tRMzp-ZrnT4n00I8tA&dib_tag=se&qid=1755802416&refinements=p_n_g-101014971069111%3A119653281011&s=electronics&sr=1-4518,True
"Lenovo Laptop Charger 45W Watt USB Type C(USB-C) AC Power Adapter - Chromebook Duet 3 (11"""")，Yoga 6 (13"""" AMD) 2 in 1，100e (2nd Gen) (11.6"""") Laptop, black, ADLX45YCC3G",Cables & Charging,True,,Cables & Charging,Computers & Laptops,23.94,Lenovo,/Lenovo-Laptop-Charger-USB-C-Adapter/dp/B0CVLHMS7T/ref=sr_1_4500?dib=eyJ2IjoiMSJ9.2Z6QqgtFNU_0spez_13Rpp6vPzqCjP5UfGGKJx43rLCTESItP4fDxr-wlLg4-mBmMrtWFfSQCPbUV8chVZeay1-X3AOWmkWYmytneOGARwa9cXMANUU4rkan6GR8i1U12KinC25u0zxsa0ftakv4mMaStJu1nBfOAZJsR0F7bNtJJ-ZIBQt9H3i_8sWvFUF9vY2UG2bK82iyPcVmJTvQ9olRSXNbblANdi_vM3kX074md-NBCB3rSLxH0LXbb58Gx89s7otEQLSCaJv_XHMonLcveOJ0GDrqSkOlUeOB5Z4.oCxbo75TQUB5QQ0aZOim5OuL2tRMzp-ZrnT4n00I8tA&dib_tag=se&qid=1755802416&refinements=p_n_g-101014971069111%3A119653281011&s=electronics&sr=1-4500,True
"Fellowes Laminator Venus 2 125, Rapid 30-60 Second Warm-up Laminating Machine, with Laminating Pouches Kit (5734801), Black, Silver, 5.1"" x 21.3"" x 8.2""",Office & School Supplies,True,,Office & School Supplies,Office & School Supplies,258.98,Fellowes,/Fellowes-Laminator-Warm-up-Laminating-5734801/dp/B00HVUYKN0/ref=sr_1_4499?dib=eyJ2IjoiMSJ9.2Z6QqgtFNU_0spez_13Rpp6vPzqCjP5UfGGKJx43rLCTESItP4fDxr-wlLg4-mBmMrtWFfSQCPbUV8chVZeay1-X3AOWmkWYmytneOGARwa9cXMANUU4rkan6GR8i1U12KinC25u0zxsa0ftakv4mMaStJu1nBfOAZJsR0F7bNtJJ-ZIBQt9H3i_8sWvFUF9vY2UG2bK82iyPcVmJTvQ9olRSXNbblANdi_vM3kX074md-NBCB3rSLxH0LXbb58Gx89s7otEQLSCaJv_XHMonLcveOJ0GDrqSkOlUeOB5Z4.oCxbo75TQUB5QQ0aZOim5OuL2tRMzp-ZrnT4n00I8tA&dib_tag=se&qid=1755802416&refinements=p_n_g-101014971069111%3A119653281011&s=electronics&sr=1-4499,True
"Anker Nano Charging Station(100W Max), 7-in-1 USB C Power Strip for iPhone 16/15/14 and MacBook Air/Pro, 5ft Thin Cord,3AC, 2USB A,2USB C,Power Delivery Desktop Accessory for Home&Office(Black)",Cables & Charging,False,charging station also fits Power Strips & Surge Protectors,Cables & Charging,Power Strips & Surge Protectors,55.99,Anker,/Anker-Charging-Station-Delivery-Accessory/dp/B0CHFF6P5Z/ref=sr_1_4517?dib=eyJ2IjoiMSJ9.s5LEOcUKf5gtLFZ6i4xYRlCTaHSxVA60rijBuwpxfYuX-ndvhYOy-Rml48iR3xkfy355MbHkid78hP4Tj9lOT7uoFDVzAo0TmlaSwPLxHz94EC77R3QesxDJF7WzXUYR3lWiJpf20qaPnvNsgJzacVeCaLRql3XMm7sNCxWqo9k8zGwxsXdQ9b5Gdq9h3mkWgScEGs3MYwBM6DUFBik3ElWR1ooRYRWakj53ZjZwwEGET1kNiIZ-dT2w7eqgBl5uyQIJRirbhO9r1iIYjWY1MEMiv9gca3upDEKai9cRlwM.BKU_gVw6o531cgRyXUghcql_OQhoJL_sJOb_wcIVURI&dib_tag=se&qid=1755802428&refinements=p_n_g-101014971069111%3A119653281011&s=electronics&sr=1-4517,True
"ESR for iPad Pro 12.9 Case (6th/5th Generation, 2022/2021), Removable Magnetic Cover, Adjustable Portrait/Landscape Stand with Raised Display View, 9 Standing Angles, Shift Series, Black",Phone & Tablet Accessories,True,,Phone & Tablet Accessories,Monitors & Displays,49.99,Esr,/ESR-Generation-Removable-Adjustable-Landscape/dp/B0CDPRDWZX/ref=sr_1_4522?dib=eyJ2IjoiMSJ9.s5LEOcUKf5gtLFZ6i4xYRlCTaHSxVA60rijBuwpxfYuX-ndvhYOy-Rml48iR3xkfy355MbHkid78hP4Tj9lOT7uoFDVzAo0TmlaSwPLxHz94EC77R3QesxDJF7WzXUYR3lWiJpf20qaPnvNsgJzacVeCaLRql3XMm7sNCxWqo9k8zGwxsXdQ9b5Gdq9h3mkWgScEGs3MYwBM6DUFBik3ElWR1ooRYRWakj53ZjZwwEGET1kNiIZ-dT2w7eqgBl5uyQIJRirbhO9r1iIYjWY1MEMiv9gca3upDEKai9cRlwM.BKU_gVw6o531cgRyXUghcql_OQhoJL_sJOb_wcIVURI&dib_tag=se&qid=1755802428&refinements=p_n_g-101014971069111%3A119653281011&s=electronics&sr=1-4522,True
"Corsair Dual SSD Mounting Bracket (3.5” Internal Drive Bay to 2.5"", Easy Installation) Black",Computers & Laptops,True,,Computers & Laptops,Computers & Laptops,4.99,Corsair,/Corsair-Dual-Mounting-Bracket-CSSD-BRKT2/dp/B016498CK0/ref=sr_1_4435?dib=eyJ2IjoiMSJ9.xsiIfC6f4qbUK6E80Nc0VR31gCWBBNXu5hTFRjZu-GvCeLkjOr6lRVXvVji6ye1lildLQ5tbPRt4P42XBKp4-0yHGyi74-j_x6WUQN4bZJLtVVvM_7PsbxRDLfMroLk6KTCFtJ-D7Hk58_mJCUaSEd68grDzJAIZ7MFmtNtiiwLFLm7GZZatvQwWIamfl4HbQi8vs9GYrBwr9PlRfXP_9WrPwOT81D7foKdXaoTJZ6qpMHlFHkHe9c9s2-7bKvJvN0nUzl9gZRw2esZtLW8clggceSsE9wfVwE20FivbV1Y.Y3v7M-RYz_tyj-lb0Y_4pl2RW3uWitNSOZH3UB9F0XE&dib_tag=se&qid=1755802379&refinements=p_n_g-101014971069111%3A119653281011&s=electronics&sr=1-4435,True
"Amazon Basics Mini DisplayPort to DisplayPort Display Cable, 4Kx2K, Gold-Plated Plugs, 6 Foot, Black",Cables & Charging,True,,Monitors & Displays,Monitors & Displays,7.83,Amazon,/AmazonBasics-Mini-DisplayPort-Display-Cable/dp/B013PWQPFS/ref=sr_1_4494?dib=eyJ2IjoiMSJ9.2Z6QqgtFNU_0spez_13Rpp6vPzqCjP5UfGGKJx43rLCTESItP4fDxr-wlLg4-mBmMrtWFfSQCPbUV8chVZeay1-X3AOWmkWYmytneOGARwa9cXMANUU4rkan6GR8i1U12KinC25u0zxsa0ftakv4mMaStJu1nBfOAZJsR0F7bNtJJ-ZIBQt9H3i_8sWvFUF9vY2UG2bK82iyPcVmJTvQ9olRSXNbblANdi_vM3kX074md-NBCB3rSLxH0LXbb58Gx89s7otEQLSCaJv_XHMonLcveOJ0GDrqSkOlUeOB5Z4.oCxbo75TQUB5QQ0aZOim5OuL2tRMzp-ZrnT4n00I8tA&dib_tag=se&qid=1755802416&refinements=p_n_g-101014971069111%3A119653281011&s=electronics&sr=1-4494,False
TP-Link Smart Door/Window Sensor Tapo T110,Smart Home & Wearables,True,,Smart Home & Wearables,Other,16.98,Tp-Link,/TP-Link-Tapo-Low-Power-Notification-T110/dp/B0BYH576YN/ref=sr_1_4466?dib=eyJ2IjoiMSJ9.XW9MmndMwmiaV8owWjP3q5VKPXmqMB2_IU-p3SDvZDCnmTAObrBe7v6bJG2pZoUyWLGCeIKcuyS7VO5dPsTxqwuvTP7snRIfIfV31nxl2kcWwQ2xcsFuGeHftN8zUhlS9EhuBnouS8NxcTGzsOE9grXS8hu6n4IV4zMn5hFF0WULpWdx9Z8UoplhMncmmFSND0LKUf_44VYJK9kydMBvqq8yTk8K8x0OZkvRFV4GEk5l8PYMwaIzf3Q1g-Muo-XM3AZSyNaprJ0jqwyA2Ei6XwjQS_QP8Qm6l9xj6mn9vWw.gpUOe5ExojfStJ2WyBQKID1kUuLdE8qU9nHiHf8aKXk&dib_tag=se&qid=1755802404&refinements=p_n_g-101014971069111%3A119653281011&s=electronics&sr=1-4466,True
Quad Lock Universal Adaptor for Smartphones,Phone & Tablet Accessories,True,,Cables & Charging,Other,19.9,Quad,/Quad-Lock-QLA-UNI-3-Universal-Adaptor/dp/B093PXN9VV/ref=sr_1_4603?dib=eyJ2IjoiMSJ9.ft5ssFdsytKm-gljZ5RPjRD4Xqk2Oz8qbRF1P6X2rZ6cCZ1cSXCIIGuqUvsRefv58XnHHk7CCjk2p2nM4JP5sxZbxGgpBWstg1spHkDHhQxYpPG3Qka3AcRSuXdVWUsfdoqcZa70bOsf9liFHRGeS4iFnLpE0BVt6CVp_AhL551HxPNreXAB2EzD4hNYiPykg5Rno_bg-InY5fhaKd61P-2BZRYul8yEckBcqr2SX6L2tJjDVwxBKN4WoLoR9hu3bIkyLfHVeHnnyEOo8AMccwK8Yx8ENBzb_te8h8GzKMg.Hg92ki9yu1wz_GDIpZsnE4oV8arY4zg5ZYr1HSptt-c&dib_tag=se&qid=1755802467&refinements=p_n_g-101014971069111%3A119653281011&s=electronics&sr=1-4603,False
"Motorola Moto Watch 120 - Premium Bluetooth Smartwatch with AMOLED Display, 10-Day Battery, Heart Rate & SpO2 Tracking, Fitness & Health Monitoring, Compatible with Android and iPhone - Phantom Black",Smart Home & Wearables,True,,Monitors & Displays,Smart Home & Wearables,98.0,Motorola,/Motorola-Moto-Watch-120-Smartwatch/dp/B0DBHWQ58D/ref=sr_1_4638?dib=eyJ2IjoiMSJ9.5-HJjKoJXMvIivMHDynHQKiyYZUItMjVhbsivrZRWogSTkQoKyovQmARO92ZHHFTF6h9_QGwCOcZx4wF8lsF584uBC4T42E7-KfS1lDMvKFYbaq3fkSktPCgWVqSgvV2UIzen2LaNcKTkA5_YLjkk_vHiWm3eVEf7989jzhemcRXoEvUpwtqxC_qviZgcJ2JIyD9mV5xqQKbIj46PHnXNB-LkxUx7uzkURVvWwZja9Nl2is1TupZJRiMSgjGyFoWCW85xr4F0NMY5xuLMCeb2wtGeYwI-oOSgB02Vkb50kU.2BCVXqi7Wk4_Svhod_vFylek_LhBsZPwFc6fX1HzMvk&dib_tag=se&qid=1755802492&refinements=p_n_g-101014971069111%3A119653281011&s=electronics&sr=1-4638,False
Zebra DS9308 1D 2D Presentation Barcode Scanner Omni Directional QR Black Image Reader for Screen and Printed Bar Code Scan (DS9308-SR4U2100AZY),Office & School Supplies,True,,Printers & Ink,Office & School Supplies,165.99,Zebra,/Zebra-DS9308-Presentation-Directional-QR-Black-Image-DS9308-SR4U2100AZY/dp/B08RN5V3SG/ref=sr_1_4557?dib=eyJ2IjoiMSJ9.0MxiQ-zVGeYSlLcGHPhqnGiechUt9C7XW8ud52IlJdwjSYlc29__eC8cqkGApawvjFxuFSwO8ZDuBJ0DyE9CYMWpAcgPIGvUf4KxbUV1e9DFz8VD-HjbyBJphIwdMbUZKyjGIxu1ZRwUZnm8SoFKat6BEVH_B2S-F5zuNbYAu_WG0ZscluVtVQCt8QIWMyZ4IsTvlLJZ6UfcSEiUJrIRjQz-7TkHJHbiJDPMCVTxze88UElGHbycV-ogNn3sYGC3SOdT2XAol6dY0ymIhobxVk6bgs5LUmbYqJQsmA90aXQ.0tk_XtSRGbtOD22eCCokfKm07LHclcHyXgdeBse7jGI&dib_tag=se&qid=1755802442&refinements=p_n_g-101014971069111%3A119653281011&s=electronics&sr=1-4557,False
"VIVO Waterproof 500ft Bulk Cat5e Wire, CCA Ethernet Cable, UTP Pull Box, Outdoor Direct Burial, Black, CABLE-V011",Networking,True,,Cables & Charging,Networking,49.99,Vivo,/VIVO-Ethernet-Waterproof-Outdoor-CABLE-V011/dp/B00GYGNCPO/ref=sr_1_4594?dib=eyJ2IjoiMSJ9.ft5ssFdsytKm-gljZ5RPjRD4Xqk2Oz8qbRF1P6X2rZ6cCZ1cSXCIIGuqUvsRefv58XnHHk7CCjk2p2nM4JP5sxZbxGgpBWstg1spHkDHhQxYpPG3Qka3AcRSuXdVWUsfdoqcZa70bOsf9liFHRGeS4iFnLpE0BVt6CVp_AhL551HxPNreXAB2EzD4hNYiPykg5Rno_bg-InY5fhaKd61P-2BZRYul8yEckBcqr2SX6L2tJjDVwxBKN4WoLoR9hu3bIkyLfHVeHnnyEOo8AMccwK8Yx8ENBzb_te8h8GzKMg.Hg92ki9yu1wz_GDIpZsnE4oV8arY4zg5ZYr1HSptt-c&dib_tag=se&qid=1755802467&refinements=p_n_g-101014971069111%3A119653281011&s=electronics&sr=1-4594,False
"OnePlus Watch 3 Obsidian Titantium, 32GB, 120-Hour Battery, Health & Fitness Tracking, Sapphire Crystal Design, Titanium Bezel, Dual-Engine, Wear-OS by Google",Smart Home & Wearables,True,,Batteries,Batteries,319.99,Oneplus,/OnePlus-Watch-Obsidian-Titantium-Dual-Engine/dp/B0DYQ1QKF3/ref=sr_1_4580?dib=eyJ2IjoiMSJ9.EzxRsn2Q3IjWNZ_w_JXoeTCpkkhRbiheQgJXkwydTIMSYYtKhpjD5kfrtdEywDY1fkzW6bTNw4BUp7iG5kHUwUcexEj_WwYzc-K006SQMzCq7yYNUv_-UowRn_xe54gNm4SuZgOLk7fjfiX1TgeY_corlMned5tJvi6KhOEGrGzdTfjtsyCaYVjpRgJSSerry4IxDT0aLwkRkbHLPu4QtNXmjTx8T460MpXbKTMXLUhyVaEuxsoj_6HzIByFSQH9nUgqp-kxwkLEZ8wOcir-ZUSnKuloFMrUHGOYSWt2Ozk.rMGai797j3E5fic8G6IjBVZVYSOohE7hsS50_5c7i14&dib_tag=se&qid=1755802455&refinements=p_n_g-101014971069111%3A119653281011&s=electronics&sr=1-4580,False
"DEWALT Heavy Duty USB A to Lightning Cable [Apple MFi Certified] Durable iPhone Charger, Lightning Cables, Fast Charging iPhone Charger Cord Compatible w/iPhones 14/13/12/11 Pro Max iPad AirPods, 6FT",Cables & Charging,True,,Cables & Charging,Audio,18.031,Dewalt,/DEWALT-Reinforced-Braided-Cable-Lightning/dp/B082P71N7T/ref=sr_1_4717?dib=eyJ2IjoiMSJ9.gP5ee4y2u89GtxUtSJ0GXz6Ip9rto7RlzM6jrR2yKffEaoNCQ3dPDBwVxWoGTG354ajBBoq8X2KNyCM6W87k-Wxv4L60k49-mVNoW9E8V5Guaa-StVrC16ZKVOCXoh6nnTmGHWOIp7F50hunL9Gzy9BFppSaIkx11jdRHsUn3uC40AU3zi6l_dEfc7Xnb3q84gQ93mgw14GPpLNnNX1g24oPy8KWICy2MMQy0Si7pJ6-FADjOkGbhmSMLQiZ9MDVM3I5JyvXZIAa6967bN5LcWfXtiA6-QwqG7SQTBK63JQ.5HFQN2Ynmp5yp40FdfKMi7d1dDoguaymfGyAdhuDOLs&dib_tag=se&qid=1755802531&refinements=p_n_g-101014971069111%3A119653281011&s=electronics&sr=1-4717,True
"Apple iPhone 16 Pro Max, US Version, 512GB, Black Titanium - Unlocked (Renewed)",Phone & Tablet Accessories,True,,Phone & Tablet Accessories,Phone & Tablet Accessories,1113.0,Apple,/Apple-iPhone-Version-512GB-Titanium/dp/B0DHJ2MKQB/ref=sr_1_4678?dib=eyJ2IjoiMSJ9.KGsXr888fZKc5NFvm86sCzOTbEefqIjZBoiAR7uJPDO_31tVFdevQ2rM72TBAS3kCd6oQ36I7IkcykAIp3cfWGPIKb_M3l0oqP5plr70y7PncXnfJdKR0Y5g3Mb0CaPNJx4OhfArvapzm9rX6XuxBHQ_Ae7CtSreF7M95AgfGbptR5JmwiNbeMGb2sBSAT30BEJRz66eErPE2mtia7C69kE3eoj6WNQysjUxxiOEIBGs2P_dnSh_ks26Vr3cSRoJlc3W7K-y5VqRwo7sFA83WLFFoskCJwtKJAX-Yk_H6FM.xj2IV5LIXyJgxXJB3xU5-1G4a8fskYAsJAbvqCvKAuY&dib_tag=se&qid=1755802505&refinements=p_n_g-101014971069111%3A119653281011&s=electronics&sr=1-4678,True
"UGREEN HDMI Switch 3 in 1 Out 4K@60Hz, HDMI Splitter with Remote Supports HDR10+ CEC HDCP2.2 Compatible with Nintendo Switch PS5/4/3 Xbox Roku TV Fire Stick Blu-Ray Player",Other,False,"HDMI switch, no exact category fit",Monitors & Displays,Cables & Charging,19.99,Ugreen,/UGREEN-Splitter-Supports-Compatible-Nintendo/dp/B0DLN4RLQF/ref=sr_1_4684?dib=eyJ2IjoiMSJ9.KGsXr888fZKc5NFvm86sCzOTbEefqIjZBoiAR7uJPDO_31tVFdevQ2rM72TBAS3kCd6oQ36I7IkcykAIp3cfWGPIKb_M3l0oqP5plr70y7PncXnfJdKR0Y5g3Mb0CaPNJx4OhfArvapzm9rX6XuxBHQ_Ae7CtSreF7M95AgfGbptR5JmwiNbeMGb2sBSAT30BEJRz66eErPE2mtia7C69kE3eoj6WNQysjUxxiOEIBGs2P_dnSh_ks26Vr3cSRoJlc3W7K-y5VqRwo7sFA83WLFFoskCJwtKJAX-Yk_H6FM.xj2IV5LIXyJgxXJB3xU5-1G4a8fskYAsJAbvqCvKAuY&dib_tag=se&qid=1755802505&refinements=p_n_g-101014971069111%3A119653281011&s=electronics&sr=1-4684,False
"Garmin eLog, Compliant Electronic Logging Device (ELD), No-Subscription Fees, FMCSA Compliant, Supports 9-pin J1939 and 6-pin J1708 Diagnostic Ports (010-01876-00)",Car Electronics,False,"electronic logging device for trucks, plugs into vehicle diagnostic port",Other,Other,225.11,Garmin,/Garmin-Compliant-Electronic-No-Subscription-Diagnostic/dp/B072L856YC/ref=sr_1_4696?dib=eyJ2IjoiMSJ9.6VMlr__gXC5U1Lh7KIjkEEnQOHeXxQ4CWIOgikPFcIMMb2v44kpTRf7SBWX7Khorooo7PzPuS9Db9YtFcOaJ2SNp6zGc5Pl8R9UZKODOVwGSnmaxkf2BWIm8A2Ww242P1-Yrj2Y-83cDWZRmBeNfg0qDi009TkZVOXVobrqJH-elwoeauUTvMY7KXHlSPEG4CfR3VsCAlukIOxTbKA7z4ggxEnnEj4boYtGzhCV6bW3J6qXnIkND7nrl8D6EN7073j97K1gJrqYcMNP5Kf7uO1O0AY0-DvuXfFcNcpNjoGg.N7f9e1osOLie1TXxww1YJZmTfnM4t0QFAX4B7d79qak&dib_tag=se&qid=1755802519&refinements=p_n_g-101014971069111%3A119653281011&s=electronics&sr=1-4696,False
Fellowes Mfg Co. 5015401 Powershred LX220 20 Manual Sheet Capacity Micro-Cut Shredder - Black,Office & School Supplies,True,,Office & School Supplies,Office & School Supplies,299.99,Fellowes,/Fellowes-LX22M-Powershred-Shredder-5263501/dp/B07YQMMBYJ/ref=sr_1_4834?dib=eyJ2IjoiMSJ9.gIiy9INQzlf0WoQ2xno5escfsqV9WsjNT3Y05_mesZgNwgQoQ1wiwy25_dGMs6ht9pMkx-9c3U4GDNUIv7_9c9Hnhr0gIpOjZwatgY019oZ0xGuyY68vNAxmFoFsuzPXqeFgLEHm151kaVqOfXZXjlj4wzTUHyojg9q_qdkaOFr43UMomn-TX2CNj9N0CrXstKFjrMrKrvAezQ_KU25LAELkcCdGbOdDCnvSMbrFpTnHetKBbwPI4w7qvPsTZot85rzLSGNrf-oiUDO6P8bdeie71xGOn3ohVw_IyBj-4Bg.Qf9HttFhE7uQJ_bmcespFgVV6IUwi7m4ZP26h7WeMtI&dib_tag=se&qid=1755802597&refinements=p_n_g-101014971069111%3A119653281011&s=electronics&sr=1-4834,True
"Zebra DS2278 Series Cordless Handheld Standard Range Area Imager Kit with Presentation Cradle and USB Kit, Black (DS2278-SR7U2100PRW)",Office & School Supplies,True,,Other,Other,194.99,Zebra,/Cordless-Handheld-Standard-Presentation-DS2278-SR7U2100PRW/dp/B076N6FMFJ/ref=sr_1_4831?dib=eyJ2IjoiMSJ9.gIiy9INQzlf0WoQ2xno5escfsqV9WsjNT3Y05_mesZgNwgQoQ1wiwy25_dGMs6ht9pMkx-9c3U4GDNUIv7_9c9Hnhr0gIpOjZwatgY019oZ0xGuyY68vNAxmFoFsuzPXqeFgLEHm151kaVqOfXZXjlj4wzTUHyojg9q_qdkaOFr43UMomn-TX2CNj9N0CrXstKFjrMrKrvAezQ_KU25LAELkcCdGbOdDCnvSMbrFpTnHetKBbwPI4w7qvPsTZot85rzLSGNrf-oiUDO6P8bdeie71xGOn3ohVw_IyBj-4Bg.Qf9HttFhE7uQJ_bmcespFgVV6IUwi7m4ZP26h7WeMtI&dib_tag=se&qid=1755802597&refinements=p_n_g-101014971069111%3A119653281011&s=electronics&sr=1-4831,False
"ASUS ZenDrive V1M External DVD Drive and Writer with Built-in Cable-Storage Design, USB-C Interface, Compatible with Win 11 and macOS, M-DISC Support (SDRW-08V1M-U)",Storage & Memory Cards,True,,Storage & Memory Cards,Cables & Charging,39.99,Asus,/ASUS-Cable-Storage-Interface-Compatible-SDRW-08V1M-U/dp/B0B6D8XB74/ref=sr_1_4826?dib=eyJ2IjoiMSJ9.Qqba2dLmSJfiZZeeEj87zuy6cod1WoRqfzzE2DFCee-jVjrOvxkWTuE0JyEoU_n9c5cnkpyR5Ohtx-UE4ga2oz0x2uBal0IzeHcY_J6m3-zmlGRMDLjRu4Tm_b-OdAwDuKTqCItY-2uEgxv0bd8FPdCYtdlatrPVbzPEvc-ULv-RUN9eFMW50JhUE8Uth7z8Xj2W4YrmTQKS6jkdl_L9ZZandhfPX9vWMuGnxk54_AkCsuxapx8wabrjOOwN9HkxsAxZRDBERPumK9dCsXOHfYmfKUfto0gwdujRwX2CG0U.x260zHOvOhxpCAy3qq5sEtnNUmmW5uFR2FcHdW6fAEQ&dib_tag=se&qid=1755802584&refinements=p_n_g-101014971069111%3A119653281011&s=electronics&sr=1-4826,True
"Shure by Gator Round Base Desktop Mic Stand with Standard Height-Adjustable Twist Clutch and 6"" Base; (SH-DESKTOP1)",Audio,True,,Audio,Computers & Laptops,44.99,Shure,/Shure-Gator-Standard-Height-Adjustable-SH-DESKTOP1/dp/B0CW1W1GQ7/ref=sr_1_4851?dib=eyJ2IjoiMSJ9.gIiy9INQzlf0WoQ2xno5escfsqV9WsjNT3Y05_mesZgNwgQoQ1wiwy25_dGMs6ht9pMkx-9c3U4GDNUIv7_9c9Hnhr0gIpOjZwatgY019oZ0xGuyY68vNAxmFoFsuzPXqeFgLEHm151kaVqOfXZXjlj4wzTUHyojg9q_qdkaOFr43UMomn-TX2CNj9N0CrXstKFjrMrKrvAezQ_KU25LAELkcCdGbOdDCnvSMbrFpTnHetKBbwPI4w7qvPsTZot85rzLSGNrf-oiUDO6P8bdeie71xGOn3ohVw_IyBj-4Bg.Qf9HttFhE7uQJ_bmcespFgVV6IUwi7m4ZP26h7WeMtI&dib_tag=se&qid=1755802597&refinements=p_n_g-101014971069111%3A119653281011&s=electronics&sr=1-4851,True
"Garmin GPSMAP 65s, Button-Operated Handheld with Altimeter and Compass, Expanded Satellite Support and Multi-Band Technology, 2.6"" Color Display",Marine & GPS,True,,Other,Other,357.08,Garmin,/Garmin-Button-Operated-Altimeter-Multi-Band-Technology/dp/B08HR5CXCK/ref=sr_1_4853?dib=eyJ2IjoiMSJ9.HtTbEMjsz9msRwz15PydoYwieAPDBkUI85Aa9x1UkEzogexubNEuC6n07AJfrCr6hKxCoY9N_uP_cW5rbTqXxXAe2SPmPG08SK4xq7Pyv0M_AnWDxr3xITuePuWX1SljTbXE2zyx2qGTTV_L3aK0C4ziNj_6tI8NvFmPXL0V2Abx6oeTGgOF4HbTf8l03H4be2oYPdfStS37NnP6W45kG6-sn5BRcvMVLZRSY8g6VaoNiK20StsgFKVDxQmg72ZZfZ6XzrlZt8VLsIwY_OS-ZYjMluu5JXLWGYLTRJJhYt0.P8sfC8aUoEaICh-o1N59YBYUs51QDcLFwjwXgG0HFjk&dib_tag=se&qid=1755802610&refinements=p_n_g-101014971069111%3A119653281011&s=electronics&sr=1-4853,False
SanDisk Flash 16 GB SDHC Flash Memory Card SDSDB-016G (Label May Change),Storage & Memory Cards,True,,Storage & Memory Cards,Office & School Supplies,7.45,Sandisk,/SanDisk-Flash-Memory-SDSDB-016G-Change/dp/B001W1BSM0/ref=sr_1_4799?dib=eyJ2IjoiMSJ9.9kFbkxK_IGNYPLPq21uw0FlhXdDTlKDDrauTHvo1l9A363X8wQLV9Y9-dIplKRULjnGRVQtFidmk9ig7D0ICsUFirEl3DNnWKmWXx2nTJRR14kAZvLlJXSnYuSruFFnI2GKecIDxpbZj_YKcWlO9qGmwlC_LF6mrXqYZofRPnLajg75HUXLUmE-QPXJJSS85DjOk2ShkrGdhR4niRH-xOCcXd7g8oHzbq8GJwRpVc4sTX-Zg1Sj7LNObLOI5C1NUCvlEvnNN8Z8JZybmVOXzhEy2-3qW4adppGUr8Dbq_rg.u2MUkpCUEP4zihF5JKgZvkbXNZnp5MpuQdmSHQlJSw8&dib_tag=se&qid=1755802573&refinements=p_n_g-101014971069111%3A119653281011&s=electronics&sr=1-4799,True
"Humminbird XPLORE 9 GPS Fish Finder with Transducer, MEGA Side Imaging+ & HD Touchscreen Display",Marine & GPS,True,,Marine & GPS,Monitors & Displays,1467.87,Humminbird,/Humminbird-Transducer-Imaging-Touchscreen-Display/dp/B0DKLWC8DL/ref=sr_1_4948?dib=eyJ2IjoiMSJ9.D6T4rW-4XiC88mGP7eq-vaeJSVwzE4b0hjMXlZbRQK_6N_qveC5PoRbeEKZOqREUVbrkKlWp0iv_kwnhdCK7l8QMV8xDWT9nHHIouvxBDrT0tyd2XvkmvyV96-n4YCZLQGFUty0HHvX3yKnObEGkm-RK-cTKET8W8AX7ZcOh84DiJT_JT2ugE1fNnXJsYZXkeM9ZM_Y8Uf2sUSh_AhrfTmipva7AaNaMr3Z2WDC5GClOyv8Lo4IM9Y4c8KjXMEoi_QFJYY_6maTym5Yfi5l-_pfPjVoDl62XTxLLOUI-Tug.gqLxgQUfsS8CsuNMaXBbXt93PS8DeQKYnmQ8xZ4Te-s&dib_tag=se&qid=1755802652&refinements=p_n_g-101014971069111%3A119653281011&s=electronics&sr=1-4948,True
4PCS Breadboards Kit Include 2PCS 830 Point 2PCS 400 Point Solderless Breadboards for Proto Shield Distribution Connecting Blocks,Computers & Laptops,False,"breadboard prototyping kit, closest to dev boards",Computers & Laptops,Computers & Laptops,6.59,Breadboards,/sspa/click?ie=UTF8&spc=MTo4OTIwMTg4MjQ4NTQ0MzgyOjE3NTU4MDI2NTI6c3BfYnRmX2Jyb3dzZToyMDAwMzMwODUyMDczMzE6OjA6Og&url=%2FBreadboards-Solderless-Breadboard-Distribution-Connecting%2Fdp%2FB07DL13RZH%2Fref%3Dsr_1_4953_sspa%3Fdib%3DeyJ2IjoiMSJ9.D6T4rW-4XiC88mGP7eq-vaeJSVwzE4b0hjMXlZbRQK_6N_qveC5PoRbeEKZOqREUVbrkKlWp0iv_kwnhdCK7l8QMV8xDWT9nHHIouvxBDrT0tyd2XvkmvyV96-n4YCZLQGFUty0HHvX3yKnObEGkm-RK-cTKET8W8AX7ZcOh84DiJT_JT2ugE1fNnXJsYZXkeM9ZM_Y8Uf2sUSh_AhrfTmipva7AaNaMr3Z2WDC5GClOyv8Lo4IM9Y4c8KjXMEoi_QFJYY_6maTym5Yfi5l-_pfPjVoDl62XTxLLOUI-Tug.gqLxgQUfsS8CsuNMaXBbXt93PS8DeQKYnmQ8xZ4Te-s%26dib_tag%3Dse%26qid%3D1755802652%26refinements%3Dp_n_g-101014971069111%253A119653281011%26s%3Delectronics%26sr%3D1-4953-spons%26sp_csd%3Dd2lkZ2V0TmFtZT1zcF9idGZfYnJvd3Nl%26psc%3D1,True
"SABRE 110dB Door Handle Alarm, Extremely Loud Wireless Alarm Audible Up To 680 Ft Away, Hangs Off Door Knob or Handle, Vibration-Triggered Home Security Alarm, 3 Adjustable Settings, Great for Travel",Smart Home & Wearables,False,"standalone door alarm, closest to home-security",Other,Other,11.98,Sabre,/SABRE-Door-Handle-Alarm-Vibration-Triggered/dp/B01L3R5LXE/ref=sr_1_4940?dib=eyJ2IjoiMSJ9.D6T4rW-4XiC88mGP7eq-vaeJSVwzE4b0hjMXlZbRQK_6N_qveC5PoRbeEKZOqREUVbrkKlWp0iv_kwnhdCK7l8QMV8xDWT9nHHIouvxBDrT0tyd2XvkmvyV96-n4YCZLQGFUty0HHvX3yKnObEGkm-RK-cTKET8W8AX7ZcOh84DiJT_JT2ugE1fNnXJsYZXkeM9ZM_Y8Uf2sUSh_AhrfTmipva7AaNaMr3Z2WDC5GClOyv8Lo4IM9Y4c8KjXMEoi_QFJYY_6maTym5Yfi5l-_pfPjVoDl62XTxLLOUI-Tug.gqLxgQUfsS8CsuNMaXBbXt93PS8DeQKYnmQ8xZ4Te-s&dib_tag=se&qid=1755802652&refinements=p_n_g-101014971069111%3A119653281011&s=electronics&sr=1-4940,False
"Lutron Claro 2 Gang Decorator/Rocker Wallplate, For Light Dimmers, Switches and Accessories, Snap-On Installation, No Visible Screws, Satin, SC-2-SW, Snow",Power Strips & Surge Protectors,True,,Other,Power Strips & Surge Protectors,11.64,Lutron,/Lutron-Claro-Decorator-Wallplate-SC-2-SW/dp/B00105VAJ4/ref=sr_1_4939?dib=eyJ2IjoiMSJ9.D6T4rW-4XiC88mGP7eq-vaeJSVwzE4b0hjMXlZbRQK_6N_qveC5PoRbeEKZOqREUVbrkKlWp0iv_kwnhdCK7l8QMV8xDWT9nHHIouvxBDrT0tyd2XvkmvyV96-n4YCZLQGFUty0HHvX3yKnObEGkm-RK-cTKET8W8AX7ZcOh84DiJT_JT2ugE1fNnXJsYZXkeM9ZM_Y8Uf2sUSh_AhrfTmipva7AaNaMr3Z2WDC5GClOyv8Lo4IM9Y4c8KjXMEoi_QFJYY_6maTym5Yfi5l-_pfPjVoDl62XTxLLOUI-Tug.gqLxgQUfsS8CsuNMaXBbXt93PS8DeQKYnmQ8xZ4Te-s&dib_tag=se&qid=1755802652&refinements=p_n_g-101014971069111%3A119653281011&s=electronics&sr=1-4939,False
"DJI Osmo Pocket 3 Creator Combo Vlogging Camera with 1'' CMOS, 4K/120fps Video, 3-Axis Stabilization, Face/Object Tracking, Fast Focus, Mic 2 Included Bundle with Deco Gear Case &2 Lapel Microphones",Cameras & Photography,True,,Cameras & Photography,Audio,,Dji,/DJI-Vlogging-Stabilization-Tracking-Microphones/dp/B0DVH8P2MJ/ref=sr_1_4917?dib=eyJ2IjoiMSJ9.SYFcxBfG8nulq_2rIcQ3jKCNJVueT9Jc3v0XMcFlLa_qR3avx8q0CK3L0rLhZW_gDpAQZMZfOldXUeoXaC6iaCaVkktPgzO_fkpVcWZxVkhpo2JNonq5kJAF3f5_xbngsZoHTM8dRf1Mo2cDK_27qkjqEVK7Wp6ohUBAfVKVTQy4Z285LZ-bRcnDN4RoDlNBpTNwOoW_l7wlf30SDaIrCLHKBIvjtIg42GnPm48DXIYUdxEdYjEtMpk_uRYe1leYmaYvUvXeshIH39BPNHbYGGEcywGfcEBjIA0PtlXFS8M.z9GWIaoOSM-8aqkriMlO85OnmZkRhUOR-QZCcqWdwr0&dib_tag=se&qid=1755802638&refinements=p_n_g-101014971069111%3A119653281011&s=electronics&sr=1-4917,True
SAMSUNG Official Galaxy Watch Fast Wireless Charger (USB-C) - Black (EP-OR900BBEGWW),Cables & Charging,True,,Cables & Charging,Phone & Tablet Accessories,,Samsung,/SAMSUNG-Official-Galaxy-Wireless-Charger/dp/B0B77PM6JT/ref=sr_1_5064?dib=eyJ2IjoiMSJ9.OUiYjXf2xPih0cdlmyxIyqqURQEy3cxpuOmDoiGHulE0YomdDx9L2Pa2dusg0eKr44WKvP9H42cMIF1l3qGfnP9j50Jz2lUUjkSzd1ysKSjPkPpAlnb3z7CfOAPG97_58TT2iQILGiKbT9CN2dWL49v7MW47XLjmPc_vXOvQzwmjtGa4iq7VuWQU13Q242uqgJLak-x8u4D3mpmNG-UOs59lyZ0R2-TnDXP7Yl0M7BTZ25hv0wnBv33XkCy3HerRKZyCZk3LqxP8txwVwjs6E_4o1kDhuG9RRz9Dx3yhWds.61FfLHWeKD6d0K2hjGaaDkujpm-S6l0EFmUnrcm2ri0&dib_tag=se&qid=1755802717&refinements=p_n_g-101014971069111%3A119653281011&s=electronics&sr=1-5064,True
"Belkin USB C to USB C Cable, 6.6ft, 100W - Type C Charger, iPhone Charger Cord, Braided, Flexible for iPhone 16, Galaxy S25, Pixel 9, AirPods, iPad Pro, Tablet, Nintendo Switch 2 & More - Black",Cables & Charging,True,,Cables & Charging,Phone & Tablet Accessories,14.99,Belkin,/Belkin-USB-C-100W-Charging-Cable/dp/B0B3HD6FK3/ref=sr_1_5063?dib=eyJ2IjoiMSJ9.OUiYjXf2xPih0cdlmyxIyqqURQEy3cxpuOmDoiGHulE0YomdDx9L2Pa2dusg0eKr44WKvP9H42cMIF1l3qGfnP9j50Jz2lUUjkSzd1ysKSjPkPpAlnb3z7CfOAPG97_58TT2iQILGiKbT9CN2dWL49v7MW47XLjmPc_vXOvQzwmjtGa4iq7VuWQU13Q242uqgJLak-x8u4D3mpmNG-UOs59lyZ0R2-TnDXP7Yl0M7BTZ25hv0wnBv33XkCy3HerRKZyCZk3LqxP8txwVwjs6E_4o1kDhuG9RRz9Dx3yhWds.61FfLHWeKD6d0K2hjGaaDkujpm-S6l0EFmUnrcm2ri0&dib_tag=se&qid=1755802717&refinements=p_n_g-101014971069111%3A119653281011&s=electronics&sr=1-5063,True
"Creative Pebble V3 Minimalistic 2.0 USB-C Desktop Speakers with USB Audio, Clear Dialog Enhancement, Bluetooth 5.0, 8W RMS with 16W Peak Power, USB-A Converter Included (White)",Audio,True,,Audio,Computers & Laptops,42.74,Creative,/Creative-Minimalistic-Enhancement-Bluetooth-Converter/dp/B09F9GTKL8/ref=sr_1_5051?dib=eyJ2IjoiMSJ9.OUiYjXf2xPih0cdlmyxIyqqURQEy3cxpuOmDoiGHulE0YomdDx9L2Pa2dusg0eKr44WKvP9H42cMIF1l3qGfnP9j50Jz2lUUjkSzd1ysKSjPkPpAlnb3z7CfOAPG97_58TT2iQILGiKbT9CN2dWL49v7MW47XLjmPc_vXOvQzwmjtGa4iq7VuWQU13Q242uqgJLak-x8u4D3mpmNG-UOs59lyZ0R2-TnDXP7Yl0M7BTZ25hv0wnBv33XkCy3HerRKZyCZk3LqxP8txwVwjs6E_4o1kDhuG9RRz9Dx3yhWds.61FfLHWeKD6d0K2hjGaaDkujpm-S6l0EFmUnrcm2ri0&dib_tag=se&qid=1755802717&refinements=p_n_g-101014971069111%3A119653281011&s=electronics&sr=1-5051,True
Microsoft Windows 11 (USB),Storage & Memory Cards,False,OS installer on USB flash drive,Other,Other,,Microsoft,/Microsoft-dvd903211-Windows-11-USB/dp/B09V6R9QZZ/ref=sr_1_5092?dib=eyJ2IjoiMSJ9.bT-TFTQM_wDXurTXVx8kthu8vA7bnuFG-BnkRFL5OEceA_A6XZziXU8G3YIOuacp3duvhHIrkXNASFYGF505m0cAWnkclP8jiE5CZ0vgAds3QOMXR6ErJDPY0nhOKdPiwMe3vmtLS3J_SETOK0zpQGyEPxBFxZqMMTnfHFfkqBeEhI_TsbMHlzmWtITxkFYTFpLFDmxhcf0Zo3AW26XFdoHf3rXss4gVTnhP6u2YNIN_4X-C_hJsD88KYgGgOicCuad-VSAOGOb33RLXW8OvTyhQiOpsm860oRW_uI_6gUE.PWYDcGOYZpxHp7kIKXVH329czogbEnGvEa_FG0CokPo&dib_tag=se&qid=1755802729&refinements=p_n_g-101014971069111%3A119653281011&s=electronics&sr=1-5092,False
"TP-Link AX6000 WiFi 6 Router(Archer AX6000) -802.11ax Wireless 8-Stream Gaming Router, 2.5G WAN, 8 Gigabit LAN Ports, MU-MIMO, 1.8GHz Quad-Core CPU",Networking,True,,Networking,Computers & Laptops,125.99,Tp-Link,/TP-Link-AX6000-8-Stream-Smart-Router/dp/B07L56SN8M/ref=sr_1_5022?dib=eyJ2IjoiMSJ9.TLPIK-KPBZ2Cj-LJxVytQH4GN6Ij3r3tYm8rik9xPFxVwlEbNPmfoUBnsbKdkOxHPwzkZTXDzJ4FQ4_j8ZVivp36R0uQLC4PSExHNDeg9mzMxTSv4npdQCbQDGcwrfLyvX9DbGCl1GBPZ2MeP65ZqZV5H8n--sfxdNKZ3YpF6TiP5vLP8gj1FKE-zGZTXZqhxCe_ChVUHQzqLm6Wqy9-D3FdQdxXYGqmu7xjAd7OpkTPOik9AqXTQqAnvri5s68pj23iJ2cXLIYp4uxXIl0clLE6A3-vYMRpsnH-sVKZ8_k.55xTlCU6hJEIxktMHBeMENn07_htVkCkckvZXBZDNJA&dib_tag=se&qid=1755802689&refinements=p_n_g-101014971069111%3A119653281011&s=electronics&sr=1-5022,True
Sony VHS/DVD Combo Player (Renewed),TV & Home Entertainment,True,,TV & Home Entertainment,Other,279.99,Sony,/Sony-VHS-Combo-Player-Renewed/dp/B09QQVLWTM/ref=sr_1_5046?dib=eyJ2IjoiMSJ9.iIAVKGeRitBKdVVtacCojdFUwWgim00P-CQuXBNy6H7kBzBTq7mqHKhN0-Sk_3UaZFcLx5RkffyqmmXbDjF3GnU-dUVnMSYX6WUlVecL4cxxBtFSF0ZZKsf87BZhzVVq8T-10dbSgXhYybEw_MkVYPzB2SqOoibDxoJ1bkDrtOSH3y_W5s-r8KVYaOm2rE4KbwmfRxAEO0G5-djuVNIo2VGXr6K33vk7NuTPs-0jizaOoRgU8shhS5CC7r6WKsJ6Obcq43SrKQutIf0fFL1eI3VuhOyHclIdUkkgA5xW96I.LSgv3Vn52UOLrDF-KCDH6gOY67cuzdigrdBFIH2R18M&dib_tag=se&qid=1755802705&refinements=p_n_g-101014971069111%3A119653281011&s=electronics&sr=1-5046,True
"iHome 2-Port USB Wall Charger, AC Pro Multiport Plug Adapter, Phone Charging Block with Dual Ports, Flat Wall Adapter for Home & Travel",Cables & Charging,True,,Cables & Charging,Phone & Tablet Accessories,11.99,Ihome,/iHome-Charger-Foldable-Airpods-Samsung/dp/B088X5FVHN/ref=sr_1_5031?dib=eyJ2IjoiMSJ9.iIAVKGeRitBKdVVtacCojdFUwWgim00P-CQuXBNy6H7kBzBTq7mqHKhN0-Sk_3UaZFcLx5RkffyqmmXbDjF3GnU-dUVnMSYX6WUlVecL4cxxBtFSF0ZZKsf87BZhzVVq8T-10dbSgXhYybEw_MkVYPzB2SqOoibDxoJ1bkDrtOSH3y_W5s-r8KVYaOm2rE4KbwmfRxAEO0G5-djuVNIo2VGXr6K33vk7NuTPs-0jizaOoRgU8shhS5CC7r6WKsJ6Obcq43SrKQutIf0fFL1eI3VuhOyHclIdUkkgA5xW96I.LSgv3Vn52UOLrDF-KCDH6gOY67cuzdigrdBFIH2R18M&dib_tag=se&qid=1755802705&refinements=p_n_g-101014971069111%3A119653281011&s=electronics&sr=1-5031,True
"Casio HR-200RC – Desktop Printing Calculator with Dual-Color Print & 150-Step Check | Cost/Sell/Margin, Tax & Calendar | New Version of HR-150TM | Ideal for Accounting & Retail",Office & School Supplies,True,,Printers & Ink,Office & School Supplies,42.91,Casio,/Casio-Office-Products-HR-200RC-Mini-Desktop/dp/B07MDM8K49/ref=sr_1_5020?dib=eyJ2IjoiMSJ9.iIAVKGeRitBKdVVtacCojdFUwWgim00P-CQuXBNy6H7kBzBTq7mqHKhN0-Sk_3UaZFcLx5RkffyqmmXbDjF3GnU-dUVnMSYX6WUlVecL4cxxBtFSF0ZZKsf87BZhzVVq8T-10dbSgXhYybEw_MkVYPzB2SqOoibDxoJ1bkDrtOSH3y_W5s-r8KVYaOm2rE4KbwmfRxAEO0G5-djuVNIo2VGXr6K33vk7NuTPs-0jizaOoRgU8shhS5CC7r6WKsJ6Obcq43SrKQutIf0fFL1eI3VuhOyHclIdUkkgA5xW96I.LSgv3Vn52UOLrDF-KCDH6gOY67cuzdigrdBFIH2R18M&dib_tag=se&qid=1755802705&refinements=p_n_g-101014971069111%3A119653281011&s=electronics&sr=1-5020,False
"JBL Professional All-in- 1 Personal System with Bluetooth, XLR, Black, Rechargeable Portable PA (EON ONE Compact)",Audio,True,,Other,Other,,Jbl,/JBL-Professional-EON-ONE-Compact/dp/B07Y2LYV34/ref=sr_1_5022?dib=eyJ2IjoiMSJ9.iIAVKGeRitBKdVVtacCojdFUwWgim00P-CQuXBNy6H7kBzBTq7mqHKhN0-Sk_3UaZFcLx5RkffyqmmXbDjF3GnU-dUVnMSYX6WUlVecL4cxxBtFSF0ZZKsf87BZhzVVq8T-10dbSgXhYybEw_MkVYPzB2SqOoibDxoJ1bkDrtOSH3y_W5s-r8KVYaOm2rE4KbwmfRxAEO0G5-djuVNIo2VGXr6K33vk7NuTPs-0jizaOoRgU8shhS5CC7r6WKsJ6Obcq43SrKQutIf0fFL1eI3VuhOyHclIdUkkgA5xW96I.LSgv3Vn52UOLrDF-KCDH6gOY67cuzdigrdBFIH2R18M&dib_tag=se&qid=1755802705&refinements=p_n_g-101014971069111%3A119653281011&s=electronics&sr=1-5022,False
Insta360 X5 Utility Fast Charge Case,Cameras & Photography,True,,Cables & Charging,Other,53.99,Insta360,/Insta360-Utility-Fast-Charge-Case/dp/B0DZGJ36WC/ref=sr_1_5167?dib=eyJ2IjoiMSJ9.dcSltKLHbwL5plfouJNd2_GFk_nf5QU2IB4om1Ts7mqert4Km_a-4OUSrRJB6_Y2bWmGBEjVo6uFUuQsQALkdyeD__xe05nYP1zKKx5ntjtZEjZtVA91rD_myk6OUgiGD1hZPn2sHNUaxOrclMEGsR3_JDaXmURwTZZGAsizgjsOFzNRevUiPVTDXStAitmC1P5pqz1IZ0-RTjFaggYYDHr-lRfDbJmq8dZSNpXRhYVQSXJp8rz3JpI7cExM0YClVBNDIBQoV8Vs6n716yqamajfH1lkKW6WqIfpRkKmKUA.2LRavMBjcrr6N-_sA239N7xzeztzsL6nELt3HeBwsEI&dib_tag=se&qid=1755802779&refinements=p_n_g-101014971069111%3A119653281011&s=electronics&sr=1-5167,False
"Creative Pebble Plus 2.1 USB-Powered Desktop Speakers with Powerful Down-Firing Subwoofer and Far-Field Drivers, Up to 8W RMS Total Power for Computer PCs and Laptops (Black)",Audio,True,,Audio,Computers & Laptops,49.99,Creative,/Creative-USB-Powered-Down-Firing-Subwoofer-Far-Field/dp/B07NWLWM9B/ref=sr_1_5161?dib=eyJ2IjoiMSJ9.wB49KKQpUOtJkvdtxjoBaD_8dlrHBy8suCFtdISyDFGbPYL8mlYwOFCEgKu5RohwXf3iEuaCaEXpDFezvPxV7wL7SOXQPgXDpJ2uwdnfGjLuPkDtckEp3G1nUWi8mt2oXrNxbziMMOk8xh1dtYJgur1isns95R6WkGMP82ztfsh-cirhyzXZ3El8FdjHab_7jVUJHfB6uMCL-n8wRNvu6EOewySxmVPRCIM973kH9a4A5-RT2d-wY73e7c0yk4A3EE1ivRCrsy-hCADcTGuN-_8QfSgJIKnB9iXiobqDwNc.5h3ffTA94KZXAK6F5xCoYX7niMf14UUuYU-NTgblPk8&dib_tag=se&qid=1755802765&refinements=p_n_g-101014971069111%3A119653281011&s=electronics&sr=1-5161,True
Insta360 Mini Remote,Cameras & Photography,True,,Other,Other,26.99,Insta360,/Insta360-842126104268-Mini-Remote/dp/B0DP3ZDGSM/ref=sr_1_5165?dib=eyJ2IjoiMSJ9.dcSltKLHbwL5plfouJNd2_GFk_nf5QU2IB4om1Ts7mqert4Km_a-4OUSrRJB6_Y2bWmGBEjVo6uFUuQsQALkdyeD__xe05nYP1zKKx5ntjtZEjZtVA91rD_myk6OUgiGD1hZPn2sHNUaxOrclMEGsR3_JDaXmURwTZZGAsizgjsOFzNRevUiPVTDXStAitmC1P5pqz1IZ0-RTjFaggYYDHr-lRfDbJmq8dZSNpXRhYVQSXJp8rz3JpI7cExM0YClVBNDIBQoV8Vs6n716yqamajfH1lkKW6WqIfpRkKmKUA.2LRavMBjcrr6N-_sA239N7xzeztzsL6nELt3HeBwsEI&dib_tag=se&qid=1755802779&refinements=p_n_g-101014971069111%3A119653281011&s=electronics&sr=1-5165,False
JLab JBuds Frames Wireless Open-Ear Audio for Your Glasses | 8-hour Bluetooth Playtime,Audio,True,,Audio,Other,14.99,Jlab,/JLab-Wireless-Open-Ear-Respectful-Bluetooth/dp/B0062S0TR8/ref=sr_1_5207?dib=eyJ2IjoiMSJ9.Mh8C6JYBx8QqmDMtcKud-8ppJc4gfWfI8tFu8-kWwTjSYCUmRtWuqUYeVe808SK_3T01ieVF4jztLDycEWcn_K694SoZe2sb4cg8eV4Lwg-3Vc3m9FhyORyLxld9LpsHuSb32cMC-oXs6CPTRcUULYrPnkhtYTas2XRdMiYxubCeSGO41vhzLOl0FmgGXTH1gYhKhq5w8s8DLoErV0WGj6VnLtkAkY0lLiCrIXXLUdUmKSJaRy6kPU6Hav2XxzirR14cAfUr3dFN07WNp150P6E3WOCkj9vwRg0CpR_GZ0E.6171j2zyKQ7983FedqkK_PvYHKcH0KidSAqyLllZcxw&dib_tag=se&qid=1755802792&refinements=p_n_g-101014971069111%3A119653281011&s=electronics&sr=1-5207,True
Logitech Rally Plus Video Video Conference Equipment,Audio,False,"video conferencing camera+audio bundle, could also be Cameras & Photography",Other,Other,2349.0,Logitech,/Logitech-Rally-Ultra-Ptz-Conferencecam/dp/B07JGHZKYW/ref=sr_1_5212?dib=eyJ2IjoiMSJ9.Mh8C6JYBx8QqmDMtcKud-8ppJc4gfWfI8tFu8-kWwTjSYCUmRtWuqUYeVe808SK_3T01ieVF4jztLDycEWcn_K694SoZe2sb4cg8eV4Lwg-3Vc3m9FhyORyLxld9LpsHuSb32cMC-oXs6CPTRcUULYrPnkhtYTas2XRdMiYxubCeSGO41vhzLOl0FmgGXTH1gYhKhq5w8s8DLoErV0WGj6VnLtkAkY0lLiCrIXXLUdUmKSJaRy6kPU6Hav2XxzirR14cAfUr3dFN07WNp150P6E3WOCkj9vwRg0CpR_GZ0E.6171j2zyKQ7983FedqkK_PvYHKcH0KidSAqyLllZcxw&dib_tag=se&qid=1755802792&refinements=p_n_g-101014971069111%3A119653281011&s=electronics&sr=1-5212,False
"Anne Klein Fashion Chain Bracelet for Apple Watch, Secure, Adjustable, Apple Watch Replacement Band, Fits Most Wrists",Smart Home & Wearables,True,,Smart Home & Wearables,Other,43.98,Anne,/Anne-Klein-Womens-Dress-Watch/dp/B09KWYVD6G/ref=sr_1_5190?dib=eyJ2IjoiMSJ9.Mh8C6JYBx8QqmDMtcKud-8ppJc4gfWfI8tFu8-kWwTjSYCUmRtWuqUYeVe808SK_3T01ieVF4jztLDycEWcn_K694SoZe2sb4cg8eV4Lwg-3Vc3m9FhyORyLxld9LpsHuSb32cMC-oXs6CPTRcUULYrPnkhtYTas2XRdMiYxubCeSGO41vhzLOl0FmgGXTH1gYhKhq5w8s8DLoErV0WGj6VnLtkAkY0lLiCrIXXLUdUmKSJaRy6kPU6Hav2XxzirR14cAfUr3dFN07WNp150P6E3WOCkj9vwRg0CpR_GZ0E.6171j2zyKQ7983FedqkK_PvYHKcH0KidSAqyLllZcxw&dib_tag=se&qid=1755802792&refinements=p_n_g-101014971069111%3A119653281011&s=electronics&sr=1-5190,True
"Logitech H570e Wired Headset, Stereo Headphones with Noise-Cancelling Microphone, USB, In-Line Controls with Mute Button, Indicator LED, PC/Mac/Laptop - Black",Audio,True,,Audio,Computers & Laptops,,Logitech,/Logitech-Headphones-Noise-Cancelling-Microphone-Indicator/dp/B00MUTWMN2/ref=sr_1_5191?dib=eyJ2IjoiMSJ9.Mh8C6JYBx8QqmDMtcKud-8ppJc4gfWfI8tFu8-kWwTjSYCUmRtWuqUYeVe808SK_3T01ieVF4jztLDycEWcn_K694SoZe2sb4cg8eV4Lwg-3Vc3m9FhyORyLxld9LpsHuSb32cMC-oXs6CPTRcUULYrPnkhtYTas2XRdMiYxubCeSGO41vhzLOl0FmgGXTH1gYhKhq5w8s8DLoErV0WGj6VnLtkAkY0lLiCrIXXLUdUmKSJaRy6kPU6Hav2XxzirR14cAfUr3dFN07WNp150P6E3WOCkj9vwRg0CpR_GZ0E.6171j2zyKQ7983FedqkK_PvYHKcH0KidSAqyLllZcxw&dib_tag=se&qid=1755802792&refinements=p_n_g-101014971069111%3A119653281011&s=electronics&sr=1-5191,True
"UGREEN FineTrack Slim Smart Finder Compatible with Apple Find My (iOS Only), 1.7mm Ultra-Slim Wallet Finder, IP68 Waterproof Rechargeable Bluetooth Tracker Card for Wallet, Key, Luggage Tags",Phone & Tablet Accessories,True,,Other,Other,21.99,Ugreen,/UGREEN-Compatible-Ultra-Slim-Waterproof-Rechargeable/dp/B0D5415Q27/ref=sr_1_5107?dib=eyJ2IjoiMSJ9.R4iVeCYsUS4fkw0g057kd5jrPlbgZJllOn41PBB4VujWX3p9MWgdDmMNBwsK0chdQ8GarJZu0C1S93_0nNgfmnUbiw-8LrqCv0KhFoK1MTTCRqvjAoXoZ_hj24l1U5f6jvaWsHjZUu0oSFHAiAdlvGU3Qxj_XeopOhZ_b4SbiwjuiIqQ5DHdQHERzkFSRlBacQsgFc-AVs4KMoOfhJCBkK8KYRYKHM7xG-VTh87xa_PzOtthLFKA8X6FBRMYhUX__vd8CsZTKCsD9-BfKp0NjU651-wsNGT79hKbFrXQ7rM.ze0NzoHj4hKp4KhHpxvq4vrFxhMd9GaV6FOC3_2IJs0&dib_tag=se&qid=1755802742&refinements=p_n_g-101014971069111%3A119653281011&s=electronics&sr=1-5107,False
NZXT F360 RGB Core - 360mm Single-Frame Fan Unit with 3 x 120mm RGB Fans - Speed & Lighting Control - High Static Pressure & Airflow - Fluid Dynamic Bearings - 8 aRGB LEDs Per Fan - Black,Computers & Laptops,True,,Other,Other,69.99,Nzxt,/NZXT-F360-RGB-Core-Single-Frame/dp/B0D1RKBS7J/ref=sr_1_5143?dib=eyJ2IjoiMSJ9.wB49KKQpUOtJkvdtxjoBaD_8dlrHBy8suCFtdISyDFGbPYL8mlYwOFCEgKu5RohwXf3iEuaCaEXpDFezvPxV7wL7SOXQPgXDpJ2uwdnfGjLuPkDtckEp3G1nUWi8mt2oXrNxbziMMOk8xh1dtYJgur1isns95R6WkGMP82ztfsh-cirhyzXZ3El8FdjHab_7jVUJHfB6uMCL-n8wRNvu6EOewySxmVPRCIM973kH9a4A5-RT2d-wY73e7c0yk4A3EE1ivRCrsy-hCADcTGuN-_8QfSgJIKnB9iXiobqDwNc.5h3ffTA94KZXAK6F5xCoYX7niMf14UUuYU-NTgblPk8&dib_tag=se&qid=1755802765&refinements=p_n_g-101014971069111%3A119653281011&s=electronics&sr=1-5143,False
"Uniden PRO505XL 40-Channel CB Radio. Pro-Series, Compact Design. Public Address (PA) Function. Instant Emergency Channel 9, External Speaker Jack, Large Easy to Read Display. - Black",Audio,True,,Audio,Monitors & Displays,,Uniden,/Uniden-PRO505XL-40-Channel-Function-Emergency/dp/B005ZLB0E4/ref=sr_1_5134?dib=eyJ2IjoiMSJ9.qCTLNBkPpmO03xdQICVw2bDTAHfuH3nlZvHjPdQTaxy0ZOLRb5PK_bX8xXXFVhogxKeoujF-jCd7Uehpk6bp7SCH9z9At5aM7L5tB_ugJiI7l46iOhA7nZte0mNGtRzl81DTkQPWHVE0FCWUFNCIGe51Z8Gxyy3E_Rv3IJSrOtRmHupnKL2XL4SjaFzE9LuzIq9sdjB2gVxj-AZCedszRG3-Q2oTg_diyKrr3DDvoNmqohYYppaWFbdWuS9hTo8Psmbswx61s8TPG0YbZsh7IaEoQVT1ptKC0KVEMp2AFms.HkTn-nOIXFwjazzIs-DLrcj6ZveQe8vDTE36h-Zut1g&dib_tag=se&qid=1755802753&refinements=p_n_g-101014971069111%3A119653281011&s=electronics&sr=1-5134,True
"Belkin Charging Station For Laptops with Surge Protector - 10 Device USB Charging Dock for Tablets, Laptops, Chromebooks – Cable Management for Classrooms, Offices, Tech Labs, Shared Spaces, & More",Cables & Charging,True,,Power Strips & Surge Protectors,Cables & Charging,189.95,Belkin,/Belkin-B2B074-Store-Charge-Station/dp/B00BE6AAIQ/ref=sr_1_5135?dib=eyJ2IjoiMSJ9.qCTLNBkPpmO03xdQICVw2bDTAHfuH3nlZvHjPdQTaxy0ZOLRb5PK_bX8xXXFVhogxKeoujF-jCd7Uehpk6bp7SCH9z9At5aM7L5tB_ugJiI7l46iOhA7nZte0mNGtRzl81DTkQPWHVE0FCWUFNCIGe51Z8Gxyy3E_Rv3IJSrOtRmHupnKL2XL4SjaFzE9LuzIq9sdjB2gVxj-AZCedszRG3-Q2oTg_diyKrr3DDvoNmqohYYppaWFbdWuS9hTo8Psmbswx61s8TPG0YbZsh7IaEoQVT1ptKC0KVEMp2AFms.HkTn-nOIXFwjazzIs-DLrcj6ZveQe8vDTE36h-Zut1g&dib_tag=se&qid=1755802753&refinements=p_n_g-101014971069111%3A119653281011&s=electronics&sr=1-5135,False
SimpliSafe Wireless Keypad - Touch-to-Wake Technology - Compatible with The Home Security System - Latest Gen,Smart Home & Wearables,True,,Keyboards & Mice,Smart Home & Wearables,69.99,Simplisafe,/SimpliSafe-Wireless-Keypad-Touch-Wake/dp/B08HRB7QH3/ref=sr_1_5131?dib=eyJ2IjoiMSJ9.qCTLNBkPpmO03xdQICVw2bDTAHfuH3nlZvHjPdQTaxy0ZOLRb5PK_bX8xXXFVhogxKeoujF-jCd7Uehpk6bp7SCH9z9At5aM7L5tB_ugJiI7l46iOhA7nZte0mNGtRzl81DTkQPWHVE0FCWUFNCIGe51Z8Gxyy3E_Rv3IJSrOtRmHupnKL2XL4SjaFzE9LuzIq9sdjB2gVxj-AZCedszRG3-Q2oTg_diyKrr3DDvoNmqohYYppaWFbdWuS9hTo8Psmbswx61s8TPG0YbZsh7IaEoQVT1ptKC0KVEMp2AFms.HkTn-nOIXFwjazzIs-DLrcj6ZveQe8vDTE36h-Zut1g&dib_tag=se&qid=1755802753&refinements=p_n_g-101014971069111%3A119653281011&s=electronics&sr=1-5131,False
"Samsung Galaxy Tab S9 | S9 FE | S10 FE, FE Book Cover Keyboard Slim - AI Key for Galaxy Tab S10 FE, Detachable Platform, PC-Like Experience, Wireless Keyboard Sharing",Phone & Tablet Accessories,True,,Phone & Tablet Accessories,Keyboards & Mice,113.14,Samsung,/SAMSUNG-Keyboard-Protector-Lightweight-Experience/dp/B0DB2NB17J/ref=sr_1_5285?dib=eyJ2IjoiMSJ9.947yf9DILb1G5dtev6egTFWNfhjzHwbsCvT3ycNCUvVbj35wjdpNGdIlzPeoNf-w1bHX73Xe4y8yTryfUTYde0LuwRaaTKaApnxrbo9II5143mHAPAVA9gelnpxOqi23QkVSJmQhCvBBWPFyCk1-nEDb7_3Bi47cVURhx6XPOfKfKYoKItztFkD9B7gdw_dmBViFUXCsJouNmgFKC46HnsZ5SBuXO8wUkO3UJ0ZY_dsNF3UwK1_87th5ZVbZQuR9Ihj70tZ0y-S-dnJ_Gxng3iOHeNDvsm0RcxjfsXd-864.Y-tl-b3SlRN6CvnrUbOu8osOp5fTTvQJy_LfRX5hB1M&dib_tag=se&qid=1755802825&refinements=p_n_g-101014971069111%3A119653281011&s=electronics&sr=1-5285,True
"LG 55-Inch Class OLED B4 Series Smart TV 4K Processor Flat Screen with Magic Remote AI-Powered with Alexa Built-in (OLED55B4PUA, 2024)",TV & Home Entertainment,True,,TV & Home Entertainment,Computers & Laptops,,Lg,/LG-55-Inch-Processor-AI-Powered-OLED55B4PUA/dp/B0CVRTFKFC/ref=sr_1_5302?dib=eyJ2IjoiMSJ9.LpUX--jauseNbcvQQhbQXNaWJFS2gbb3tli2JvXTpudBYgWii8YM5YVhymxMiaebPOTZzQzS67SHeOcwxNuJud9RAYF0wGjg1L5bIn9A3HS2rZAJs2yybreq0504h0XJIXVQPKh3ikexlKvQF1HkydKcVIxDnQWSW13DzyWgLu8jDXjZXboVHfa3RManno4m61K1ReLbC-7CYI-FKx3otbsroRsf2od4dAJNtBScq-0AkfU1G8GH5ZCahPJRLDw94G_BvbxGlp1FXYQ0-dh-O7k53JC6j9671RZipMd6hlA.VVbM6-kqBCLseIltypw5WNBZutVU7NgWA5eHOhM3ckQ&dib_tag=se&qid=1755802837&refinements=p_n_g-101014971069111%3A119653281011&s=electronics&sr=1-5302,True
"SanDisk 256GB Phone Drive for Android - The 2-in-1 USB for Smartphones, Tablets, and Computers - Thumb Drive with USB Type-C and Type-A Connectors - SDDDC6-256G-G46",Storage & Memory Cards,True,,Storage & Memory Cards,Phone & Tablet Accessories,23.99,Sandisk,/SanDisk-256GB-Phone-Drive-Android/dp/B0DFJ5KBH2/ref=sr_1_5271?dib=eyJ2IjoiMSJ9.947yf9DILb1G5dtev6egTFWNfhjzHwbsCvT3ycNCUvVbj35wjdpNGdIlzPeoNf-w1bHX73Xe4y8yTryfUTYde0LuwRaaTKaApnxrbo9II5143mHAPAVA9gelnpxOqi23QkVSJmQhCvBBWPFyCk1-nEDb7_3Bi47cVURhx6XPOfKfKYoKItztFkD9B7gdw_dmBViFUXCsJouNmgFKC46HnsZ5SBuXO8wUkO3UJ0ZY_dsNF3UwK1_87th5ZVbZQuR9Ihj70tZ0y-S-dnJ_Gxng3iOHeNDvsm0RcxjfsXd-864.Y-tl-b3SlRN6CvnrUbOu8osOp5fTTvQJy_LfRX5hB1M&dib_tag=se&qid=1755802825&refinements=p_n_g-101014971069111%3A119653281011&s=electronics&sr=1-5271,True
SCUF ENVISION PRO Wireless V1 (2023) PC Gaming Controller - Five Remappable G-Keys - Remappable Back Paddles - Instant Triggers - iCUE Compatible - Steel Grey,Gaming,True,,Networking,Gaming,179.99,Scuf,/SCUF-ENVISION-Wireless-Gaming-Controller-Desktop/dp/B0CM728YPY/ref=sr_1_5231?dib=eyJ2IjoiMSJ9.QxGxCRYCE_cQMtV1uNtcGYzu-tcHtsPECTieip9OVVPo1hQ8oEYFtmQJ7PyP_RDCoOS97y8iuTPxklddr7jpJaRxkOwLyQqSaLlB5Te1HIMtNI3XcQH7J23bVeiOZGvYoouY3mlcYAC7y6jvknub6jogqysS8JYzMDc0i2VI6R3fQINn9DHeo08st23tkimE6IYumUC3UyxUPEl6_h27DqOV08FKZ-W0kUc2vnl5NosSFcETWcoXYH-h7lYp0Q_4du77miv1MGjkQMrLwAvNKljChgXrydsKtijRQFnPfXs.E0_YxsF-S5l48U5mwHha2y7QFVMYkuir0k-qo9XLPOA&dib_tag=se&qid=1755802804&refinements=p_n_g-101014971069111%3A119653281011&s=electronics&sr=1-5231,False
"Insta360 Ace Pro 2/Insta360 Ace Pro Xplorer Grip Kit, Slate Gray",Cameras & Photography,True,,Other,Other,84.99,Insta360,/Insta360-Xplorer-Grip-Slate-Gray/dp/B0F1TD9V21/ref=sr_1_5217?dib=eyJ2IjoiMSJ9.QxGxCRYCE_cQMtV1uNtcGYzu-tcHtsPECTieip9OVVPo1hQ8oEYFtmQJ7PyP_RDCoOS97y8iuTPxklddr7jpJaRxkOwLyQqSaLlB5Te1HIMtNI3XcQH7J23bVeiOZGvYoouY3mlcYAC7y6jvknub6jogqysS8JYzMDc0i2VI6R3fQINn9DHeo08st23tkimE6IYumUC3UyxUPEl6_h27DqOV08FKZ-W0kUc2vnl5NosSFcETWcoXYH-h7lYp0Q_4du77miv1MGjkQMrLwAvNKljChgXrydsKtijRQFnPfXs.E0_YxsF-S5l48U5mwHha2y7QFVMYkuir0k-qo9XLPOA&dib_tag=se&qid=1755802804&refinements=p_n_g-101014971069111%3A119653281011&s=electronics&sr=1-5217,False
"Belkin 45W Dual USB C Charger Block, Super Fast Charging PD3.0 w/ GaN Technology - Samsung Galaxy S25, Apple iPhone 16, 15, 14, 13, Pro, Pro Max, iPad, MacBook, Nintendo Switch 2 & More - White",Cables & Charging,True,,Cables & Charging,Computers & Laptops,39.95,Belkin,/Belkin-Charger-Charging-Delivery-Technology/dp/B0BF9ZYCQ5/ref=sr_1_5241?dib=eyJ2IjoiMSJ9.LI1_Jpl8jdDuRmSRkKQW7m6ARTa0VuusUKwfgqRqlcgG2bO0TpQcsqgiCL0hTefFLZRWN8iY2G7D2Yf5BT78ZFZoAua-oJnr-aIYE9ir4X-aj8hMFQSnu1pw_Jm4bR5iBvZtP3e2B20TtcvksYDrazmj4qGS-GwANu9YdmFa5wz7zBdyf4PUy25qH1KUMUlW9M1Tgu8EP1LOsQc84V0se06OmIIIAHfiWOTl9ikiaLfuklHO-jk_oND6qduJ3Nvwl5YnTo0V0sNh-vu6y9-n-dJK0G0Ml65p3MlTaABit9Q.gBdPC5AtLdlWoBpZVcrReZbizcd2AnWQgiTiercimCE&dib_tag=se&qid=1755802815&refinements=p_n_g-101014971069111%3A119653281011&s=electronics&sr=1-5241,True
"Taramps HD 3000 1 Ohm Black 1 Channel Amplifier 3000 Watts RMS MAX, Mosfet Digital Full Range Crossover, Low/High Pass, Bass Boost, Car Audio System, Monoblock 3k, LED Monitor Indicator, Class D",Audio,True,,Audio,Monitors & Displays,194.96,Taramps,/Taramps-Amplifier-Crossover-Monoblock-Indicator/dp/B0DZQF7Y1J/ref=sr_1_5267?dib=eyJ2IjoiMSJ9.947yf9DILb1G5dtev6egTFWNfhjzHwbsCvT3ycNCUvVbj35wjdpNGdIlzPeoNf-w1bHX73Xe4y8yTryfUTYde0LuwRaaTKaApnxrbo9II5143mHAPAVA9gelnpxOqi23QkVSJmQhCvBBWPFyCk1-nEDb7_3Bi47cVURhx6XPOfKfKYoKItztFkD9B7gdw_dmBViFUXCsJouNmgFKC46HnsZ5SBuXO8wUkO3UJ0ZY_dsNF3UwK1_87th5ZVbZQuR9Ihj70tZ0y-S-dnJ_Gxng3iOHeNDvsm0RcxjfsXd-864.Y-tl-b3SlRN6CvnrUbOu8osOp5fTTvQJy_LfRX5hB1M&dib_tag=se&qid=1755802825&refinements=p_n_g-101014971069111%3A119653281011&s=electronics&sr=1-5267,True
Casio MH-10M Desktop Calculator – Large 10-Digit Display | Cost/Sell/Margin & Tax Functions | Ideal for Home & Office Use,Office & School Supplies,True,,Monitors & Displays,Office & School Supplies,10.82,Casio,/Casio-MH-10M-Business-Calculator/dp/B01FY44UNO/ref=sr_1_5253?dib=eyJ2IjoiMSJ9.LI1_Jpl8jdDuRmSRkKQW7m6ARTa0VuusUKwfgqRqlcgG2bO0TpQcsqgiCL0hTefFLZRWN8iY2G7D2Yf5BT78ZFZoAua-oJnr-aIYE9ir4X-aj8hMFQSnu1pw_Jm4bR5iBvZtP3e2B20TtcvksYDrazmj4qGS-GwANu9YdmFa5wz7zBdyf4PUy25qH1KUMUlW9M1Tgu8EP1LOsQc84V0se06OmIIIAHfiWOTl9ikiaLfuklHO-jk_oND6qduJ3Nvwl5YnTo0V0sNh-vu6y9-n-dJK0G0Ml65p3MlTaABit9Q.gBdPC5AtLdlWoBpZVcrReZbizcd2AnWQgiTiercimCE&dib_tag=se&qid=1755802815&refinements=p_n_g-101014971069111%3A119653281011&s=electronics&sr=1-5253,False
"weBoost Drive Sleek - Model 470135 - Portable Signal Booster for Cars, SUVs, Trucks & Vans - 5G & 4G LTE Cellular Signal Booster for All US Carriers - Includes Booster & Antennas - FCC-Approved",Car Electronics,True,,Other,Other,,Weboost,/weBoost-Drive-Sleek-Carriers-T-Mobile/dp/B073V5S3T7/ref=sr_1_5396?dib=eyJ2IjoiMSJ9.LBjrZwwz74GzpO-5A6m2kb9ZE15mnmR_wh6K4wrtQFrfbC7HiXKleomXQtXXLmX0oiDJ8UO33QEiegfD4ilLbXhH1FLB48FQ_qjHrcToas8-lLfco-waBFOP43x4MWK_s_CFeuSmPEAdwhxXx3tCriq6z9nuuz61iVrx0EyBRqMfK9FlIIsez1K93gNKkQnyfjtJI8_L4hCMRkMRBeKeJ5CaN91890sWT6N4A1aH_0YPDDYSqblmw2qYflB7kHc_ERL6QbKEHc2VIx91FPr9VztLXpTikhwzZcOQ8XWklxw.w7Xifv506cS3Zgns6ajdLEy8unqcw4M2PmLMEf-ULE8&dib_tag=se&qid=1755802892&refinements=p_n_g-101014971069111%3A119653281011&s=electronics&sr=1-5396,False
"Xiaomi Mi Computer Monitor Light Bar - Easy Installation, Extra Computer Lighting w/o Taking Desktop Space, w/Wireless Remote Control Adjusting Lights Easily",Monitors & Displays,False,"monitor light bar accessory, no exact fit",Monitors & Displays,Computers & Laptops,64.99,Xiaomi,/Mi-Computer-Monitor-Light-Bar/dp/B08W2C5W59/ref=sr_1_5430?dib=eyJ2IjoiMSJ9.K25ewszVF5z0vVg7cNwUI4welWIL8NX79cOg6P6i2o3pKLGzf3gg5ty5WebfWg7FPJfKd624SNhV-uCZVgmAtVHOiXI31WEv35DeIB6fIrHoAzx_c3CYBTXxjoFyNMoi8aD5hScPrBJLGVq5Gj1H-e-Htv7KZO1CLG2LjAwrtk-aJZtnMV4m7J8oH4amjJIrPVu9M7_XdBsU8vHwxWyFH1C8eiyoI3jM8lYuNP8FM6bU-C3OoSRVjXrKOukeFpz1HQeNfHA_0LXtiVpsPRKeu-H7Az02A_TJN7em9MqvwWc.bx5X4cdWx6r0vlBBHmaa4lP2fwfD4ziLud-5gfg9fME&dib_tag=se&qid=1755802915&refinements=p_n_g-101014971069111%3A119653281011&s=electronics&sr=1-5430,True
"Brother Genuine P-Touch TZe White Print on Black Label Tape (TZe335), Laminated,1/2in x 26.2ft (12mm x 8m), for Select P-Touch Label Makers, Durable, Water-Resistant, Indoor/Outdoor Use",Office & School Supplies,True,,Printers & Ink,Office & School Supplies,17.99,Brother,/Brother-TZe335-P-Touch-Standard-Laminated/dp/9792351833/ref=sr_1_5390?dib=eyJ2IjoiMSJ9.LBjrZwwz74GzpO-5A6m2kb9ZE15mnmR_wh6K4wrtQFrfbC7HiXKleomXQtXXLmX0oiDJ8UO33QEiegfD4ilLbXhH1FLB48FQ_qjHrcToas8-lLfco-waBFOP43x4MWK_s_CFeuSmPEAdwhxXx3tCriq6z9nuuz61iVrx0EyBRqMfK9FlIIsez1K93gNKkQnyfjtJI8_L4hCMRkMRBeKeJ5CaN91890sWT6N4A1aH_0YPDDYSqblmw2qYflB7kHc_ERL6QbKEHc2VIx91FPr9VztLXpTikhwzZcOQ8XWklxw.w7Xifv506cS3Zgns6ajdLEy8unqcw4M2PmLMEf-ULE8&dib_tag=se&qid=1755802892&refinements=p_n_g-101014971069111%3A119653281011&s=electronics&sr=1-5390,False
"Logitech Rally Bar Mini All-in-One Video Bar for Small to Medium Rooms, Graphite",Cameras & Photography,False,"video conferencing bar combines camera/speaker/mic, no exact category",Other,Other,,Logitech,/LOGITECH-VC-Rally-Mini-Graphite/dp/B09BRGHP67/ref=sr_1_5343?dib=eyJ2IjoiMSJ9.CRXGRt0UJm2Wl1D6I7nNl0uJfKcuotl_SdUXLfb0j0WWEe6HtOcn09ydNdG1bTCShYa9sjrU1CELb9wmnuT20lzPCqFKBlj5vxSSkvC1bFZP2tJLAAD_4n36grXHCf83CC-YiHBIAZ6IfKKBhUb6MwkrvRghgdG3u2C8Z3LEjbNgHpvdlzZef18drxD8QjJ_BYojzj3COd7EXqIx8QFyoeMZ5ry1h_UtuqyGiV841BiLLDpvfCin8glbtcfK_5_BWmnCfNoWSvsW_mw-H1GpohyBJ8MsFZh9IcEaMPcTitI.t4VFh4xtN40TD_laUKJ3oE8BtwmxUDCFC5oHc_mhBHg&dib_tag=se&qid=1755802867&refinements=p_n_g-101014971069111%3A119653281011&s=electronics&sr=1-5343,False
Shure by Gator Deluxe Articulating Desktop Podcasting Mic Boom Arm with Cable Management Channel; (SH-BROADCAST1),Audio,True,,Audio,Computers & Laptops,,Shure,/Shure-Gator-Articulating-Podcasting-SH-BROADCAST1/dp/B0C4YGB5PP/ref=sr_1_5358?dib=eyJ2IjoiMSJ9._2us9GY_KHM4JsHuiPAnP8M-wGeRq2pjCOV1SR_LpcmpIZQZACdnW40aJTnNJADfeSuyjTLcNZJUe1Tz_c-WTHWYGeVkQ7r9XzFDpKb0R75HAdQayeIkERZr54fVFnzAKMeCDxg8LS7LFvHUUVGy5goSQPlzWb2FmePoX4Tq1kIxU8XPaKiWGzmhnQ8hfUCGaPhVTHkT6JKRp5IqXsdTJz0lH66zFDmelN7WoQVgX3xVjpJe1FdREm-ohC6HIfqCt0dzlnHTYsQfBvWR3I73QVwjszbcEbgdHpY-KKKssKs.hL3zjQvZO55G8IJ5WiQYRha6UQ0yO_DPJvHXOG99j98&dib_tag=se&qid=1755802879&refinements=p_n_g-101014971069111%3A119653281011&s=electronics&sr=1-5358,True
"Lutron Claro Light Switch Cover Plate, 1 Gang Wallplate, for Decorator Light Switches, Rocker Light Switch Cover, Outlet Cover, Screwless Switch Plate Cover, Satin, SC-1-SW, Snow",Power Strips & Surge Protectors,False,plain light switch cover plate; borderline non-electronic but 'wall plates' listed in this category,Other,Power Strips & Surge Protectors,7.16,Lutron,/Lutron-Claro-Decorator-Wallplate-SC-1-SW/dp/B00105OPA0/ref=sr_1_5381?dib=eyJ2IjoiMSJ9._2us9GY_KHM4JsHuiPAnP8M-wGeRq2pjCOV1SR_LpcmpIZQZACdnW40aJTnNJADfeSuyjTLcNZJUe1Tz_c-WTHWYGeVkQ7r9XzFDpKb0R75HAdQayeIkERZr54fVFnzAKMeCDxg8LS7LFvHUUVGy5goSQPlzWb2FmePoX4Tq1kIxU8XPaKiWGzmhnQ8hfUCGaPhVTHkT6JKRp5IqXsdTJz0lH66zFDmelN7WoQVgX3xVjpJe1FdREm-ohC6HIfqCt0dzlnHTYsQfBvWR3I73QVwjszbcEbgdHpY-KKKssKs.hL3zjQvZO55G8IJ5WiQYRha6UQ0yO_DPJvHXOG99j98&dib_tag=se&qid=1755802879&refinements=p_n_g-101014971069111%3A119653281011&s=electronics&sr=1-5381,False
"SAMSUNG Galaxy Tab A9 (64GB, 4GB, Wi-Fi Only) 8.7"" Android Tablet, All Day Battery, Octa-core (6nm), Dual Speakers, International Model - X110 (256GB SD Bundle, Graphite)",Phone & Tablet Accessories,True,,Phone & Tablet Accessories,Audio,124.49,Samsung,/SAMSUNG-Android-Octa-core-Speakers-International/dp/B0CVYYM57H/ref=sr_1_5372?dib=eyJ2IjoiMSJ9._2us9GY_KHM4JsHuiPAnP8M-wGeRq2pjCOV1SR_LpcmpIZQZACdnW40aJTnNJADfeSuyjTLcNZJUe1Tz_c-WTHWYGeVkQ7r9XzFDpKb0R75HAdQayeIkERZr54fVFnzAKMeCDxg8LS7LFvHUUVGy5goSQPlzWb2FmePoX4Tq1kIxU8XPaKiWGzmhnQ8hfUCGaPhVTHkT6JKRp5IqXsdTJz0lH66zFDmelN7WoQVgX3xVjpJe1FdREm-ohC6HIfqCt0dzlnHTYsQfBvWR3I73QVwjszbcEbgdHpY-KKKssKs.hL3zjQvZO55G8IJ5WiQYRha6UQ0yO_DPJvHXOG99j98&dib_tag=se&qid=1755802879&refinements=p_n_g-101014971069111%3A119653281011&s=electronics&sr=1-5372,True
"Fitbit Charge 6 Charging Cable, Official Product, Black",Cables & Charging,True,,Cables & Charging,Smart Home & Wearables,19.95,Fitbit,/Fitbit-Charge-Charging-Official-Product/dp/B0CCSYZV3T/ref=sr_1_5543?dib=eyJ2IjoiMSJ9.dTvDekwZ2avpgMocrI0ZDf0jv5PvHyQObg1LHXIvPp22XUJfIpm1xhuyYpRZvvqpglJLsDAo229AxU6OetUZ1fPn7lj7s9_HglllvyLHpFd2hRxOyqJlUSPeTtx4X_Lqny6p5jTULi2GzjjwftCGPc1leRz5TbFDlP07P2cC2G9Rnbm9PhyLQ-QUKRLBVMWLzX8acJxDghM-FsDdvZFrKsqH4otPLGV0GOu-6vVuyqoNc4VhDbvRkbrWB0CEzdWL4qig5K5o41WcVfSk6BAmgLV_h5jUaMRlhutUYBKJRNE.GS4e5FFUgSaz0SvWCyYcqy66Z1cx7jpo_Xo6-SEYuTI&dib_tag=se&qid=1755802964&refinements=p_n_g-101014971069111%3A119653281011&s=electronics&sr=1-5543,True
DJI Mic 2 Camera Adapter,Audio,True,,Cameras & Photography,Audio,47.79,Dji,/DJI-Mic-2-Camera-Adapter/dp/B0CXNYMZPD/ref=sr_1_5519?dib=eyJ2IjoiMSJ9.rCHzi6YA5mlT8xoWjSATzn9CzXVDOuODEAgW-xcObolZmqWdt4r79bTJ8NTVYVXtc3XDkWDfqFnPN547plzb7-ZBXt2bqo_vhwViPI5mtPpiSc6khKR5fV3Q4AMBqr8brUfYMxDWSINOHMviYMfmnOUrB4aU4QaJ6lNcKxx_7f3opv9ZaZtkDszBtjiYQvMhnjLCN1lKBlv6rdNWEB728_ubNBGgOP4E5_-_ix7BQRlvtjNtfFPbsGdo1L82VjfwiVuJWdAU2lBK66QKxehPRzv7yqbrAMUUE7BJ75zvuDQ.eTM1LMt6b22KTwRlhREOOKg3jfS55D0fmh2UWF8glys&dib_tag=se&qid=1755802953&refinements=p_n_g-101014971069111%3A119653281011&s=electronics&sr=1-5519,False
Creative Labs Sound Blaster Play! 3 External USB Sound Adapter for Windows and Mac. Plug and Play (No Drivers Required). Upgrade to 24-Bit 96Khz Playback,Audio,True,,Audio,Cables & Charging,18.99,Creative,/Creative-Labs-70SB173000000-Sound-Blaster/dp/B06XBZ38ZJ/ref=sr_1_5524?dib=eyJ2IjoiMSJ9.dTvDekwZ2avpgMocrI0ZDf0jv5PvHyQObg1LHXIvPp22XUJfIpm1xhuyYpRZvvqpglJLsDAo229AxU6OetUZ1fPn7lj7s9_HglllvyLHpFd2hRxOyqJlUSPeTtx4X_Lqny6p5jTULi2GzjjwftCGPc1leRz5TbFDlP07P2cC2G9Rnbm9PhyLQ-QUKRLBVMWLzX8acJxDghM-FsDdvZFrKsqH4otPLGV0GOu-6vVuyqoNc4VhDbvRkbrWB0CEzdWL4qig5K5o41WcVfSk6BAmgLV_h5jUaMRlhutUYBKJRNE.GS4e5FFUgSaz0SvWCyYcqy66Z1cx7jpo_Xo6-SEYuTI&dib_tag=se&qid=1755802964&refinements=p_n_g-101014971069111%3A119653281011&s=electronics&sr=1-5524,True
"Belkin USB C Charger Block 25W (2 Pack) – PD3.0 PPS Super Fast Charging - Samsung Galaxy S25, S24, Apple iPhone 16, iPhone 15/14/13 Plus, Pro, Pro Max, Google Pixel 9, Nintendo Switch, etc - Black",Cables & Charging,True,,Cables & Charging,Phone & Tablet Accessories,19.11,Belkin,/Belkin-USB-Charger-Block-Pack/dp/B0F6462N5K/ref=sr_1_5570?dib=eyJ2IjoiMSJ9.B1Fy1Rm3rZmXNuu1NgRlk9Uh_a48x0xWfkyCAYQL1o35BvAXSL-Vin1pSej7aC-OcfJwFbAR40CiQC2zoiTcFDHlGb-2h8gNItkqMJk--JnuExQZNBm52AUKXf1OSBKkxxBoffv2-ZPy2gBPjflY728G5kWjBEmdSspfrZzqmzQMtTCNv5aJvcS5OnHcu7_XvNXibRkKKqWEs4cIcr6kVB1O9rPpY9D6jxVpaKbWltAJwi5eC4ihNuc309U-vBoQL2uTYFDIedBZ6it7Fy0MYJktrEyrtk0sJ1I5dFyVUnA.wzjRxFYnUNEpItq5-ZZikq-FOUFOWSh6J6Be04Rl2CY&dib_tag=se&qid=1755802976&refinements=p_n_g-101014971069111%3A119653281011&s=electronics&sr=1-5570,True
"DJI Osmo Action Diving Accessory Kit, Compatibility: Osmo Action 3, Osmo Action 4, Osmo Action 5 Pro",Cameras & Photography,True,,Cameras & Photography,Other,95.82,Dji,/Osmo-Action-Diving-Accessory-Kit/dp/B0BCJN8R12/ref=sr_1_5473?dib=eyJ2IjoiMSJ9.ZBqCjIANSE6CKJDTLOx3zbiIjfgtkz8_Y981cBgimo1x0RIDJwpyfN6BrvnhfDfBqP7Yr95BPdOdRuu5GQGkWAqJNwS5JNdARSHT4mdMQVtXO6Nhfm5qCiAOiIiK3e5NHrUAdcwXFdRyv1hQNiELygE6wCm8JD3HUww7OErelw3OXu8rREYOhwjNTzktZ9zHZ_XW6R5GSsWHgRENDxQPbaWAvdZfhW2A92kWFOa0ZJQFfWa_vNL-BpulZnm527qaE01RtQD-t919uDyeX46ofxlPkQ0FEy9pPz8iQKj7O2Q.TgolOGkNdL9AQmKQdLbLy5LaiFJICcgZL6gjK6tcV6g&dib_tag=se&qid=1755802928&refinements=p_n_g-101014971069111%3A119653281011&s=electronics&sr=1-5473,True
"Belkin 3-Port USB C Charger Block 67W - PPS, USB-C PD3.1 Super Fast Charging Charger - Samsung Galaxy S25, Apple iPhone 16, MacBook Pro, AirPods, Nintendo Switch 2 & Other PD Enabled Devices - White",Cables & Charging,True,,Cables & Charging,Computers & Laptops,32.99,Belkin,/Belkin-BoostCharge-Charger-Enabled-Charging/dp/B0D4G8VYVR/ref=sr_1_5470?dib=eyJ2IjoiMSJ9.ZBqCjIANSE6CKJDTLOx3zbiIjfgtkz8_Y981cBgimo1x0RIDJwpyfN6BrvnhfDfBqP7Yr95BPdOdRuu5GQGkWAqJNwS5JNdARSHT4mdMQVtXO6Nhfm5qCiAOiIiK3e5NHrUAdcwXFdRyv1hQNiELygE6wCm8JD3HUww7OErelw3OXu8rREYOhwjNTzktZ9zHZ_XW6R5GSsWHgRENDxQPbaWAvdZfhW2A92kWFOa0ZJQFfWa_vNL-BpulZnm527qaE01RtQD-t919uDyeX46ofxlPkQ0FEy9pPz8iQKj7O2Q.TgolOGkNdL9AQmKQdLbLy5LaiFJICcgZL6gjK6tcV6g&dib_tag=se&qid=1755802928&refinements=p_n_g-101014971069111%3A119653281011&s=electronics&sr=1-5470,True
"Belkin USB A to USB C Cable, 6.6ft, 15W - Type C Charger, iPhone Charger Cord for iPhone 16 & 15, Galaxy S25, Pixel 9, iPad Pro, Airpods Pro, Switch, CarPlay & More - Black",Cables & Charging,True,,Cables & Charging,Phone & Tablet Accessories,14.95,Belkin,/Belkin-BoostCharge-USB-Cable-Compatible/dp/B086H3M59C/ref=sr_1_5456?dib=eyJ2IjoiMSJ9.ZBqCjIANSE6CKJDTLOx3zbiIjfgtkz8_Y981cBgimo1x0RIDJwpyfN6BrvnhfDfBqP7Yr95BPdOdRuu5GQGkWAqJNwS5JNdARSHT4mdMQVtXO6Nhfm5qCiAOiIiK3e5NHrUAdcwXFdRyv1hQNiELygE6wCm8JD3HUww7OErelw3OXu8rREYOhwjNTzktZ9zHZ_XW6R5GSsWHgRENDxQPbaWAvdZfhW2A92kWFOa0ZJQFfWa_vNL-BpulZnm527qaE01RtQD-t919uDyeX46ofxlPkQ0FEy9pPz8iQKj7O2Q.TgolOGkNdL9AQmKQdLbLy5LaiFJICcgZL6gjK6tcV6g&dib_tag=se&qid=1755802928&refinements=p_n_g-101014971069111%3A119653281011&s=electronics&sr=1-5456,True
Sony PS5 multimedia remote control,TV & Home Entertainment,False,"PS5 remote control, closest to TV remotes",TV & Home Entertainment,Gaming,59.99,Sony,/Sony-1259530-Media-Remote-PS5/dp/B08HKBSPYP/ref=sr_1_5483?dib=eyJ2IjoiMSJ9.2mqp1C_W3XvIIKRJIJDKNy2ibPrCabhMSDbRbvHMLpFjX5FjTPBwEnUWmg6SI6itQMg_69PV2jZ0fbR6pnfgHuCl5zclJIqRt-CzTJDlRcYK85ILOIU324NDPNeoRgaCcVjqHbOC7aK8CnzmeX-4X-BO_MCYj9iLAZ5dT8_6KJEGgwB27W3sS245O6WdX9roc9F7QUuRgTGBut1BFy4LVgSVmCFQFHawJCv_lt5_mMZXgAgLsBx3F-nUsJNP-ZdQIGPsnOgM3G8Qoc0AUkI0dtKvhrVUpkjQwdtiTlUy3-I.a8W9Bm4VkftySTs4V2QlYWcmE1Yn0ifmqcCYB7KyIQ8&dib_tag=se&qid=1755802941&refinements=p_n_g-101014971069111%3A119653281011&s=electronics&sr=1-5483,True
"Anker USB C Hub Adapter, 5-in-1 USB C Adapter with 4K HDMI, Ethernet Port, 3 3.0 Ports, for MacBook Pro, iPad Pro, XPS, Pixelbook, and More",Cables & Charging,True,,Cables & Charging,Networking,,Anker,/Anker-Upgraded-Adapter-Ethernet-Pixelbook/dp/B07X8ZLYLR/ref=sr_1_5630?dib=eyJ2IjoiMSJ9.GECdrDXEvQm_VYxdeKh0GM8DhTyGZ1QioPNDTVu44YS-zR94JaywKigGOGdwhS__vshOYVJgb4g27GNw1hgqYsCAoB4-zrL99STkP17ABoqYLzi9ziHz1jjD6xjrjRY3dHHgwiYlU4sbHAY2YGyTLK6nIBCz_ed629qJyG6aKo7h3MKxpWzIbEpXzoURfobFJIQ9XJDjST0p5VwK0m7XcK4dlvgasu9xfTqycoY2AcxkUW7K5ZZFlomHSLnehsfp_IKJtqt4-69HqpBQRTQnFobBZBMLla51UfnpksdAs2E.vW94d8AOmm_HnkyuPQ1A7ENeY3MmPD19dM745vXDDjU&dib_tag=se&qid=1755803014&refinements=p_n_g-101014971069111%3A119653281011&s=electronics&sr=1-5630,True
FIIO K11 Compact Desktop R2R Architecture DAC and Headphone Amplifier (Black),Audio,True,,Audio,Computers & Laptops,175.99,Fiio,/FiiO-K11-Headphone-Amplifier-Balanced/dp/B0D9BB5RL1/ref=sr_1_5682?dib=eyJ2IjoiMSJ9.qEEeuePzrbjKKJ_hPXSU1lVo0MvEfcJkwuOJ1e2_eAaSWcFxf1vc8QMPYoGdTPpZBE1xLw0wNgJjzFrvI3kxYvNHpni9vjiasj9h4gGFcl0uUToAlVaj5KUErfEbh20tH76pP35UDXgsnEMqFRTciUfNQ8Kl9MC81Bt96yaTBAgOy2Y1iqHz0sE0Ebz_hA22vPKA_3DPsnxdZGq-hCMuOdycnuZo0FdnTiAm_ts_HK5W0Z6PBTUIBOf9yUuATLB9PE3Vn-rFdDl4EDSy2NzamOHbgMJoOen8OYl2RmD1zLw.DzFBJF0wGnczI009z7HUlcYJW8_wvq16c08KP9m1IEI&dib_tag=se&qid=1755803036&refinements=p_n_g-101014971069111%3A119653281011&s=electronics&sr=1-5682,True
"Lenovo Tab K11 TB330XU Tablet - 11"" WUXGA - MediaTek MT6769H Helio G88 (12 nm) Octa-core - 8 GB - 128 GB Storage - Android 13-4G - Luna Gray",Phone & Tablet Accessories,True,,Computers & Laptops,Phone & Tablet Accessories,199.0,Lenovo,/lenovo-Tablet-MediaTek-Soldered-LPDDR4x/dp/B0D6YTCF7Z/ref=sr_1_5590?dib=eyJ2IjoiMSJ9.TdG_ExPWHunW68OiKUTZTe2s1b5-CgpWYrui5Cf-oM1e4_xMIKDzxZ3QBSG6j3PjXk29qHiVxg6_o1k4WGo_5eCWwZwgVGTJbxxT8kTqOXoB-5MiJNlEP3TiZ-Q5YiaQXCawjeyjdzK7TBQvduQWqiYnMcEsZr0YXwQW4VI0y5ZUDsCnrdNynohBpYLJGWh3ocr5p2SFvZnMMeEs9617EDmgFV1isH3jt79MyKJr3lrPXcUYL_PdJDBe19r8oIUBJm9Ho3eC8iRnYNafnOH9IEbigcMf4z4rCFSV-PijJBY.9ZejL2QQtP276eStDFBny82aiF-5Hi8oeXpBRlb0fAc&dib_tag=se&qid=1755802988&refinements=p_n_g-101014971069111%3A119653281011&s=electronics&sr=1-5590,False
"GIGABYTE - M27Q Advanced (US) - 27"" SS IPS Gaming Monitor - QHD 2560x1440-180Hz - 1ms MPRT - AMD FreeSync - Type C KVM - HDMI, DP, Type C - Height Adjustable - Black",Monitors & Displays,True,,Computers & Laptops,Monitors & Displays,249.99,Gigabyte,/GIGABYTE-Advanced-2560x1440-180Hz-FreeSync-Adjustable/dp/B0DCGPTNKV/ref=sr_1_5769?dib=eyJ2IjoiMSJ9.h2y-Azxnb8Fz-wH8PQvrtTBKHJKSCKojVq7AAjpxgw1ng-3YZg2dINxnN3z5H3W0Wr7kNXZUQzRNI0BNmnYdsR6LZv0NbXSqbgo_1rG4evGEi5PejyZQZNr3q9ebavUhVI6quxMS8FR6losupB9npyc6ytQNvoegqahNb5bEBWZEho6o1D6sMxrhTkjRxxZ35yUpk0PRJeiAOeJ7NzwUA2xWysjq-jLhuhvq8Uap5kW_joqcFRYyaJTMvhgGDtnIw86PpkBqU7kY_f_6li7Yl5Rl2TNhOLGU4vtOdoKBCnA.1JAYyMKjKcwhgTO3wNwXowTxGT7mTsU0UJDRRU8tPDQ&dib_tag=se&qid=1755803083&refinements=p_n_g-101014971069111%3A119653281011&s=electronics&sr=1-5769,False
"Marshall Monitor III A.N.C. Over-Ear Bluetooth Headphones - Active Noise Cancelling with Microphone | 100+ Hrs Wireless Playtime | Lightweight, Foldable Design for Travel - Black",Audio,True,,Audio,Monitors & Displays,349.99,Marshall,/Marshall-Canceling-Over-Ear-Bluetooth-Headphones/dp/B0DFDT1TWC/ref=sr_1_5762?dib=eyJ2IjoiMSJ9.Dd6ZBoQajMVE6Ib1sOC9CHy0f5eB8lC04Of9IolJjjFupZfl_RSI4_ctWLGIQ46rO1upsvKHkCfHbv4TwGIodwcOFS55VV1Xvol4el7IN3AlfCYoBtg_CsQ5CpDordUckV0G-fO4U2OAlJUAoaA5HoQ_bdxPpoChPluKIEH8mBfKJLlPBhAPfGn0InqYReWASGv05XxpGqZZ4gkyBceHlUb5qeitwEq7bdCOzHpMJu1MMug0uQle7FdqpslwAPMkXO5jSGDCkK3PfGs_eZ_yCycK0M8NU67KWMwksNQOwxI.PnCJTIrHbZoDYSiHIuaBe2Uqg4aPlVOetxy5MDyUMuk&dib_tag=se&qid=1755803072&refinements=p_n_g-101014971069111%3A119653281011&s=electronics&sr=1-5762,True
Pentel EnerGel Deluxe RTX Retractable Gel Pens,Office & School Supplies,True,,Printers & Ink,Computers & Laptops,4.79,Pentel,/Pentel-EnerGel-Deluxe-Millimeter-BL77BP3M/dp/B001TDKOOY/ref=sr_1_5763?dib=eyJ2IjoiMSJ9.Dd6ZBoQajMVE6Ib1sOC9CHy0f5eB8lC04Of9IolJjjFupZfl_RSI4_ctWLGIQ46rO1upsvKHkCfHbv4TwGIodwcOFS55VV1Xvol4el7IN3AlfCYoBtg_CsQ5CpDordUckV0G-fO4U2OAlJUAoaA5HoQ_bdxPpoChPluKIEH8mBfKJLlPBhAPfGn0InqYReWASGv05XxpGqZZ4gkyBceHlUb5qeitwEq7bdCOzHpMJu1MMug0uQle7FdqpslwAPMkXO5jSGDCkK3PfGs_eZ_yCycK0M8NU67KWMwksNQOwxI.PnCJTIrHbZoDYSiHIuaBe2Uqg4aPlVOetxy5MDyUMuk&dib_tag=se&qid=1755803072&refinements=p_n_g-101014971069111%3A119653281011&s=electronics&sr=1-5763,False
"Incase Dots Hardshell with Makrolon® - MacBook Air 13 inch Case - 2025, 2024, 2023, 2022, M4, M3, M2 - MacBook Case, Laptop Cover, Protective Hard Shell, Scratch Resistant, Lightweight - Black",Bags & Cases,True,,Phone & Tablet Accessories,Computers & Laptops,39.99,Incase,/Incase-Hardshell-Case-13-inch-MacBook/dp/B0BK1ZYD9T/ref=sr_1_5814?dib=eyJ2IjoiMSJ9.dQIKEMlNWW8jCjwZxnrc6_56TzMV41MWpj6utlpXdrZ-oQqFNIUapFnqVLMMnBvG4G4NRXsW-4BxoV-KRpLWoXZTPvoX5dHoEGUsKj-0xSwq_2vYzUS2D9m9yOuuLhWTKOYAqXtclb9p3b4TM9sKUSck9_voGg4XbionzTSfbE6rwZgjwaJLiLo1tBQ30S2SdWFnvIjLgOK0zFStPeqny0AS-xCp5miNkrCEgAP_3WCNEed7XJV4HT85iZahp0lGSUSTqwVFuyWTK6zgBx_CvD_qHwtmetsyWwELOsJkIzM.kQJ0wrjgto9MJl_rzVYa_eRdBN642vGNJQVgGQ-e7cY&dib_tag=se&qid=1755803094&refinements=p_n_g-101014971069111%3A119653281011&s=electronics&sr=1-5814,False
"Incase Dots Hardshell with Makrolon® - MacBook Pro 14 inch Case - 2024, 2023, 2022, 2021, M4, M3, M2, M1 - MacBook Case, Laptop Cover, Protective Hard Shell, Scratch Resistant, Lightweight - Clear",Bags & Cases,True,,Phone & Tablet Accessories,Computers & Laptops,34.99,Incase,/Incase-Designs-Hardshell-MacBook-14-inch/dp/B09SK7VX7P/ref=sr_1_5797?dib=eyJ2IjoiMSJ9.dQIKEMlNWW8jCjwZxnrc6_56TzMV41MWpj6utlpXdrZ-oQqFNIUapFnqVLMMnBvG4G4NRXsW-4BxoV-KRpLWoXZTPvoX5dHoEGUsKj-0xSwq_2vYzUS2D9m9yOuuLhWTKOYAqXtclb9p3b4TM9sKUSck9_voGg4XbionzTSfbE6rwZgjwaJLiLo1tBQ30S2SdWFnvIjLgOK0zFStPeqny0AS-xCp5miNkrCEgAP_3WCNEed7XJV4HT85iZahp0lGSUSTqwVFuyWTK6zgBx_CvD_qHwtmetsyWwELOsJkIzM.kQJ0wrjgto9MJl_rzVYa_eRdBN642vGNJQVgGQ-e7cY&dib_tag=se&qid=1755803094&refinements=p_n_g-101014971069111%3A119653281011&s=electronics&sr=1-5797,False
"ASUS ROG Strix SCAR 18 (2025) Gaming Laptop, 18” ROG Nebula HDR 16:10 2.5K 240Hz/3ms, NVIDIA GeForce RTX 5090, Intel Core Ultra 9 275HX, 32GB DDR5, 2TB PCIe Gen 4 SSD, Wi-Fi 7, Win 11 Pro, G835LX-XS97",Computers & Laptops,True,,Computers & Laptops,Computers & Laptops,4399.0,Asus,/ASUS-Strix-Gaming-Laptop-Nebula/dp/B0DW1WX8H2/ref=sr_1_5712?dib=eyJ2IjoiMSJ9.AC_bDXUi_sdj45V1Jcdg1pMySrWZ665ZO3mxP1A-VyxaDdjSF0T-nleM9bqVHrd4YKmteAUNMtqmAsg_RmdOSRkXbNGV-bmE5zgAyLkzf5dtWPSYCzpVNPJWX-nEuAptjYCnErS2RYqCpt24RikfYIXC4ax8y9HfhCgW169zqb5JQf1mJAHtziznJyse5yAsb7QQeEtjByHdq7i5aM8txIivR1Q6dDseZzDQDXZQ_Ec4LRDT8a3HHOU5jiV28NlP4CqtuVodO1Yg55UdabfVEWu0arrRnkTTzffCzatrs0s.pzjXpwW7czZCQi1pwpz4OCyEQ6dlGz2AmA2M8As0Wsk&dib_tag=se&qid=1755803047&refinements=p_n_g-101014971069111%3A119653281011&s=electronics&sr=1-5712,True
"Tripp Lite Heavy Duty Computer Power Cord, 15A, 14AWG (NEMA 5-15P to IEC-320-C13), 10-ft. (P007-010) , Black",Cables & Charging,True,,Other,Other,17.94,Tripp,/Tripp-Lite-Computer-IEC-320-C13-P007-010/dp/B0012EI6KE/ref=sr_1_5698?dib=eyJ2IjoiMSJ9.AC_bDXUi_sdj45V1Jcdg1pMySrWZ665ZO3mxP1A-VyxaDdjSF0T-nleM9bqVHrd4YKmteAUNMtqmAsg_RmdOSRkXbNGV-bmE5zgAyLkzf5dtWPSYCzpVNPJWX-nEuAptjYCnErS2RYqCpt24RikfYIXC4ax8y9HfhCgW169zqb5JQf1mJAHtziznJyse5yAsb7QQeEtjByHdq7i5aM8txIivR1Q6dDseZzDQDXZQ_Ec4LRDT8a3HHOU5jiV28NlP4CqtuVodO1Yg55UdabfVEWu0arrRnkTTzffCzatrs0s.pzjXpwW7czZCQi1pwpz4OCyEQ6dlGz2AmA2M8As0Wsk&dib_tag=se&qid=1755803047&refinements=p_n_g-101014971069111%3A119653281011&s=electronics&sr=1-5698,False
UGREEN USB 3.0 Switch Selector 2 Computers Share 4 USB Ports USB Switcher USB for PC Laptop Keyboard Mouse Printer Scanner One Button Switch Adapter with 2 Pack USB 3.0 Cables,Cables & Charging,False,"USB peripheral switch selector, no exact category listed",Cables & Charging,Printers & Ink,29.99,Ugreen,/UGREEN-Selector-Computers-Peripheral-Switcher/dp/B01N6GD9JO/ref=sr_1_5693?dib=eyJ2IjoiMSJ9.AC_bDXUi_sdj45V1Jcdg1pMySrWZ665ZO3mxP1A-VyxaDdjSF0T-nleM9bqVHrd4YKmteAUNMtqmAsg_RmdOSRkXbNGV-bmE5zgAyLkzf5dtWPSYCzpVNPJWX-nEuAptjYCnErS2RYqCpt24RikfYIXC4ax8y9HfhCgW169zqb5JQf1mJAHtziznJyse5yAsb7QQeEtjByHdq7i5aM8txIivR1Q6dDseZzDQDXZQ_Ec4LRDT8a3HHOU5jiV28NlP4CqtuVodO1Yg55UdabfVEWu0arrRnkTTzffCzatrs0s.pzjXpwW7czZCQi1pwpz4OCyEQ6dlGz2AmA2M8As0Wsk&dib_tag=se&qid=1755803047&refinements=p_n_g-101014971069111%3A119653281011&s=electronics&sr=1-5693,True
Sony MDR-M1 Professional Reference Closed Monitor Headphones,Audio,True,,Audio,Monitors & Displays,268.0,Sony,/Sony-MDR-M1-Professional-Reference-Headphones/dp/B0DD8SHVZL/ref=sr_1_5724?dib=eyJ2IjoiMSJ9.g5n32y1SnPlE2qPrPt9Cfn4ICv1kF6WM-xr9-sLL8mp_IlPRiymW7eCzZoEJF8EAWwG9Y7p6Qh3Hz-p4b_OuLYcZINpkFISrYjXAUfqR6WHtufRxbl3OKJWyaN0jxvJYomeRKr_dLUvSSA_JbLFm2e5c06i7I8iDipyZgHHqnWsIsQhdVT7rKvHLfdbF76cu6AnxYVjKDfr7CqZC8DB35_h0XNrBxZkhj0mJnXDkIGO_w-bLmeMeQvEubm0c_2tM-f32RDjJMrt0kA9qTzWe8ZpZuCsZIG4rPBmRSda0DqU.InwcldcJSryjCawr4wgMqyQ8zYHbSyhZA_8lNt5-6Ho&dib_tag=se&qid=1755803060&refinements=p_n_g-101014971069111%3A119653281011&s=electronics&sr=1-5724,True
"ASUS ZenWiFi XT9 AX7800 Tri-Band WiFi6 Mesh WiFiSystem (2Pack), 802.11ax, up to 5700 sq ft & 6+ Rooms, AiMesh, Lifetime Free Internet Security, Parental Controls, 2.5G WAN Port, UNII 4, Charcoal",Networking,True,,Networking,Other,338.5,Asus,/ASUS-XT9-Tri-Band-WiFiSystem-802-11ax/dp/B0BHL6PXQT/ref=sr_1_5726?dib=eyJ2IjoiMSJ9.g5n32y1SnPlE2qPrPt9Cfn4ICv1kF6WM-xr9-sLL8mp_IlPRiymW7eCzZoEJF8EAWwG9Y7p6Qh3Hz-p4b_OuLYcZINpkFISrYjXAUfqR6WHtufRxbl3OKJWyaN0jxvJYomeRKr_dLUvSSA_JbLFm2e5c06i7I8iDipyZgHHqnWsIsQhdVT7rKvHLfdbF76cu6AnxYVjKDfr7CqZC8DB35_h0XNrBxZkhj0mJnXDkIGO_w-bLmeMeQvEubm0c_2tM-f32RDjJMrt0kA9qTzWe8ZpZuCsZIG4rPBmRSda0DqU.InwcldcJSryjCawr4wgMqyQ8zYHbSyhZA_8lNt5-6Ho&dib_tag=se&qid=1755803060&refinements=p_n_g-101014971069111%3A119653281011&s=electronics&sr=1-5726,True
"AT&T ML17939 2-Line Corded Telephone with Digital Answering System and Caller ID/Call Waiting, Black/Silver",Phone & Tablet Accessories,True,,Other,Other,89.99,At&T,/AT-ML17939-Telephone-Digital-Answering/dp/B003BNY7QG/ref=sr_1_5885?dib=eyJ2IjoiMSJ9.s5QvfDRxLfwh3DOQkyW5Xf-pFSQvEenNdE4X-T9leX6_RaUB1HEkFpZR6AhBkamzj6euiIvik2h8draRWSmkEoOQ6n4wdlzpLx3w7h9613c8QZV7c8A38QhOlak4iS4FiDkqobA1dlWWV03z3fvBE-8sOQxMPkEwyOBaj5EHkEOis2Wi-N9of3grlhf3HwggASRC-gxhAq-1GiBGWQe-4zgssnEQLw6hY7CivFEXEtUV1MM04aJmInrEJNdGYFAIr-CLbN7hDsYV8_KtSKwb9s8HHFn-9enEd0jZvwiDuw8.cN4EptK9QU0JBeA2AkWAMAi7J9-1YKOBWltR11-Wq0Q&dib_tag=se&qid=1755803144&refinements=p_n_g-101014971069111%3A119653281011&s=electronics&sr=1-5885,False
"NEEWER HB80C RGBWW LED Video Light with Built-in 72Wh Battery & 100W PD Fast Charging, 80W Mini RGB COB Continuous Output Lighting Bowens Mount Handheld Spotlight 2500K-7500K, 10400lux/m, 18 Effects",Cameras & Photography,True,,Cables & Charging,Cameras & Photography,239.99,Neewer,/NEEWER-HB80C-Continuous-Spotlight-2500K-7500K/dp/B0DJ915WPK/ref=sr_1_5919?dib=eyJ2IjoiMSJ9.g6Fw29fVyvIPq02YglQn0O5rdp43zaakhTIee5MUEvt3gcg3kZK_h3hb7Nxl5rMqEKmI-frmVzrj4ZJ6OBS1lcQyM1vSXwW64l4XInz2Pw9iSfjXT0b1zb5K6xpHu2JJ5D4YzZpiLD9AB7qAXfLZYiHJ5EDsGTjvLyNTOd8Y3ttlB4dSYNn9Xo6I5LJDzoLmIMa1EF4zfQeO5t0P1oisDjHhZC3-oHDoFQUwko6MzJI-zyurI0HLjsb41UhnItcNqEIQi2jiTj_fqSKLP_2N0UZwwFLKJp-3uYThRruQWXY.qWqhUPNyiBLHkzlibwDi9gd8lqrpnJbnLbxDFnDFOKs&dib_tag=se&qid=1755803155&refinements=p_n_g-101014971069111%3A119653281011&s=electronics&sr=1-5919,False
Xiaomi Smart Band 9 Active Global Version 1.47'' Display 18-Day Battery Life Modes All-Day Health and Fitness Monitoring 5ATM (Black),Smart Home & Wearables,True,,Smart Home & Wearables,Monitors & Displays,29.99,Xiaomi,/Xiaomi-Version-Display-Battery-Monitoring/dp/B0DK6ZC5ZC/ref=sr_1_5917?dib=eyJ2IjoiMSJ9.g6Fw29fVyvIPq02YglQn0O5rdp43zaakhTIee5MUEvt3gcg3kZK_h3hb7Nxl5rMqEKmI-frmVzrj4ZJ6OBS1lcQyM1vSXwW64l4XInz2Pw9iSfjXT0b1zb5K6xpHu2JJ5D4YzZpiLD9AB7qAXfLZYiHJ5EDsGTjvLyNTOd8Y3ttlB4dSYNn9Xo6I5LJDzoLmIMa1EF4zfQeO5t0P1oisDjHhZC3-oHDoFQUwko6MzJI-zyurI0HLjsb41UhnItcNqEIQi2jiTj_fqSKLP_2N0UZwwFLKJp-3uYThRruQWXY.qWqhUPNyiBLHkzlibwDi9gd8lqrpnJbnLbxDFnDFOKs&dib_tag=se&qid=1755803155&refinements=p_n_g-101014971069111%3A119653281011&s=electronics&sr=1-5917,True
Logitech Wireless Desktop MK710 Keyboard & Pointing Device Kit - USB Wireless Keyboard - USB Wireless Mouse,Keyboards & Mice,True,,Keyboards & Mice,Computers & Laptops,,Logitech,/Logitech-Wireless-Desktop-Keyboard-Pointing/dp/B00X7CQM50/ref=sr_1_5817?dib=eyJ2IjoiMSJ9.9lhPLI2vBnjYnL7DxooCxbTCcCUIkv_-hIpM05LWfJs5nXfPjHva_esiduIBOS1M6sA3Rh2eoE8WC-MAtuXuNVyE7SqqeqJK30Atln_YMsTKAKpaYX-hKfoXui3t5Awge63QGi9VMITUdTgrGlPmxrDb9F1U7KGMs0PBzaCEtpYj4plwhMnvVZvFHj9PRcCoYFhNMGOTWdVwtJf128drfaptD2hbOurR79OPoY8YqpaOgDYJ5GJr16MKMzrJ_DZ7PrgwbKOjnP2tvb_vxRAr38dbCQZMBXxv2RTctORv4gc.ak0_5OqRV1UGuVUFASkBcfn9juz4RVM7yRN1la8ZyzA&dib_tag=se&qid=1755803107&refinements=p_n_g-101014971069111%3A119653281011&s=electronics&sr=1-5817,True
"Logitech C930e 1080P HD Video Webcam - 90-Degree Extended View, Microsoft Lync 2013 and Skype Certified - Black",Cameras & Photography,True,,Monitors & Displays,Cameras & Photography,91.97,Logitech,/Logitech-C930e-1080P-Video-Webcam/dp/B00CRJWW2G/ref=sr_1_5869?dib=eyJ2IjoiMSJ9.5QVDs7PUX7pRPTAaE5KjsGwsTMtStrUCJEGYVU3WKpt1S4p4mTEgEfQop_-ZPdSc3GJH0i_Zm9YBTPXTwp8UPlCu08GFbLqa0dApFon-dhOjV1tnknf_I8ohEQir7MUR4jCgY6lzAAYqx4gq-efFS4ubcGDUJ0cU5NjbboX_op0xIVRXnY2oZgAP5a0L-sa5zGSo_tJ6FAvxfXKh2XEzXZGAFXtZee8gGF9yLGlMN7wZ9misrkU96V4UbrImAdWoGeh15VTfnHwz9JEY0IfLMpLn3oTp_RSaKMiRUNtuX_c.CnKGZF4nyL6WJwkUlnfbzHJyUJ953TBV62HA3Hcb5CM&dib_tag=se&qid=1755803132&refinements=p_n_g-101014971069111%3A119653281011&s=electronics&sr=1-5869,False
"Learning Resources Patterned Hand Pointers - 3 Pieces, Ages 3+ Classroom Pointer for Kids, Reading Pointers for Kids, Homeschool and Classroom Supplies",Non-Electronics,True,,Other,Other,11.99,Learning,/Learning-Resources-Patterned-Pointers-Classroom/dp/B01NCOV3NS/ref=sr_1_5843?dib=eyJ2IjoiMSJ9.Cr7BGpHgei8xLv7fgf_s7kYLwj-IQk80S80hu4g-jeZTe5Yi2EbX7KDIWUO4yZMCIT9dGf1IvyEtC6LCD0267qTu9kP4KD2TsxuyiWhTy3lV6pZvEuMt4ePiYTWvK1fezWXqC_b20zD8KLGs4BTowqUwq10YFQ2DSknlgk0vqamR-8hqiWHR2tqIjnd0R5Ur-horM9UmxhO_XFC3562TrForBIrvuzYaiaqaRBVAml4_j99tyZpy4MmClJhzV7_BbKw64Dm1uqZ5V0ilr1GRQ5Olh3d_lgbexGi1601ETqc.w_3jwVfwx_J7bIPI-ZZxX0cFwpSKXJdo_eDVhzJADlU&dib_tag=se&qid=1755803122&refinements=p_n_g-101014971069111%3A119653281011&s=electronics&sr=1-5843,False
"Amazon Basics Photographic Empty Sandbag for Light Stands, 4-Pack, Black",Cameras & Photography,True,,Other,Other,16.33,Amazon,/AmazonBasics-Photographic-Empty-Sandbag-Stands/dp/B07P217V6H/ref=sr_1_5846?dib=eyJ2IjoiMSJ9.Cr7BGpHgei8xLv7fgf_s7kYLwj-IQk80S80hu4g-jeZTe5Yi2EbX7KDIWUO4yZMCIT9dGf1IvyEtC6LCD0267qTu9kP4KD2TsxuyiWhTy3lV6pZvEuMt4ePiYTWvK1fezWXqC_b20zD8KLGs4BTowqUwq10YFQ2DSknlgk0vqamR-8hqiWHR2tqIjnd0R5Ur-horM9UmxhO_XFC3562TrForBIrvuzYaiaqaRBVAml4_j99tyZpy4MmClJhzV7_BbKw64Dm1uqZ5V0ilr1GRQ5Olh3d_lgbexGi1601ETqc.w_3jwVfwx_J7bIPI-ZZxX0cFwpSKXJdo_eDVhzJADlU&dib_tag=se&qid=1755803122&refinements=p_n_g-101014971069111%3A119653281011&s=electronics&sr=1-5846,False
"Canon PGI-2200 Genuine Three Color Multi Pack, Compatible with IB4120, MB5120, MB5420, IB4020, MB5020, and MB5320 (Optional) Printers",Printers & Ink,True,,Printers & Ink,Cameras & Photography,72.0,Canon,/Canon-PGI-2200-Compatible-MB5420-MB5320/dp/B00NZTJO7S/ref=sr_1_5853?dib=eyJ2IjoiMSJ9.Cr7BGpHgei8xLv7fgf_s7kYLwj-IQk80S80hu4g-jeZTe5Yi2EbX7KDIWUO4yZMCIT9dGf1IvyEtC6LCD0267qTu9kP4KD2TsxuyiWhTy3lV6pZvEuMt4ePiYTWvK1fezWXqC_b20zD8KLGs4BTowqUwq10YFQ2DSknlgk0vqamR-8hqiWHR2tqIjnd0R5Ur-horM9UmxhO_XFC3562TrForBIrvuzYaiaqaRBVAml4_j99tyZpy4MmClJhzV7_BbKw64Dm1uqZ5V0ilr1GRQ5Olh3d_lgbexGi1601ETqc.w_3jwVfwx_J7bIPI-ZZxX0cFwpSKXJdo_eDVhzJADlU&dib_tag=se&qid=1755803122&refinements=p_n_g-101014971069111%3A119653281011&s=electronics&sr=1-5853,True
"Fellowes Jupiter 2 125 Laminator with 10 Pouches, 12.5 Inch (5734101), Black & Grey",Office & School Supplies,True,,Office & School Supplies,Office & School Supplies,281.35,Fellowes,/Fellowes-Laminator-Jupiter-Laminating-5734101/dp/B00HXLP4YG/ref=sr_1_6007?dib=eyJ2IjoiMSJ9.NCrlNpr64SJvvrKPodLJWJ3LzZGeYwGhmZkAzAOusNJG-uf40OyOmNeIsP2yd0mXYeSfpFs_pifwPnolrZlaNIULLmWljYz7614fVSSWzn1GmdjGKsqyj39s8glEPjfRE-NGARJjmsIjZmxVTtqtGMtRi8llJu6_YpVhHezTgD9oIUDM6hf5rL5KYH1s4oU2pLt8edseM8ejMeEqCWrRygdNx9EoUpwyVS2bEAKeHyqAmbeIF3-kfbO8Sdp411ui8e_bZapyBieGq2X50o8TxkMWp56CMRlG38po_5RLS8M.c5--UkyGAxK6M5-rrjqaarOmFwqvOt19erGjNYJqkhc&dib_tag=se&qid=1755803206&refinements=p_n_g-101014971069111%3A119653281011&s=electronics&sr=1-6007,True
"Google Pixel Watch, 41mm Polished Silver Case w/Charcoal Active Band, Android Smartwatch, Fitbit Activity, Fitness, Sleep, Heart Rate Tracking, LTE Support",Smart Home & Wearables,True,,Monitors & Displays,Smart Home & Wearables,74.99,Google,/Google-Polished-Charcoal-Smartwatch-Activity/dp/B0DQDV82Q7/ref=sr_1_6000?dib=eyJ2IjoiMSJ9.FIDtYJT9knM7S5NFrV1HhGjG7fNr2EA_rKuJ11sPZ0zQVlz6K7Rkb9BTkpv4VTKjNMr1jfzl5GgV3Zz4DVFJoiFW_lRQ7mHNd6ixA-93XE50H2pDg8I1USOcyPOVxxTszY8BeGTUJNakB6tBWS4UDXkyDW34Zx6QaWZf9xIaR-JsY1MwtMbcaDvtqlrb0lSwXc1F2iuGWZAaO02FKa6I0FzZx8CuLgldmQx61t2OuHhR1mBYEbZTr5zJ4dxzZO2xgPCWHLnuSPN9apZeoHlh1F5HE5HQwUiydJC9s7tBBZs.yLQ5azbWBKBu1G-JpuNlQwQxELLqTFSo_EzXS0OocPQ&dib_tag=se&qid=1755803193&refinements=p_n_g-101014971069111%3A119653281011&s=electronics&sr=1-6000,False
Insta360 X4 Invisible Dive Case,Cameras & Photography,True,,Other,Other,89.99,Insta360,/Insta360-X4-Invisible-Dive-Case/dp/B0CXSNQLZG/ref=sr_1_6028?dib=eyJ2IjoiMSJ9.NCrlNpr64SJvvrKPodLJWJ3LzZGeYwGhmZkAzAOusNJG-uf40OyOmNeIsP2yd0mXYeSfpFs_pifwPnolrZlaNIULLmWljYz7614fVSSWzn1GmdjGKsqyj39s8glEPjfRE-NGARJjmsIjZmxVTtqtGMtRi8llJu6_YpVhHezTgD9oIUDM6hf5rL5KYH1s4oU2pLt8edseM8ejMeEqCWrRygdNx9EoUpwyVS2bEAKeHyqAmbeIF3-kfbO8Sdp411ui8e_bZapyBieGq2X50o8TxkMWp56CMRlG38po_5RLS8M.c5--UkyGAxK6M5-rrjqaarOmFwqvOt19erGjNYJqkhc&dib_tag=se&qid=1755803206&refinements=p_n_g-101014971069111%3A119653281011&s=electronics&sr=1-6028,False
"ecobee Smart Sensor for Doors & Windows 2 Pack - Wifi Contact Sensor for Home Security, Energy Savings - Compatible with Smart Thermostats - Temperature sensor, white",Smart Home & Wearables,True,,Smart Home & Wearables,Networking,59.99,Ecobee,/ecobee-SmartSensor-Doors-Windows-2-Pack/dp/B087D88FW2/ref=sr_1_6050?dib=eyJ2IjoiMSJ9.LLKJPn94y2o2RJc9olGXGnagBc5ztBVuYLVUjrK6u4ojW-r1-8cA6TPiGaJgG_9ZrYvt43dt1Dv7km5759dhzjzbtroCO8YMrOnrNJwynFR-ay8wSESxQjfLZdIS4iE-zP8LBJ-RCyC08JBCp1J4nEniN7HI3H1MCGk7zyiI8OeePSGBSOrtJL7bL1WS6cBQAo9mDROkHurn7kGZzfRgYCK3W6Uj6vfrfKcesIBJ8qLevNUWWJc3u04PUGh0u1bXIQub3KYnF_8VNfTsU5EMkKMPru7LOG8rIg1N8oHkHMo.QS1RDRO-lCXeDmZ7QydXr2Eey6gq8PIsZtn7Y7T4OQE&dib_tag=se&qid=1755803218&refinements=p_n_g-101014971069111%3A119653281011&s=electronics&sr=1-6050,True
"JBL Professional 1 Series 104-BT Compact Desktop Reference Monitors with Bluetooth, Black, Sold as Pair, 4.5-inch Speaker",Audio,True,,Monitors & Displays,Computers & Laptops,159.0,Jbl,/JBL-Professional-Reference-Bluetooth-JBL104-BT/dp/B07ZR2G296/ref=sr_1_6034?dib=eyJ2IjoiMSJ9.LLKJPn94y2o2RJc9olGXGnagBc5ztBVuYLVUjrK6u4ojW-r1-8cA6TPiGaJgG_9ZrYvt43dt1Dv7km5759dhzjzbtroCO8YMrOnrNJwynFR-ay8wSESxQjfLZdIS4iE-zP8LBJ-RCyC08JBCp1J4nEniN7HI3H1MCGk7zyiI8OeePSGBSOrtJL7bL1WS6cBQAo9mDROkHurn7kGZzfRgYCK3W6Uj6vfrfKcesIBJ8qLevNUWWJc3u04PUGh0u1bXIQub3KYnF_8VNfTsU5EMkKMPru7LOG8rIg1N8oHkHMo.QS1RDRO-lCXeDmZ7QydXr2Eey6gq8PIsZtn7Y7T4OQE&dib_tag=se&qid=1755803218&refinements=p_n_g-101014971069111%3A119653281011&s=electronics&sr=1-6034,False
OtterBox Performance Car Dash & Windshield Mount for MagSafe - Black,Phone & Tablet Accessories,True,,Phone & Tablet Accessories,Other,49.95,Otterbox,/OtterBox-Performance-Windshield-Mount-MagSafe/dp/B0934N7G4B/ref=sr_1_5947?dib=eyJ2IjoiMSJ9.lJfETWJOrq699UMMcjyhfG_rK6EDqyIPfB7C5d1rD-8fhZ0wBnBMZlsQVcTE-iWwsb6wu5vqoiQhr3-VctB6AIw1lN1iyeNDXLioYElNhYHbBSArNWfmqjolgckZuPMBvz6OIg23NnPdYikro3hTD-obuAh4wUtldXh7wft3mZvD77OfDJlivxNujkAKWGvuiC1gn8Y0-kZ8Knn5xXeKbE5q8o4MvtXKkmfuBc7M4X5MJtzK9-kQYj_Unm32L5GJokT5RxRY80dR7hT0vQnQA5_D0mwkIBa0N9HcsvpUvj0.7IL9T-JaOjAfBCTJLbiydws3ODrOGQZQY7Q5hEke4XY&dib_tag=se&qid=1755803166&refinements=p_n_g-101014971069111%3A119653281011&s=electronics&sr=1-5947,True
KODAK Gold 200 Foil Vertical Pack of 3 GB135-36,Cameras & Photography,True,,Other,Other,,Kodak,/KODAK-GOLD-Film-GB135-36-Vertical-packaging/dp/B00JDOCW3M/ref=sr_1_5936?dib=eyJ2IjoiMSJ9.lJfETWJOrq699UMMcjyhfG_rK6EDqyIPfB7C5d1rD-8fhZ0wBnBMZlsQVcTE-iWwsb6wu5vqoiQhr3-VctB6AIw1lN1iyeNDXLioYElNhYHbBSArNWfmqjolgckZuPMBvz6OIg23NnPdYikro3hTD-obuAh4wUtldXh7wft3mZvD77OfDJlivxNujkAKWGvuiC1gn8Y0-kZ8Knn5xXeKbE5q8o4MvtXKkmfuBc7M4X5MJtzK9-kQYj_Unm32L5GJokT5RxRY80dR7hT0vQnQA5_D0mwkIBa0N9HcsvpUvj0.7IL9T-JaOjAfBCTJLbiydws3ODrOGQZQY7Q5hEke4XY&dib_tag=se&qid=1755803166&refinements=p_n_g-101014971069111%3A119653281011&s=electronics&sr=1-5936,False
"Fujifilm X100VI 40.2 MP Mirrorless Camera with Fixed 23mmF2 Lens (APS-C X-Trans CMOS 5 Sensor, X-Processor 5, Hybrid Viewfinder, LCD Tilt Touchscreen, Face Detection AF, 20 Film Simulations - Black",Cameras & Photography,True,,Cameras & Photography,Computers & Laptops,,Fujifilm,/Fujifilm-Mirrorless-X-Processor-Touchscreen-Simulations/dp/B0D989CTDY/ref=sr_1_5957?dib=eyJ2IjoiMSJ9.vvlbjHrnqDOyi3VwKXebLQARdqKpmyHeexPc7CopN8QO3-jCTuJEbjHHLq-CEC-FMwIPag8_B3ztQFQHS-GuFXmeeVFA2rLVSRvDR1mr5v0-qaShK9YQr390hiKmnQ7NOaPQQ7TLX-XlOZDxJPIgyLszKSClLj5uD1r84jUSkTUF82TCNKmvr-Q8dDOUTSvNDPEMKY1yvGYBUX0jHX1poa7OzU3zLG-JsiIpEnOP8sbkykcF1NtFW50vlo3fwccVyBNPmgpJ4G3FZGs3RKdtqkwF9f9MPqf4Bp9C9h1iDrw.3KUhEUuPAypxpJTm57tJtyVXOfsFQAVrSsNh82b3GVI&dib_tag=se&qid=1755803179&refinements=p_n_g-101014971069111%3A119653281011&s=electronics&sr=1-5957,True
"Kryptonite Alarm Disc, Heavy Duty Anti-Theft Motorcycle Lock with 120db Alarm, Weather-Resistant, Powersport Disc Break Lock",Non-Electronics,False,motorcycle disc lock with electronic alarm; mainly a security hardware product,Smart Home & Wearables,Storage & Memory Cards,55.0,Kryptonite,/Kryptonite-Anti-Theft-Motorcycle-Weather-Resistant-Powersport/dp/B08C5J63RQ/ref=sr_1_5986?dib=eyJ2IjoiMSJ9.FIDtYJT9knM7S5NFrV1HhGjG7fNr2EA_rKuJ11sPZ0zQVlz6K7Rkb9BTkpv4VTKjNMr1jfzl5GgV3Zz4DVFJoiFW_lRQ7mHNd6ixA-93XE50H2pDg8I1USOcyPOVxxTszY8BeGTUJNakB6tBWS4UDXkyDW34Zx6QaWZf9xIaR-JsY1MwtMbcaDvtqlrb0lSwXc1F2iuGWZAaO02FKa6I0FzZx8CuLgldmQx61t2OuHhR1mBYEbZTr5zJ4dxzZO2xgPCWHLnuSPN9apZeoHlh1F5HE5HQwUiydJC9s7tBBZs.yLQ5azbWBKBu1G-JpuNlQwQxELLqTFSo_EzXS0OocPQ&dib_tag=se&qid=1755803193&refinements=p_n_g-101014971069111%3A119653281011&s=electronics&sr=1-5986,False
"Belkin 42W Dual Port Charger Block, USB-C + USB-A Charger Super Fast Charging - Samsung Galaxy S25, Apple iPhone 16, 15, 14, 13, Pro, Pro Max, iPad, AirPods, Nintendo Switch 2 & More - White",Cables & Charging,True,,Cables & Charging,Audio,28.97,Belkin,/Belkin-BoostCharge-Charger-Charging-AirPods/dp/B0D4G42D42/ref=sr_1_5978?dib=eyJ2IjoiMSJ9.vvlbjHrnqDOyi3VwKXebLQARdqKpmyHeexPc7CopN8QO3-jCTuJEbjHHLq-CEC-FMwIPag8_B3ztQFQHS-GuFXmeeVFA2rLVSRvDR1mr5v0-qaShK9YQr390hiKmnQ7NOaPQQ7TLX-XlOZDxJPIgyLszKSClLj5uD1r84jUSkTUF82TCNKmvr-Q8dDOUTSvNDPEMKY1yvGYBUX0jHX1poa7OzU3zLG-JsiIpEnOP8sbkykcF1NtFW50vlo3fwccVyBNPmgpJ4G3FZGs3RKdtqkwF9f9MPqf4Bp9C9h1iDrw.3KUhEUuPAypxpJTm57tJtyVXOfsFQAVrSsNh82b3GVI&dib_tag=se&qid=1755803179&refinements=p_n_g-101014971069111%3A119653281011&s=electronics&sr=1-5978,True
Fractal Design Pop XL Air RGB Black Tempered Glass Clear Tint,Computers & Laptops,True,,Other,Other,119.99,Fractal,/Fractal-Design-Black-Tempered-Glass/dp/B08T1VC921/ref=sr_1_6126?dib=eyJ2IjoiMSJ9.q5Om1OwN1SqB4g3O9Kj_Sx3ZO8dGhn_2GMU0WSpjWplK9veR7Vg9cH2dn74mqYVtKvmqwJtMOzwuA6VldctfUpbf3MMzeSdv2YU-wVVM1jE8G42nlis9B4kkqoVubMgv830y8X_Zj5WtzVL3b1OtkGOhprg80Tb1HTi6UsR4XuDrqewMsIYSJCWUe0kacx72p3fCxEi47x-qjsgCPNx5Oieo5nHSA6Irk-co53ih-VClVQMDZUCo49SxRz_rMTXBKGsizw_C67fgtOTFeOaxMkogQ8crD1A1WQuE4jihyj0.8iCuurE1P9OLQlEW-zchz1qE8WnyHsuROgquYmfRWXQ&dib_tag=se&qid=1755803269&refinements=p_n_g-101014971069111%3A119653281011&s=electronics&sr=1-6126,False
"Kensington Orbit Wireless Trackball with Scroll Ring - Black-Red (K70990WW),",Keyboards & Mice,True,,Keyboards & Mice,Other,49.99,Kensington,/Kensington-Orbit-Wireless-Trackball-Scroll/dp/B09DGMYVPP/ref=sr_1_6142?dib=eyJ2IjoiMSJ9.q5Om1OwN1SqB4g3O9Kj_Sx3ZO8dGhn_2GMU0WSpjWplK9veR7Vg9cH2dn74mqYVtKvmqwJtMOzwuA6VldctfUpbf3MMzeSdv2YU-wVVM1jE8G42nlis9B4kkqoVubMgv830y8X_Zj5WtzVL3b1OtkGOhprg80Tb1HTi6UsR4XuDrqewMsIYSJCWUe0kacx72p3fCxEi47x-qjsgCPNx5Oieo5nHSA6Irk-co53ih-VClVQMDZUCo49SxRz_rMTXBKGsizw_C67fgtOTFeOaxMkogQ8crD1A1WQuE4jihyj0.8iCuurE1P9OLQlEW-zchz1qE8WnyHsuROgquYmfRWXQ&dib_tag=se&qid=1755803269&refinements=p_n_g-101014971069111%3A119653281011&s=electronics&sr=1-6142,True
"Neewer 3"" Suction Cup Camera Mount Bracket with Ball Head Magic Arm, 1/4"" ARRI Holes, Quick Release Car Mount with Phone Holder & Action Cam Adapter Compatible with iPhone DJI Insta360, CA104",Cameras & Photography,True,,Cameras & Photography,Phone & Tablet Accessories,37.99,Neewer,/Neewer-Suction-Bracket-Compatible-Insta360/dp/B0D8TFCMYS/ref=sr_1_6056?dib=eyJ2IjoiMSJ9.BwtE3YBB-lqIjLJ0-X9zacX0lL5MX1bRng-jMrlNjm84xW0Q2NJIH1h7Vmhwzf7sFJkGYnJQnAzeaYnbxk3avjdrGGW1a5raWmzGTuWTCrJGpHsY_ByzUP2MK4sZDjFhkIA4ZFM5TS_IU9kel9Ld7aJ5iqGug8F2MYTn5kFqlDa5doZYOj_GR3ztT_ZRvw_aY_26lrLn-Dt-9GCPQeKLM3u3b4EaLw6hkVBLwOwEtwp5pwCczI9bKD3sBAp5zbdjSgTEb5-Xjg5SgkY4CAWoDvTlt8jBoOZiV-VVKQKo7do.A7zA27NK87JHVVY_XbRbezKXdI6VvxIibZKCQUm3LBQ&dib_tag=se&qid=1755803230&refinements=p_n_g-101014971069111%3A119653281011&s=electronics&sr=1-6056,True
"VEVOR 3.28 ft Cable Protector Ramp, 4 Pack of 1 Channel, 18000 lbs/axle Capacity Heavy Duty Rubber Speed Bumps, Floor Cord Cable Protector Wire Cover, for Residential Areas, Private Garages, Gardens",Cables & Charging,False,"generic floor cable protector ramp, borderline non-electronics",Power Strips & Surge Protectors,Cables & Charging,37.99,Vevor,/VEVOR-Cable-Protector-Ramp-Channel/dp/B0BQ1MYKFZ/ref=sr_1_6052?dib=eyJ2IjoiMSJ9.BwtE3YBB-lqIjLJ0-X9zacX0lL5MX1bRng-jMrlNjm84xW0Q2NJIH1h7Vmhwzf7sFJkGYnJQnAzeaYnbxk3avjdrGGW1a5raWmzGTuWTCrJGpHsY_ByzUP2MK4sZDjFhkIA4ZFM5TS_IU9kel9Ld7aJ5iqGug8F2MYTn5kFqlDa5doZYOj_GR3ztT_ZRvw_aY_26lrLn-Dt-9GCPQeKLM3u3b4EaLw6hkVBLwOwEtwp5pwCczI9bKD3sBAp5zbdjSgTEb5-Xjg5SgkY4CAWoDvTlt8jBoOZiV-VVKQKo7do.A7zA27NK87JHVVY_XbRbezKXdI6VvxIibZKCQUm3LBQ&dib_tag=se&qid=1755803230&refinements=p_n_g-101014971069111%3A119653281011&s=electronics&sr=1-6052,False
Edifier R1700BTs Active Bluetooth Bookshelf Speakers - 2.0 Wireless Near Field Studio Monitor Speaker - 66w RMS with Subwoofer Line Out,Audio,True,,Audio,Monitors & Displays,189.99,Edifier,/Edifier-R1700BTs-Active-Bookshelf-Speakers/dp/B0886B1TWC/ref=sr_1_6237?dib=eyJ2IjoiMSJ9.Y1mmiLccTSkaIi4S7lP3gS3zN_eiH3Fb98kjdu7UNT_7rsOZXAWYBCrBifGPDIZ9MMEu-qXADJ_y_aCriTPTWGIW1_IHZxpuirjCkxYigPZNOV0IX-OXOyeLAAqdbpaZbxQvxNfSF3wkOXHEjgEfCOEOSTpGUO1Yn7Z1VIy1y77BLKs-n6Q4miVyTovBcSdEvK8YNDgULeTlKYeA9okD0ongRXU9qAdOeTZ703iCwN3B1GO0BJJRgW-tRp8uycPSD-5cdATI7FtsbqPLmn-eQj9wHrfXS5xKLn-GTutNMQg.P3fvzG2T3pB3T-PtNM6n4C8qQVicrWILjfGrnIlDRfk&dib_tag=se&qid=1755803319&refinements=p_n_g-101014971069111%3A119653281011&s=electronics&sr=1-6237,True
"UGREEN USB C to USB C Cable 240W USB4 Gen4 80Gbps Premium 16K Dual 8K Triple 4K Display PD3.1 Type C Fast Charging Compatible with USB C Monitors, MacBook, iPad, iPhone 16/15/14, 3.3FT",Cables & Charging,True,,Cables & Charging,Monitors & Displays,18.99,Ugreen,/UGREEN-Premium-Charging-Compatible-Monitors/dp/B0DP9R2LRG/ref=sr_1_6239?dib=eyJ2IjoiMSJ9.Y1mmiLccTSkaIi4S7lP3gS3zN_eiH3Fb98kjdu7UNT_7rsOZXAWYBCrBifGPDIZ9MMEu-qXADJ_y_aCriTPTWGIW1_IHZxpuirjCkxYigPZNOV0IX-OXOyeLAAqdbpaZbxQvxNfSF3wkOXHEjgEfCOEOSTpGUO1Yn7Z1VIy1y77BLKs-n6Q4miVyTovBcSdEvK8YNDgULeTlKYeA9okD0ongRXU9qAdOeTZ703iCwN3B1GO0BJJRgW-tRp8uycPSD-5cdATI7FtsbqPLmn-eQj9wHrfXS5xKLn-GTutNMQg.P3fvzG2T3pB3T-PtNM6n4C8qQVicrWILjfGrnIlDRfk&dib_tag=se&qid=1755803319&refinements=p_n_g-101014971069111%3A119653281011&s=electronics&sr=1-6239,True
"Belkin 65W Dual USB C Charger Block, Super Fast Charging PD3.0 w/ GaN Technology - Samsung Galaxy S25, Apple iPhone 16, 15, 14, 13, Pro, Pro Max, iPad, MacBook, Nintendo Switch 2 & More - White",Cables & Charging,True,,Cables & Charging,Computers & Laptops,,Belkin,/Belkin-Charger-Charging-Delivery-Technology/dp/B0B5QKMCZD/ref=sr_1_6243?dib=eyJ2IjoiMSJ9.Y1mmiLccTSkaIi4S7lP3gS3zN_eiH3Fb98kjdu7UNT_7rsOZXAWYBCrBifGPDIZ9MMEu-qXADJ_y_aCriTPTWGIW1_IHZxpuirjCkxYigPZNOV0IX-OXOyeLAAqdbpaZbxQvxNfSF3wkOXHEjgEfCOEOSTpGUO1Yn7Z1VIy1y77BLKs-n6Q4miVyTovBcSdEvK8YNDgULeTlKYeA9okD0ongRXU9qAdOeTZ703iCwN3B1GO0BJJRgW-tRp8uycPSD-5cdATI7FtsbqPLmn-eQj9wHrfXS5xKLn-GTutNMQg.P3fvzG2T3pB3T-PtNM6n4C8qQVicrWILjfGrnIlDRfk&dib_tag=se&qid=1755803319&refinements=p_n_g-101014971069111%3A119653281011&s=electronics&sr=1-6243,True
Pyle 2000W 2-Channel Bluetooth 5.0 Power Amplifier - Bridgeable Rack-Mount Pro Audio Receiver with TRS/XLR Input - LCD Display - Cooling Fan - Bridge Mode - 4-8 Ohm Speakers - PTA1000BT,Audio,True,,Audio,Computers & Laptops,112.99,Pyle,/2-Channel-Bluetooth-Power-Amplifier-Entertainment/dp/B09KNQTF3L/ref=sr_1_6227?dib=eyJ2IjoiMSJ9.Y1mmiLccTSkaIi4S7lP3gS3zN_eiH3Fb98kjdu7UNT_7rsOZXAWYBCrBifGPDIZ9MMEu-qXADJ_y_aCriTPTWGIW1_IHZxpuirjCkxYigPZNOV0IX-OXOyeLAAqdbpaZbxQvxNfSF3wkOXHEjgEfCOEOSTpGUO1Yn7Z1VIy1y77BLKs-n6Q4miVyTovBcSdEvK8YNDgULeTlKYeA9okD0ongRXU9qAdOeTZ703iCwN3B1GO0BJJRgW-tRp8uycPSD-5cdATI7FtsbqPLmn-eQj9wHrfXS5xKLn-GTutNMQg.P3fvzG2T3pB3T-PtNM6n4C8qQVicrWILjfGrnIlDRfk&dib_tag=se&qid=1755803319&refinements=p_n_g-101014971069111%3A119653281011&s=electronics&sr=1-6227,True
"AT&T TL86103 2-Line Corded/Cordless for Small Business with Answering Machine, 2-Mailboxes, Connect-to-Cell, Caller ID Announcer, Intercom, Line-Power, Long Range & Expandable to 12 Handsets",Phone & Tablet Accessories,True,,Other,Other,155.99,At&T,/AT-TL86103-2-Mailboxes-Line-power-Expandable/dp/B00LI8Q7WI/ref=sr_1_6222?dib=eyJ2IjoiMSJ9.Y1mmiLccTSkaIi4S7lP3gS3zN_eiH3Fb98kjdu7UNT_7rsOZXAWYBCrBifGPDIZ9MMEu-qXADJ_y_aCriTPTWGIW1_IHZxpuirjCkxYigPZNOV0IX-OXOyeLAAqdbpaZbxQvxNfSF3wkOXHEjgEfCOEOSTpGUO1Yn7Z1VIy1y77BLKs-n6Q4miVyTovBcSdEvK8YNDgULeTlKYeA9okD0ongRXU9qAdOeTZ703iCwN3B1GO0BJJRgW-tRp8uycPSD-5cdATI7FtsbqPLmn-eQj9wHrfXS5xKLn-GTutNMQg.P3fvzG2T3pB3T-PtNM6n4C8qQVicrWILjfGrnIlDRfk&dib_tag=se&qid=1755803319&refinements=p_n_g-101014971069111%3A119653281011&s=electronics&sr=1-6222,False
DEWALT DCH273P2 20V Max Brushless SDS Rotary Hammer with 5 Ah Batteries,Non-Electronics,True,,Batteries,Batteries,419.0,Dewalt,/DEWALT-DCH273P2-Brushless-Rotary-Batteries/dp/B00WG75AKA/ref=sr_1_6263?dib=eyJ2IjoiMSJ9.FxPXULFOcaLt591aFEYM0jec8JLe4jLghEzGgRoa-XDKHUzYcNuSl5i0_IwFoeMAmG-HXldXi7x4Zz6acU7YR7q_fKvWtDBIotTTFY1x5b9tTNvj8PL0egVfRXJOoST-zDRETXjlcE0H0-GyXF0Yy3gwgWtL-1mW8VxvyjVXBXyiV9byw7KQpgwEcr7iE1DHUWF6LXlTURxiRlCipttK3nZFGlUgHYUX0nDQeaNBkm4HACb7ygW7outXMpyl_xLT3WxeefWyYqdSVdy61Oj5QzOV5kuGmyuV15koXJiA49s.iYuFoR6zzIPUtU6Hh2A3JwZWdMs7SwGUH6OjJUa8XVA&dib_tag=se&qid=1755803332&refinements=p_n_g-101014971069111%3A119653281011&s=electronics&sr=1-6263,False
"Apple iPhone 16 Pro, US Version, 128GB, Desert Titanium for T-Mobile (Renewed)",Phone & Tablet Accessories,True,,Phone & Tablet Accessories,Phone & Tablet Accessories,670.95,Apple,/Apple-Version-Titanium-T-Mobile-Renewed/dp/B0DN177TY6/ref=sr_1_6245?dib=eyJ2IjoiMSJ9.FxPXULFOcaLt591aFEYM0jec8JLe4jLghEzGgRoa-XDKHUzYcNuSl5i0_IwFoeMAmG-HXldXi7x4Zz6acU7YR7q_fKvWtDBIotTTFY1x5b9tTNvj8PL0egVfRXJOoST-zDRETXjlcE0H0-GyXF0Yy3gwgWtL-1mW8VxvyjVXBXyiV9byw7KQpgwEcr7iE1DHUWF6LXlTURxiRlCipttK3nZFGlUgHYUX0nDQeaNBkm4HACb7ygW7outXMpyl_xLT3WxeefWyYqdSVdy61Oj5QzOV5kuGmyuV15koXJiA49s.iYuFoR6zzIPUtU6Hh2A3JwZWdMs7SwGUH6OjJUa8XVA&dib_tag=se&qid=1755803332&refinements=p_n_g-101014971069111%3A119653281011&s=electronics&sr=1-6245,True
"Microsoft Audio Dock - Up to 90dB SPL - Two omni-directional microphone arrays - 70Hz ~ 20kHz for music playback - Support DP alt mode, up to Dual Display - Windows 11 Home/Pro, Windows 10, MacOS",Audio,False,"conferencing audio dock with dual-display support, could also fit Monitors/Networking",Audio,Computers & Laptops,37.87,Microsoft,/Microsoft-Audio-Dock-USB-Pass-Through/dp/B0BB8NFHSY/ref=sr_1_6168?dib=eyJ2IjoiMSJ9.7gspSKSdb07LeoPy7pCRDQVoNoTCBUUkjUPqrUecBRLVxiSdpoQCWlc5lgpuai40aPkEj8iWyS6ki_zLFE1ALwVxprGVGuWnWqFltFSiEzFvAaYwZ10fMjARoNwHHbPE0x-BVL6t3paB_QEFPyo2GHUVvwn86kyAOGlKPiPA3A-JUrpWZnr19ddBjxXNFOxaIFGkPCMPrMljhYbv-Pf81rd5Ljdivs5MLyAh8XFTcrm1jXqCeYFg3vLhi3p_68fC1Da0r7E1T5RhzR-NF2v04tDzoB_GjWAqnGXhWtdBv3M.x1N-s7mPnDZXXcIQPPZl5nn15zwNmI35OftW0aMcdkI&dib_tag=se&qid=1755803281&refinements=p_n_g-101014971069111%3A119653281011&s=electronics&sr=1-6168,True
Focal FBATHYSMG Bluetooth® Headphones with Active Noise Cancellation,Audio,True,,Audio,Audio,1499.0,Focal,/Focal-FBATHYSMG-Bluetooth%C2%AE-Headphones-Cancellation/dp/B0F2N1YCQ3/ref=sr_1_6157?dib=eyJ2IjoiMSJ9.7gspSKSdb07LeoPy7pCRDQVoNoTCBUUkjUPqrUecBRLVxiSdpoQCWlc5lgpuai40aPkEj8iWyS6ki_zLFE1ALwVxprGVGuWnWqFltFSiEzFvAaYwZ10fMjARoNwHHbPE0x-BVL6t3paB_QEFPyo2GHUVvwn86kyAOGlKPiPA3A-JUrpWZnr19ddBjxXNFOxaIFGkPCMPrMljhYbv-Pf81rd5Ljdivs5MLyAh8XFTcrm1jXqCeYFg3vLhi3p_68fC1Da0r7E1T5RhzR-NF2v04tDzoB_GjWAqnGXhWtdBv3M.x1N-s7mPnDZXXcIQPPZl5nn15zwNmI35OftW0aMcdkI&dib_tag=se&qid=1755803281&refinements=p_n_g-101014971069111%3A119653281011&s=electronics&sr=1-6157,True
"SAMSUNG Galaxy Watch 6 Classic 47mm Stainless-Steel Smartwatch w/Fitness Tracker, Heart Monitor, BIA Sensor, Bluetooth – Black",Smart Home & Wearables,True,,Smart Home & Wearables,Monitors & Displays,214.99,Samsung,/Samsung-Classic-Stainless-Steel-Smartwatch-Bluetooth/dp/B0CCW95RBD/ref=sr_1_6153?dib=eyJ2IjoiMSJ9.7gspSKSdb07LeoPy7pCRDQVoNoTCBUUkjUPqrUecBRLVxiSdpoQCWlc5lgpuai40aPkEj8iWyS6ki_zLFE1ALwVxprGVGuWnWqFltFSiEzFvAaYwZ10fMjARoNwHHbPE0x-BVL6t3paB_QEFPyo2GHUVvwn86kyAOGlKPiPA3A-JUrpWZnr19ddBjxXNFOxaIFGkPCMPrMljhYbv-Pf81rd5Ljdivs5MLyAh8XFTcrm1jXqCeYFg3vLhi3p_68fC1Da0r7E1T5RhzR-NF2v04tDzoB_GjWAqnGXhWtdBv3M.x1N-s7mPnDZXXcIQPPZl5nn15zwNmI35OftW0aMcdkI&dib_tag=se&qid=1755803281&refinements=p_n_g-101014971069111%3A119653281011&s=electronics&sr=1-6153,True
"Garmin Lily® 2 Active, Small and Stylish Smartwatch, Built-in GPS, Hidden Display, Patterned Lens, Up to 9 Days Battery Life, Silver with Purple Jasmine Silicone Band",Smart Home & Wearables,True,,Smart Home & Wearables,Monitors & Displays,299.99,Garmin,/Garmin-Stylish-Smartwatch-Patterned-Silicone/dp/B0DGWJ8FYW/ref=sr_1_6174?dib=eyJ2IjoiMSJ9.7gspSKSdb07LeoPy7pCRDQVoNoTCBUUkjUPqrUecBRLVxiSdpoQCWlc5lgpuai40aPkEj8iWyS6ki_zLFE1ALwVxprGVGuWnWqFltFSiEzFvAaYwZ10fMjARoNwHHbPE0x-BVL6t3paB_QEFPyo2GHUVvwn86kyAOGlKPiPA3A-JUrpWZnr19ddBjxXNFOxaIFGkPCMPrMljhYbv-Pf81rd5Ljdivs5MLyAh8XFTcrm1jXqCeYFg3vLhi3p_68fC1Da0r7E1T5RhzR-NF2v04tDzoB_GjWAqnGXhWtdBv3M.x1N-s7mPnDZXXcIQPPZl5nn15zwNmI35OftW0aMcdkI&dib_tag=se&qid=1755803281&refinements=p_n_g-101014971069111%3A119653281011&s=electronics&sr=1-6174,True
"ARCTIC P12 PWM - PC Fan, 120mm Case Fan with PWM, Pressure-optimised, Quiet Motor, Computer, Fan Speed: 200–1800 RPM (0 RPM <5%) - Black",Computers & Laptops,True,,Computers & Laptops,Computers & Laptops,9.49,Arctic,/ARCTIC-ACFAN00119A-P12-Black-Pressure-Optimized/dp/B07GB5JRTZ/ref=sr_1_6194?dib=eyJ2IjoiMSJ9.zhRMLHVw4IJMRtrQvk3kA34arXfiQ2jieLF7nD9GZN9q5cCMCN9bvOXOYCYqpUaYj0oBSj5hxbmnhO7HwLhaKwE6b0Dmr2PiP--ir6EWiFk1kkp_znbezVKlxnkpaJbqJl-kMrNJxuRH9gixPnM0VNWETaMHqDwhmwsn-6Pl12PHyNK4qD8KUrgsjlDsYYrBkRKUcUv4qCzH3Mdp5Z4aPjgrqegBrm7Kvwagcd6BUVXRYC7-EQCll2OkjvwiRRassrtQ7jkmIPh3M_1p17FuNHAv9pFCja8DGhX6O7nHBZI.Rjpx0E4y-CbNj78-DEvPfZ5VWlmSSV2EJxHKDPxWSM0&dib_tag=se&qid=1755803292&refinements=p_n_g-101014971069111%3A119653281011&s=electronics&sr=1-6194,True
"Canon PowerShot V10 Camera, Content Creator Compact Vlogging Camera, Fixed 19mm Wide-Angle Lens, 4K Video, Face Detection, Built-in Microphone, Live Streaming, Built-in Stand, Black",Cameras & Photography,True,,Cameras & Photography,Audio,,Canon,/Canon-Wide-Angle-Face-Tracking-Microphone-Stabilization/dp/B0C5497S98/ref=sr_1_6177?dib=eyJ2IjoiMSJ9.zhRMLHVw4IJMRtrQvk3kA34arXfiQ2jieLF7nD9GZN9q5cCMCN9bvOXOYCYqpUaYj0oBSj5hxbmnhO7HwLhaKwE6b0Dmr2PiP--ir6EWiFk1kkp_znbezVKlxnkpaJbqJl-kMrNJxuRH9gixPnM0VNWETaMHqDwhmwsn-6Pl12PHyNK4qD8KUrgsjlDsYYrBkRKUcUv4qCzH3Mdp5Z4aPjgrqegBrm7Kvwagcd6BUVXRYC7-EQCll2OkjvwiRRassrtQ7jkmIPh3M_1p17FuNHAv9pFCja8DGhX6O7nHBZI.Rjpx0E4y-CbNj78-DEvPfZ5VWlmSSV2EJxHKDPxWSM0&dib_tag=se&qid=1755803292&refinements=p_n_g-101014971069111%3A119653281011&s=electronics&sr=1-6177,True
"Corsair Dark Core RGB Pro, Wireless FPS/MOBA Gaming optical Mouse with SLIPSTREAM Technology, Black, Backlit RGB LED, 18000 DPI, Optical,CH-9315411-NA",Keyboards & Mice,True,,Computers & Laptops,Keyboards & Mice,99.99,Corsair,/Corsair-Wireless-SLIPSTREAM-Technology-CH-9315411-NA/dp/B082LVNHW9/ref=sr_1_6370?dib=eyJ2IjoiMSJ9.BZHdIWD2oT3khSAc4LBrgnK1umdNaLWlDOpUvYo-KxjgIbsU-pdNT1d6vOwUBfO2Pdqs9lteDq_FGnSCiMpJROdFQ55CtCtURcutyvQMAWxnP8WD4NW8wIxpOuPwTXFG9tk-3ZManI2o8Y3zYqJ7oZVKFwg_O1zTIJxhJgW93Ock1PcQb01XhkdD9Bba14dCUgHen_BTQhoYXcauVQAjgjrP4nTqxF5TZGruVQD5EQuzX9hZ8iQ3G64euQ9pJbQuQ0cU2fmDa87BeUbOpeD7LiFIo0wZfsMPV40X-q4z1m8.G32ZjOuCbHCR-cHxAF7r9i-1qmZ4c6XVEF8QEcvjMfU&dib_tag=se&qid=1755803394&refinements=p_n_g-101014971069111%3A119653281011&s=electronics&sr=1-6370,False
"UGREEN Magnetic USB C Splitter 1 in 2 Out Dual USB C Headphone and Charger Type C Audio Adapter with PD 60W Fast Charging Dongle Cable for iPhone 16 Pro Max, Galaxy S25, Pixel 9, iPad Pro, Switch 2",Cables & Charging,True,,Cables & Charging,Audio,19.99,Ugreen,/UGREEN-Magnetic-Splitter-Headphone-Charging/dp/B0DP9PXLMJ/ref=sr_1_6296?dib=eyJ2IjoiMSJ9.nX0tXo_m76VbGHULnglYmQSNZ3aVd_fGK-sVSRCohC7-mTtiQScU7dE75aMgYIipbe3ziZjnrADpMgrA2clqwMPzZl9rMPtArop4mLOLb865MTg1mypJvDNB2KkxRL-5UnWMiBclTdAIbTLXqBNxKZ3d3N2opRPd8PMsoNyW0Mmj1VMkOodpAnmNqTSSkTMWeJq4TEto8Fv0B9E6x-4TW9nOeDV7Xp_tyyfmuO3_znJ6FkBaRHxo-7VL27o4Hi9f9mgU8JXvPlH5TKeI_xB0PxCFYLL-DUZvz6SJHHIU_aY.eRaQBJVvydbrSVgS8Xrnf9Ee6nVoXBdbVXzp9QwYAOQ&dib_tag=se&qid=1755803358&refinements=p_n_g-101014971069111%3A119653281011&s=electronics&sr=1-6296,True
"DJI RC Pro, High-Performance Remote Controller for DJI Mavic 3 Pro and More, High-Bright 1080p Screen, 15 km Transmission Range, Ideal for Outdoor Use Aerial Photography",Cameras & Photography,True,,Cameras & Photography,TV & Home Entertainment,1199.0,Dji,/DJI-High-Performance-High-Bright-Transmission-Photography/dp/B09J13ZXGH/ref=sr_1_6454?dib=eyJ2IjoiMSJ9.byN06BfOlXMSne_dQmgCtovuBL6UhgLXqMtiAIxGBxTWfrnnjiEBeJyD4GtUoFCN6Z1s2EykmEcNwgbJZEAAvp8tReXolyQWmSTMOHP44TXR58s7543eoAyXa4yjk2kp42ka8BVGgytFV_o6DmrID4CUGc4CbYSlHpPqSEUthW0HbEELIaRKwi25Vj38qqm6zRTlJEem52fFxYYWBRPjuKtFPja8X2FAVcqvnXih5-Rk25db1eKDoW3jqPmtqGb-1aTiwkyQcWbRTWq28U0T8a5dtmOfYhzGnAs4ELNmNMA.qYLylqqnUZ2LeEfQI0d2vImcU6B10ylEVbRvDZw598k&dib_tag=se&qid=1755803433&refinements=p_n_g-101014971069111%3A119653281011&s=electronics&sr=1-6454,True
"Xerox C235DNI Color All-In-One, Laser, Wireless, ADF, Letter, Print, Scan, Copy, Fax, Energy Star Certified, Up to 24PPM",Printers & Ink,True,,Printers & Ink,Other,,Xerox,/Xerox-Color-Multifunction-Printer-Wireless/dp/B09C2MGHDT/ref=sr_1_6455?dib=eyJ2IjoiMSJ9.byN06BfOlXMSne_dQmgCtovuBL6UhgLXqMtiAIxGBxTWfrnnjiEBeJyD4GtUoFCN6Z1s2EykmEcNwgbJZEAAvp8tReXolyQWmSTMOHP44TXR58s7543eoAyXa4yjk2kp42ka8BVGgytFV_o6DmrID4CUGc4CbYSlHpPqSEUthW0HbEELIaRKwi25Vj38qqm6zRTlJEem52fFxYYWBRPjuKtFPja8X2FAVcqvnXih5-Rk25db1eKDoW3jqPmtqGb-1aTiwkyQcWbRTWq28U0T8a5dtmOfYhzGnAs4ELNmNMA.qYLylqqnUZ2LeEfQI0d2vImcU6B10ylEVbRvDZw598k&dib_tag=se&qid=1755803433&refinements=p_n_g-101014971069111%3A119653281011&s=electronics&sr=1-6455,True
"UGREEN 2K@30Hz Video Capture Card HDMI to USB 3.0 A and USB C Capture Device, 4K Input 1080P 60FPS with Low Latency for Streaming Game Recording Compatible with Switch 2/Xbox/PS4/PS5/PC/Camera",Cameras & Photography,True,,Monitors & Displays,Cameras & Photography,21.99,Ugreen,/UGREEN-Capture-Streaming-Recording-Compatible/dp/B0DT9DY312/ref=sr_1_6496?dib=eyJ2IjoiMSJ9.4nbi_lXtJjiNZ4I0-t_Dj4VcdYmcZCeWIf3uw9APrMGIG4fHEycE7vYiUTdaSyJliv-kWjlqe6fsXxYEaROGVUHV4HnMsIySdNdHAuZmZNEuy5R720KwzrE9vYGaAGFJCvJIJlnLTyquFH4SMTgmQRT2vw1LsGD8M_OZSYM5Jle7LQSIg8WIjFd8DaSMC2GHvlgpEzvsNsTRbwjLDLcr87qPx0HkFZ7tyuhe34FiGK0pvfoxWh2bXutsXfLvXxSLwzJaz1Sajx7GAOw5CS306w9QZ-o6EAm9ogkxtH15jU4.7UEWj76eNyA3-XUpPjqot3F4jPFlVh7yLpFo32Tt1iY&dib_tag=se&qid=1755803457&refinements=p_n_g-101014971069111%3A119653281011&s=electronics&sr=1-6496,False
"UGREEN 140W USB C Charger, Mac Book Pro Charger Nexode PD3.1 PPS 3-Port Foldable GaN Fast Laptop Wall Charger Power Adapter for MacBook Pro 16'', iPhone 16/15, Chromebook (with 240W Cable)",Cables & Charging,True,,Cables & Charging,Computers & Laptops,67.99,Ugreen,/UGREEN-Charger-Nexode-Compatible-MacBook/dp/B0B129DM9T/ref=sr_1_6499?dib=eyJ2IjoiMSJ9.4nbi_lXtJjiNZ4I0-t_Dj4VcdYmcZCeWIf3uw9APrMGIG4fHEycE7vYiUTdaSyJliv-kWjlqe6fsXxYEaROGVUHV4HnMsIySdNdHAuZmZNEuy5R720KwzrE9vYGaAGFJCvJIJlnLTyquFH4SMTgmQRT2vw1LsGD8M_OZSYM5Jle7LQSIg8WIjFd8DaSMC2GHvlgpEzvsNsTRbwjLDLcr87qPx0HkFZ7tyuhe34FiGK0pvfoxWh2bXutsXfLvXxSLwzJaz1Sajx7GAOw5CS306w9QZ-o6EAm9ogkxtH15jU4.7UEWj76eNyA3-XUpPjqot3F4jPFlVh7yLpFo32Tt1iY&dib_tag=se&qid=1755803457&refinements=p_n_g-101014971069111%3A119653281011&s=electronics&sr=1-6499,True
Blackmagic Design ATEM Mini Extreme ISO HDMI Live Stream Switcher (SWATEMMINICEXTISO),Cameras & Photography,False,"live stream video switcher, closest to capture-card/video production gear",Cables & Charging,Cables & Charging,1425.0,Blackmagic,/Blackmagic-Design-ATEM-Extreme-Switcher/dp/B08WWF1MJG/ref=sr_1_6484?dib=eyJ2IjoiMSJ9.Y4pWxweSM25_nIjg6zm8g5ysFA09Cr8evlRkyxG_vc1KeANNF1zk39y6L_5qvVlrSecBbYth_5N2CD2ub2K8hlazxRkLe3bx1chrAajoFtV8U0ustM1-JgWzF84BuYPU3ahNF-mpTTuoV4XxKWhtg023q_CIzfx3xREGzUA8hPM_gWmzcYegoOnEKzS_EfIFkj2aqLurqBbWyjS94vgB8K_kZTfF8077LnCUEoLpWdUecnskmzCufNaJi2DMDbP_crWJm7J40IRVi-9jj_DGmH_yJ54Tru8uDznz7VLjTvs.D0v-mQyVnij_OR8BbY2l2H6--IwIcM6bk-wWVeNCY2Y&dib_tag=se&qid=1755803445&refinements=p_n_g-101014971069111%3A119653281011&s=electronics&sr=1-6484,False
Synology Network Upgrade Module adds 1x 10GbE RJ-45 (E10G22-T1-Mini),Networking,True,,Other,Other,109.99,Synology,/Synology-Network-Upgrade-Module-10GbE/dp/B0B3ZVDRQX/ref=sr_1_6406?dib=eyJ2IjoiMSJ9.Gu5M2Je2Weuui79E4sZXepw8-yq5vRrM67xvNHOpEA1J8NMatl5MXT4qvq1l3wQ8sb0ZM38KlzbKHDmwo4XgDFVEOv-URLm8lV9X2qKqH064C6TFj73HJFVEFK_LewEnaFbRvypli-EAYEcIr8dvF9pQ1Naj9fsKDmH7kPJyCvmtZKPqBZOp3PIaIZJ9nPY0-nrGSU3laxmoGCniqPvoV1oJmT157xYr6UL8F3Pkqcg5gahfQPux0TU4hbuddXSXy2ozZRB58LKRjwq2JQGia_AhtTBUxTX0qi-NKzcxzQE.Kcg0fXMBDnsW4By0jKFNa2S4W3bCAO3vUdhLOV5Sk0I&dib_tag=se&qid=1755803407&refinements=p_n_g-101014971069111%3A119653281011&s=electronics&sr=1-6406,False
"SAMSUNG Galaxy Tab S6 Lite (2024) - Gray 10.4"" 128GB WiFi Android Tablet w/S Pen, Dual Speakers, 8MP+5MP",Phone & Tablet Accessories,True,,Phone & Tablet Accessories,Audio,248.99,Samsung,/SAMSUNG-Galaxy-Tab-S6-Lite/dp/B0CXF9R85F/ref=sr_1_6412?dib=eyJ2IjoiMSJ9.eHofZA5FsimTexhsNthSWEa0HrPQxlDetjd3pfWr9O2miNf9Y79nxUQalyG2dEqvKPYrgawBCO-PpFdv2ELDjvMyiHLvdEQfRX5HIrvju-aE2b2J8IE45lOs55Eu9hUP2f5eJQ64hL1q0ZxyS5OJmTBWKfFUBd1GUpw5IBacMrl0akYCHxQLw00-zYTc9oGygZPEshKax-a5XydUYBssERnoqxtOtEp2MJK06OBHwW8QtFbJC6Vs3sD6Mkcggk-ePtoDsAT7a43wOd6q-9Oj1q3M1ivKlOmz0BJZPPuLGso.NMCyhKn3qaPLpaYZaEi0go9PaFaCsmcjC1tFYE77kPU&dib_tag=se&qid=1755803421&refinements=p_n_g-101014971069111%3A119653281011&s=electronics&sr=1-6412,True
"YeaLink WPP30 USB Type-C 4K Wireless Presentation Pod, Black (1303112)",Other,False,"wireless presentation pod for screen sharing, no clear category fit",Audio,Other,,Yealink,/Yealink-Type-C-Wireless-Presentation-1303112/dp/B0BM7XDWWY/ref=sr_1_6414?dib=eyJ2IjoiMSJ9.eHofZA5FsimTexhsNthSWEa0HrPQxlDetjd3pfWr9O2miNf9Y79nxUQalyG2dEqvKPYrgawBCO-PpFdv2ELDjvMyiHLvdEQfRX5HIrvju-aE2b2J8IE45lOs55Eu9hUP2f5eJQ64hL1q0ZxyS5OJmTBWKfFUBd1GUpw5IBacMrl0akYCHxQLw00-zYTc9oGygZPEshKax-a5XydUYBssERnoqxtOtEp2MJK06OBHwW8QtFbJC6Vs3sD6Mkcggk-ePtoDsAT7a43wOd6q-9Oj1q3M1ivKlOmz0BJZPPuLGso.NMCyhKn3qaPLpaYZaEi0go9PaFaCsmcjC1tFYE77kPU&dib_tag=se&qid=1755803421&refinements=p_n_g-101014971069111%3A119653281011&s=electronics&sr=1-6414,False
"UGREEN 2.5"" Hard Drive Enclosure USB 3.0 to SATA III Adapter Supports 2.5 Inch SSD & HDD 9.5mm 7mm External Hard Drive Enclosure with UASP Compatible with WD Seagate Toshiba Samsung Hitachi - Black",Storage & Memory Cards,True,,Storage & Memory Cards,Computers & Laptops,9.99,Ugreen,/UGREEN-External-Enclosure-Adapter-Housing/dp/B06XWRRMYX/ref=sr_1_6444?dib=eyJ2IjoiMSJ9.byN06BfOlXMSne_dQmgCtovuBL6UhgLXqMtiAIxGBxTWfrnnjiEBeJyD4GtUoFCN6Z1s2EykmEcNwgbJZEAAvp8tReXolyQWmSTMOHP44TXR58s7543eoAyXa4yjk2kp42ka8BVGgytFV_o6DmrID4CUGc4CbYSlHpPqSEUthW0HbEELIaRKwi25Vj38qqm6zRTlJEem52fFxYYWBRPjuKtFPja8X2FAVcqvnXih5-Rk25db1eKDoW3jqPmtqGb-1aTiwkyQcWbRTWq28U0T8a5dtmOfYhzGnAs4ELNmNMA.qYLylqqnUZ2LeEfQI0d2vImcU6B10ylEVbRvDZw598k&dib_tag=se&qid=1755803433&refinements=p_n_g-101014971069111%3A119653281011&s=electronics&sr=1-6444,True
AMD Wraith Stealth Socket AM4 4-Pin Connector CPU Cooler with Aluminum Heatsink & 3.93-Inch Fan (Slim),Computers & Laptops,True,,Computers & Laptops,Computers & Laptops,10.08,Amd,/Stealth-Connector-Aluminum-Heatsink-3-93-Inch/dp/B07MFMFL7R/ref=sr_1_6419?dib=eyJ2IjoiMSJ9.eHofZA5FsimTexhsNthSWEa0HrPQxlDetjd3pfWr9O2miNf9Y79nxUQalyG2dEqvKPYrgawBCO-PpFdv2ELDjvMyiHLvdEQfRX5HIrvju-aE2b2J8IE45lOs55Eu9hUP2f5eJQ64hL1q0ZxyS5OJmTBWKfFUBd1GUpw5IBacMrl0akYCHxQLw00-zYTc9oGygZPEshKax-a5XydUYBssERnoqxtOtEp2MJK06OBHwW8QtFbJC6Vs3sD6Mkcggk-ePtoDsAT7a43wOd6q-9Oj1q3M1ivKlOmz0BJZPPuLGso.NMCyhKn3qaPLpaYZaEi0go9PaFaCsmcjC1tFYE77kPU&dib_tag=se&qid=1755803421&refinements=p_n_g-101014971069111%3A119653281011&s=electronics&sr=1-6419,True
"AT&T Cordless Phones for Home with Answering Machine, 4 Handsets DECT 6.0 Bluetooth Expandable, Smart Call Blocking, Caller ID, Intercom and Bluetooth, Connect to Cell, BL3112-4",Phone & Tablet Accessories,True,,Other,Other,117.95,At&T,/AT-Answering-Bluetooth-Expandable-BL3112-4/dp/B0DQ55GKCC/ref=sr_1_6421?dib=eyJ2IjoiMSJ9.eHofZA5FsimTexhsNthSWEa0HrPQxlDetjd3pfWr9O2miNf9Y79nxUQalyG2dEqvKPYrgawBCO-PpFdv2ELDjvMyiHLvdEQfRX5HIrvju-aE2b2J8IE45lOs55Eu9hUP2f5eJQ64hL1q0ZxyS5OJmTBWKfFUBd1GUpw5IBacMrl0akYCHxQLw00-zYTc9oGygZPEshKax-a5XydUYBssERnoqxtOtEp2MJK06OBHwW8QtFbJC6Vs3sD6Mkcggk-ePtoDsAT7a43wOd6q-9Oj1q3M1ivKlOmz0BJZPPuLGso.NMCyhKn3qaPLpaYZaEi0go9PaFaCsmcjC1tFYE77kPU&dib_tag=se&qid=1755803421&refinements=p_n_g-101014971069111%3A119653281011&s=electronics&sr=1-6421,False
"DJI Osmo Action Quick-Release Adapter Mount, Compatibility: Osmo 360, Osmo Action 3, Osmo Action 4, Osmo Action 5 Pro",Cameras & Photography,True,,Cameras & Photography,Cables & Charging,19.0,Dji,/Osmo-Action-Quick-Release-Adapter-Mount/dp/B0BQ3L6BYM/ref=sr_1_6417?dib=eyJ2IjoiMSJ9.eHofZA5FsimTexhsNthSWEa0HrPQxlDetjd3pfWr9O2miNf9Y79nxUQalyG2dEqvKPYrgawBCO-PpFdv2ELDjvMyiHLvdEQfRX5HIrvju-aE2b2J8IE45lOs55Eu9hUP2f5eJQ64hL1q0ZxyS5OJmTBWKfFUBd1GUpw5IBacMrl0akYCHxQLw00-zYTc9oGygZPEshKax-a5XydUYBssERnoqxtOtEp2MJK06OBHwW8QtFbJC6Vs3sD6Mkcggk-ePtoDsAT7a43wOd6q-9Oj1q3M1ivKlOmz0BJZPPuLGso.NMCyhKn3qaPLpaYZaEi0go9PaFaCsmcjC1tFYE77kPU&dib_tag=se&qid=1755803421&refinements=p_n_g-101014971069111%3A119653281011&s=electronics&sr=1-6417,True
FiiO K11 Desktop 1400W Power Balanced Headphone DAC & Amplifier 384kHz/24Bit DSD256 for Home Audio/PC 6.35mm/4.4mm/RCA/Coaxial/Optical (Black),Audio,True,,Audio,Computers & Laptops,142.99,Fiio,/FiiO-K11-Headphone-Amplifier-Balanced/dp/B0CJFG3DC7/ref=sr_1_6600?dib=eyJ2IjoiMSJ9.f-samqG_QDnL3EPJD-caiOwe8udd9YxIWLzzi3GPVfoZqzJuk0ZY-kci6Eam4CrUwL55z8UGPJKU2G4nuwNWwAU0dX0r7zJVj1H6r4ZwKyGyeAdktWLYnjkWHMZQWxVcsUduO48NyJ7KjFw1bMUwXueVTJYb0yBNYnw4LPpsQiHAQKLWwaKWuBhbsrm2oT6N4trEJthC3GaWdaVeeSymjpe1UhF0WI853aeaUQJhUUQoKkg54FNOmPr2TTCof9qq1MgCcjMD8MeGtmTJwSUOxSKM1Kk3A-P5H42WnLqcLnQ.Fpbc3kW8CNrelrwV2AUNiQV2bvsBFOr6a856y3K--ek&dib_tag=se&qid=1755803502&refinements=p_n_g-101014971069111%3A119653281011&s=electronics&sr=1-6600,True
Logitech Tap IP in Graphite,Other,False,"video conferencing room controller, no clear category fits",Other,Other,,Logitech,/Logitech-Tap-IP-in-Graphite/dp/B09HCT5G8V/ref=sr_1_6561?dib=eyJ2IjoiMSJ9.wXAOEJCrPlvkBKCVyYojC9_w6CcKaZqGjTMTfDu0u6jqn5k8I_Ovv9S4eSTiZEQkfgswTLfJ7mvEDWEhX-fp0BZzYr6Z9F8pFR7fUgwUvqoWO8twGYLlS4GwAFGNPuCcuIOSZrzLXBC1bsAwd7C1Gb3MqVz00kVnUT8rPfHV2SJkn0trGdykUcv7ihtBD45Vhr4UCVxPz5jvAz_kMWzqppz1WM-YrGCWEYq6a1g5i1PlP60ulaSagPvUxvEeGkD9JbjdVWgh9-U6F9JGkbJtcYcxtRRqdhssPZ4pNw2ORJM.PK3jYCPfXoGLitxk3gvWsml0fAm-iD_aO0vrcrgD1LU&dib_tag=se&qid=1755803489&refinements=p_n_g-101014971069111%3A119653281011&s=electronics&sr=1-6561,True
"Brother(R) M-231 Black-On-White Tape, 0.5in. x 26.2ft., BRTM231",Office & School Supplies,True,,Printers & Ink,Other,7.97,Brother,/Brother-Black-White-26-2ft-BRTM231/dp/B00000K135/ref=sr_1_6562?dib=eyJ2IjoiMSJ9.wXAOEJCrPlvkBKCVyYojC9_w6CcKaZqGjTMTfDu0u6jqn5k8I_Ovv9S4eSTiZEQkfgswTLfJ7mvEDWEhX-fp0BZzYr6Z9F8pFR7fUgwUvqoWO8twGYLlS4GwAFGNPuCcuIOSZrzLXBC1bsAwd7C1Gb3MqVz00kVnUT8rPfHV2SJkn0trGdykUcv7ihtBD45Vhr4UCVxPz5jvAz_kMWzqppz1WM-YrGCWEYq6a1g5i1PlP60ulaSagPvUxvEeGkD9JbjdVWgh9-U6F9JGkbJtcYcxtRRqdhssPZ4pNw2ORJM.PK3jYCPfXoGLitxk3gvWsml0fAm-iD_aO0vrcrgD1LU&dib_tag=se&qid=1755803489&refinements=p_n_g-101014971069111%3A119653281011&s=electronics&sr=1-6562,False
Xiaomi Redmi Watch 5 Active Midnight Black,Smart Home & Wearables,True,,Smart Home & Wearables,Other,37.0,Xiaomi,/Xiaomi-Redmi-Watch-Active-Midnight/dp/B0DFZPR9Z4/ref=sr_1_6542?dib=eyJ2IjoiMSJ9.w5Sp35gggXaSzoJgLYc0-tm6pCDtWLFOa7j8EVhatl0edgkxvTCKuIyzBTszyaVNtD1mP-iN5vdV0HFRZ7M4Wc3xaCD6ZqfCwJqAG3CzUY_6WcVNQM0UhdiNFEkHr8AKYKZrv99dZDrWWiUv4rvyDFMP6xY8-n4P-EUQEfCWx_SmIspjGU3BTPzfSStLkNpx9i-zP_ZFWJmTn97iJJ-9aJiy-YjS9in2qEmYo_8QFxHJlKcQIK9ckArZ2DWDS3UWVgwmt4Efw-t33-v891TmomjfoPoZhFvSEncdotQjTiE.V5W788XuTLdBZX4OYoPf471bS44_ODTzGOL5N6sS08Q&dib_tag=se&qid=1755803479&refinements=p_n_g-101014971069111%3A119653281011&s=electronics&sr=1-6542,True
On-Stage - (DS7200B) Desktop Microphone Stand (Black),Audio,True,,Audio,Computers & Laptops,15.35,On-Stage,/Stage-DS7200B-Adjustable-Desktop-Microphone/dp/B0002M3OVI/ref=sr_1_6700?dib=eyJ2IjoiMSJ9.tsxbc--OY_GWQrk-_ntZziCStG1cmTN80NfMdIiDhBBMKM92oh7qL9XvEqMhANCb8DVCAYDqFllKmBtYUK2Fidb89jut7hLDLgEIrxRZ1LJ0MVlPh8G9srBehlu0xiGKcez8ToRsAqvWF3irG2ecKOFnBMJouvPIV97AMrh2jSxYgqvPbvOlaV7E3PV-7TB-dhfnUItAkEQrUzneODmlDqy-lP24Sva6xdQXFCupEpJSFurKPzdHBjUZhjgWaUu3ib1J_n7MUl_1IOc27F4H7eSsxjJpmwq96i7WLpKgmgk.BFTZUimONefyCjyrEkKKEQMZVnrjNKC-_DLQnyFTCWA&dib_tag=se&qid=1755803546&refinements=p_n_g-101014971069111%3A119653281011&s=electronics&sr=1-6700,True
"Nanit Travel Case – Protective Hard Shell Carrying Case Pro Baby Monitor and Multi-Stand Travel Accessory, Green",Bags & Cases,True,,Other,Other,29.99,Nanit,,False
Kensington Wireless Presenter with Red Laser Pointer (K33272WW),Office & School Supplies,False,"presentation clicker, no exact category",Other,Other,36.99,Kensington,/Kensington-Wireless-Presenter-Laser-Pointer/dp/B0872M3BZG/ref=sr_1_6739?dib=eyJ2IjoiMSJ9.0cB4tEdM6U2z7sLu3hyEk-0kpMf6DTHZfR6DzGDdgFCGg7lj40XXdsol4XorFD0ol3lBpInwFXO7SHtQBLoVGo0jMrlDkPVDUuEOiu7YUsUmap73uNWauJwPeIBuh5jNYw4Ddv7L_6LEddnMbBrvoxSk7EMA1IUal3r-cbVOR8LiZQphcxTeOUNC47LEKcrTpNSl1FjI_DYwSXoOHhGFOdxzBY-A0qxDlf1CN564cy_pNI-ON0FSu-LrZ2wGzFMa0cXOH70PNe115Iuqo6s8pyK237F_RQLc5tlqwj0YALs.8qS3ot8-cUGBRXU12vsT_2VfVWPe5Yuk3e3CaxoAq5Y&dib_tag=se&qid=1755803572&refinements=p_n_g-101014971069111%3A119653281011&s=electronics&sr=1-6739,False
"Belkin MagSafe-Compatible Magnetic Wireless Car Charger 10W - BoostCharge Pro Wireless Charger, Magnetic Car Vent Phone Mount for iPhone 16, iPhone 15, 14, & 13 Series, Power Supply Included - Black",Phone & Tablet Accessories,True,,Cables & Charging,Phone & Tablet Accessories,50.0,Belkin,/Belkin-Magnetic-Wireless-Car-Charger/dp/B09GRJ2S8X/ref=sr_1_6724?dib=eyJ2IjoiMSJ9.oGBYLViGcpw14WocmegDA3kTkabQJmhHwVfs6yLN4j4I09YN9v5HajQUuu3uim3uIkmaq460iWo-nE_A6INOCo3SqNFpMQWDmsSUI-_85eIO7vk9LB08aqDyqqaLBU39-4MYzBBvi7aeKCMT-c-Do1V6YgXYOw-SRsOzbQfVh4Yz1W-Pw0-KATMwPlTkADWxRCpV1TrX3Msl0nrFMu4A33jfuabnPWBPlnsd9pXJbNEnH_x7sp138jX5C-MeTvRBGfBFFuX__PLcU49WvrT634GzKYdr9yvmwhdUyuWWa3E.aD4oDCrjTSCzhj_RLDGto7ef6F01gkH65rmxwSAkZBM&dib_tag=se&qid=1755803560&refinements=p_n_g-101014971069111%3A119653281011&s=electronics&sr=1-6724,False
OtterBox Eclipse CASE for Apple Watch Series 10 (46mm) - Pavement,Smart Home & Wearables,True,"case for Apple Watch, grouped with wearables",Phone & Tablet Accessories,Other,,Otterbox,/OtterBox-Eclipse-CASE-Apple-Watch/dp/B0DVTFS9HN/ref=sr_1_6726?dib=eyJ2IjoiMSJ9.oGBYLViGcpw14WocmegDA3kTkabQJmhHwVfs6yLN4j4I09YN9v5HajQUuu3uim3uIkmaq460iWo-nE_A6INOCo3SqNFpMQWDmsSUI-_85eIO7vk9LB08aqDyqqaLBU39-4MYzBBvi7aeKCMT-c-Do1V6YgXYOw-SRsOzbQfVh4Yz1W-Pw0-KATMwPlTkADWxRCpV1TrX3Msl0nrFMu4A33jfuabnPWBPlnsd9pXJbNEnH_x7sp138jX5C-MeTvRBGfBFFuX__PLcU49WvrT634GzKYdr9yvmwhdUyuWWa3E.aD4oDCrjTSCzhj_RLDGto7ef6F01gkH65rmxwSAkZBM&dib_tag=se&qid=1755803560&refinements=p_n_g-101014971069111%3A119653281011&s=electronics&sr=1-6726,False
"ASUS ROG Strix 25” (24.5” viewable) Esports Gaming Monitor (XG259QNS) - Full HD, 380Hz, 0.3ms, Fast IPS, Extreme Low Motion Blur Sync, FreeSync Premium, DisplayWidget, Ergonomic, 3 yr Warranty",Monitors & Displays,True,,Computers & Laptops,Monitors & Displays,448.36,Asus,/ASUS-viewable-eSports-Monitor-XG259QNS/dp/B0CV2219GY/ref=sr_1_6731?dib=eyJ2IjoiMSJ9.0cB4tEdM6U2z7sLu3hyEk-0kpMf6DTHZfR6DzGDdgFCGg7lj40XXdsol4XorFD0ol3lBpInwFXO7SHtQBLoVGo0jMrlDkPVDUuEOiu7YUsUmap73uNWauJwPeIBuh5jNYw4Ddv7L_6LEddnMbBrvoxSk7EMA1IUal3r-cbVOR8LiZQphcxTeOUNC47LEKcrTpNSl1FjI_DYwSXoOHhGFOdxzBY-A0qxDlf1CN564cy_pNI-ON0FSu-LrZ2wGzFMa0cXOH70PNe115Iuqo6s8pyK237F_RQLc5tlqwj0YALs.8qS3ot8-cUGBRXU12vsT_2VfVWPe5Yuk3e3CaxoAq5Y&dib_tag=se&qid=1755803572&refinements=p_n_g-101014971069111%3A119653281011&s=electronics&sr=1-6731,False
Wii Remote Controller White (Renewed),Gaming,True,,Gaming,TV & Home Entertainment,21.99,Wii,/Wii-Remote-Controller-Certified-Refurbished-Nintendo/dp/B07G3JGZ2G/ref=sr_1_6654?dib=eyJ2IjoiMSJ9.khpnCZB0AWbDL0N2_rewsDjJv89QocQtRxP6q8aMIVgZMeRtELgQ2VVAeLqvzIXiw6bRW-HsZQSxy5SU2YUol8KKTiE23YPnlO-J1HS-HoU-ITHOZyHP9hYFRj6CcY8GdespPFZkwLhsqF2EnrmwL40me0Cy7m9jobpDPrUypSt-iDMXvcEr4RhuX31sYW9WwPjoedpFD0bS9hVW0S9otPuQPmrJ_i9BTyeaody_2aGGTkh9ZZavfLQekWuNXHeOLGcYCNgTdIh0un-75NmWlPjUnus0w3LYJXp7pyoCud4.F8QEopb71vIbqevSjZ_yEvrnsEjo8JtgPKiEAHwO1Lw&dib_tag=se&qid=1755803523&refinements=p_n_g-101014971069111%3A119653281011&s=electronics&sr=1-6654,True
"Leviton 5601-2E 15 Amp, 120/277 Volt, Decora Rocker Single-Pole AC Quiet Switch, Residential Grade, Grounding, Black",Non-Electronics,False,"mechanical wall light switch, not really consumer electronics",Other,Other,2.99,Leviton,/Leviton-5601-2E-Single-Pole-Residential-Grounding/dp/B0030ZRDIE/ref=sr_1_6682?dib=eyJ2IjoiMSJ9.tsxbc--OY_GWQrk-_ntZziCStG1cmTN80NfMdIiDhBBMKM92oh7qL9XvEqMhANCb8DVCAYDqFllKmBtYUK2Fidb89jut7hLDLgEIrxRZ1LJ0MVlPh8G9srBehlu0xiGKcez8ToRsAqvWF3irG2ecKOFnBMJouvPIV97AMrh2jSxYgqvPbvOlaV7E3PV-7TB-dhfnUItAkEQrUzneODmlDqy-lP24Sva6xdQXFCupEpJSFurKPzdHBjUZhjgWaUu3ib1J_n7MUl_1IOc27F4H7eSsxjJpmwq96i7WLpKgmgk.BFTZUimONefyCjyrEkKKEQMZVnrjNKC-_DLQnyFTCWA&dib_tag=se&qid=1755803546&refinements=p_n_g-101014971069111%3A119653281011&s=electronics&sr=1-6682,False
"Zebra DS3678-SR Ultra-Rugged Cordless 2D/1D Barcode Scanner/Linear Imager Kit, Bluetooth, FIPS, Vibration Motor, Includes Cradle, Power Supply and Heavy-Duty Shielded 7 ft USB Cable (CBA-U42-S07PAR)",Office & School Supplies,True,,Office & School Supplies,Office & School Supplies,554.99,Zebra,/Zebra-DS3678-SR-Ultra-Rugged-Heavy-Duty-CBA-U42-S07PAR/dp/B078VSY5DJ/ref=sr_1_6828?dib=eyJ2IjoiMSJ9.HfxMQGH5jQ5S4hJE1nK5eyvcTTh07-TZiThkZtk770NMk5a7cigeVN9rQ_YvPeZKoaQCU8wjdj9UskE4ZlP8rV_QVOhOz-TMjPdaGobUU2sB2JJTveW-q573IYeJ7iFWJNR19RlPpklbsSo5KsZGykbMT8Cm2Go0QRBKlosnSLEIcWlGGUVMSNBzKX9wtWH45zdVt9VGn9LIsyu5O12oLfB1kzg3pzWKi29mrHgJv162nKFmbf3HV4ifkEdJwbmGxzwv5fLju7uRHfcyWXGUzSG5BjZzOyxGlMAyl2iDdYY.Ga7D7KQYo1-41WRECx8Hii63Wi4QIwwZlDNJ8OOkreA&dib_tag=se&qid=1755803623&refinements=p_n_g-101014971069111%3A119653281011&s=electronics&sr=1-6828,True
Google Nest Cam Outdoor - 1st Generation - Weatherproof Camera - Surveillance Camera with Night Vision - Control with Your Phone,Cameras & Photography,True,,Cameras & Photography,Phone & Tablet Accessories,,Google,/Nest-Security-Matters-Anywhere-Outdoor/dp/B01I3I9L8M/ref=sr_1_6821?dib=eyJ2IjoiMSJ9.HfxMQGH5jQ5S4hJE1nK5eyvcTTh07-TZiThkZtk770NMk5a7cigeVN9rQ_YvPeZKoaQCU8wjdj9UskE4ZlP8rV_QVOhOz-TMjPdaGobUU2sB2JJTveW-q573IYeJ7iFWJNR19RlPpklbsSo5KsZGykbMT8Cm2Go0QRBKlosnSLEIcWlGGUVMSNBzKX9wtWH45zdVt9VGn9LIsyu5O12oLfB1kzg3pzWKi29mrHgJv162nKFmbf3HV4ifkEdJwbmGxzwv5fLju7uRHfcyWXGUzSG5BjZzOyxGlMAyl2iDdYY.Ga7D7KQYo1-41WRECx8Hii63Wi4QIwwZlDNJ8OOkreA&dib_tag=se&qid=1755803623&refinements=p_n_g-101014971069111%3A119653281011&s=electronics&sr=1-6821,True
"Amazon Basics High Speed Mini HDMI (Source) to HDMI (Display) Cable, 1.8 m, Black",Cables & Charging,True,,Monitors & Displays,Monitors & Displays,6.99,Amazon,/Amazon-Basics-Speed-Source-Display/dp/B014I8UEGY/ref=sr_1_6815?dib=eyJ2IjoiMSJ9.z9XqW45NWRKa5bTQagJEuERHFxayAor8ZkOolrPgiP9Y4ebmvWSlC5iAXROx2KbrOOeGBq-sdHZv96ilK5I4Vt7DBFmxICsrc5t-dEeqNK7BefZjXzkQuWwgUQ2bwveTG7wwhX3qx54qHjonI-pUB5mh5HqWt7h2uei0xxkumVUs1zDF8s-e8HgBKWqM--wta9dAQfYhXaVLANlva7xw6DcyGGrUBmZo3sU8CQSz0Bp2i-UPOEbOV1Z3vXGmoNq1JGzhFH6me-MDA3JYIIao87WL-FVlm1WPJMT_LXiQd0g.Jc45-0mW4eY7d3CNGAD6BJbKRXL2DjYGjyOEUQArYGk&dib_tag=se&qid=1755803610&refinements=p_n_g-101014971069111%3A119653281011&s=electronics&sr=1-6815,False
"Elgato Stream Deck + XLR - Audio Mixer & Controller, Rear XLR-to-USB Mic Interface, Compatible with any Mic for Podcasting, Streaming, Content Creators, dials and LCD keys, PC/Mac",Keyboards & Mice,True,,Audio,Keyboards & Mice,277.99,Elgato,/Elgato-Stream-Deck-XLR-USB/dp/B0D8J1YTF4/ref=sr_1_6839?dib=eyJ2IjoiMSJ9.HfxMQGH5jQ5S4hJE1nK5eyvcTTh07-TZiThkZtk770NMk5a7cigeVN9rQ_YvPeZKoaQCU8wjdj9UskE4ZlP8rV_QVOhOz-TMjPdaGobUU2sB2JJTveW-q573IYeJ7iFWJNR19RlPpklbsSo5KsZGykbMT8Cm2Go0QRBKlosnSLEIcWlGGUVMSNBzKX9wtWH45zdVt9VGn9LIsyu5O12oLfB1kzg3pzWKi29mrHgJv162nKFmbf3HV4ifkEdJwbmGxzwv5fLju7uRHfcyWXGUzSG5BjZzOyxGlMAyl2iDdYY.Ga7D7KQYo1-41WRECx8Hii63Wi4QIwwZlDNJ8OOkreA&dib_tag=se&qid=1755803623&refinements=p_n_g-101014971069111%3A119653281011&s=electronics&sr=1-6839,False
"Amazfit GTR Mini Smart Watch 43mm, 14-Day Battery Life, GPS, AI Fitness App Enabled, Heart Rate & Sleep Health Monitoring, Activity Trackers and Smartwatches, Android iPhone Compatible, Black",Smart Home & Wearables,True,,Monitors & Displays,Phone & Tablet Accessories,89.99,Amazfit,/Amazfit-Satellite-Positioning-Monitoring-Resistance/dp/B0BWF33MMB/ref=sr_1_6843?dib=eyJ2IjoiMSJ9.HfxMQGH5jQ5S4hJE1nK5eyvcTTh07-TZiThkZtk770NMk5a7cigeVN9rQ_YvPeZKoaQCU8wjdj9UskE4ZlP8rV_QVOhOz-TMjPdaGobUU2sB2JJTveW-q573IYeJ7iFWJNR19RlPpklbsSo5KsZGykbMT8Cm2Go0QRBKlosnSLEIcWlGGUVMSNBzKX9wtWH45zdVt9VGn9LIsyu5O12oLfB1kzg3pzWKi29mrHgJv162nKFmbf3HV4ifkEdJwbmGxzwv5fLju7uRHfcyWXGUzSG5BjZzOyxGlMAyl2iDdYY.Ga7D7KQYo1-41WRECx8Hii63Wi4QIwwZlDNJ8OOkreA&dib_tag=se&qid=1755803623&refinements=p_n_g-101014971069111%3A119653281011&s=electronics&sr=1-6843,False
"Satechi 7 in 1 USB C Hub Multiport Adapter Pro Slim, USB C Dongle, 100W Charging, 4K HDMI, USB 4, USB 3.2 Gen 2, SD/Micro Card Reader for Mac, MacBook Air/Pro M4/M3/M2/M1 - Midnight",Cables & Charging,True,,Cables & Charging,Storage & Memory Cards,79.99,Satechi,/Satechi-USB-Multiport-Adapter-Slim/dp/B0BV4BVSGR/ref=sr_1_6803?dib=eyJ2IjoiMSJ9.z9XqW45NWRKa5bTQagJEuERHFxayAor8ZkOolrPgiP9Y4ebmvWSlC5iAXROx2KbrOOeGBq-sdHZv96ilK5I4Vt7DBFmxICsrc5t-dEeqNK7BefZjXzkQuWwgUQ2bwveTG7wwhX3qx54qHjonI-pUB5mh5HqWt7h2uei0xxkumVUs1zDF8s-e8HgBKWqM--wta9dAQfYhXaVLANlva7xw6DcyGGrUBmZo3sU8CQSz0Bp2i-UPOEbOV1Z3vXGmoNq1JGzhFH6me-MDA3JYIIao87WL-FVlm1WPJMT_LXiQd0g.Jc45-0mW4eY7d3CNGAD6BJbKRXL2DjYGjyOEUQArYGk&dib_tag=se&qid=1755803610&refinements=p_n_g-101014971069111%3A119653281011&s=electronics&sr=1-6803,True
"Amazon Basics 4-Bay Battery Charger for AA & AAA Rechargeable Batteries with Rechargeable AA NiMh Batteries, 4 count (Pack of 1), Type A (American) Plug, Black",Batteries,True,,Cables & Charging,Batteries,13.52,Amazon,/Amazon-Basics-Rechargeable-Batteries-Battery/dp/B0CLS26CYR/ref=sr_1_6772?dib=eyJ2IjoiMSJ9.pk_LClL0XkyT3WFq55bwLNeb8gPq6gpeNVjAtmpZapKRs7C-bukEuLoeGzaESdWMmn0nB6kWySCBp0Iu9W3Fu5V1cfn5aZwPOYk4xL8byvXfGeVidGTtDGaFxyvdGWDE_i-iKayugx23kGaDsGndN6UVUR-_fLeHivB90mqwGRWPcl8a_8l214-2vn7kTHiauaBuagI4BWfgxphuS3Zq5kjvvRc-sqpS5V9kAPmWyLp63FyP5VZCyameP-Rs-CZ1ft-xp-7T4ulqnHYsI26_8mC7dkVw7vCQMM5-eP81PJY.yy4TI8DqIrIt_2t-tRKQbW4HTTTgyFY4Nil4dU9WzOI&dib_tag=se&qid=1755803583&refinements=p_n_g-101014971069111%3A119653281011&s=electronics&sr=1-6772,False
"Samsung Galaxy Official USB-C to C Data Cable, 1.0m, Black",Cables & Charging,True,,Cables & Charging,Phone & Tablet Accessories,7.95,Samsung,/Samsung-EP-DA705BBEGWW-Type-C-Cable-Black/dp/B07T99CGDF/ref=sr_1_6773?dib=eyJ2IjoiMSJ9.V09UGHsEUC5hdOZ3J8JGw4GgDmYs3TnERZk9yF8DTTCyNhfjdQixSY9yc-ToyDh8AanecYUZhgEoVPx1mkavcA_d9Ud0N5ejCibt5XWE_m8wIr4w0-Us2XR8T2QA-EADlx7_SLm3Oso5xlD45geiNnCyR6N4NwqjIuaTkpMof4z2i2-k_ZAwvvwDyYRSa9X--F-NVXy-9umq26JeIugSEjutPty1ww7EMhbCSi_mZmsqMSOYJQ9u9citiarJLWng05CSbCiP5j99xtvh-KTpEaNn7QAoWxCl4jNskqmDp8Q.gvkeGOl4sjxPfFQB-gaXY3dHJHXilwKNtGlZyy_7afQ&dib_tag=se&qid=1755803596&refinements=p_n_g-101014971069111%3A119653281011&s=electronics&sr=1-6773,True
"Belkin USB C to USB C Cable, 3.3ft, 60W - Type C Charger, iPhone Charger Cord, Soft, Braided, Flexible for iPhone 16, Galaxy S25, Pixel 9, Airpods, iPad Pro, Tablet & More, Travel Essentials - Black",Cables & Charging,True,,Cables & Charging,Phone & Tablet Accessories,7.3,Belkin,/Belkin-USB-Cable-3-3ft-60W/dp/B0F63VMM6N/ref=sr_1_6939?dib=eyJ2IjoiMSJ9.1OXc9PQsnTo9GsILUCblnDjE7pBA4JIkka7DU3VM7pK-Fzlh6SmlHCeExpdJ02AcLu63PiLyPYPwL-y90Y9Wa8gZRMa2MTbu5ak5ChtQkRT8g0t_Qbd_hiHbA_wPeM0r16JYz6i0tP_53a0J4AHqfh3Cy5fZ97bk6BSA2rjT3BhEaZTIQvs7CWGLWzVslSrHB9p-kviOTPEQ8KQm-wvx_8qitAhY-gJo4idlKqzkl0-cYBhFw-Mbd2W-qneySdIQhh-1pUYOsEEcg4hKwY_DJxd57PG1R3LdD1Qo4kfsans.mThWVqCsErN0IVaGiOlvqntReWee3UphZewhsYSq9N8&dib_tag=se&qid=1755803671&refinements=p_n_g-101014971069111%3A119653281011&s=electronics&sr=1-6939,True
Celestron StarSense Explorer DX 130AZ App-Enabled Telescope – 130mm Newtonian Reflector with Smartphone Dock & StarSense App – iPhone & Android Compatible – Easy-to-Use for Beginners,Optics,True,,Optics,Computers & Laptops,401.99,Celestron,/Celestron-StarSense-Smartphone-App-Enabled-Compatible/dp/B083JRF1MH/ref=sr_1_6955?dib=eyJ2IjoiMSJ9.QJkDbfsQv82_qIsk2i5MiwelMtELAlvN2QSfzfw0n3AvUV_iBESjDmftU1304gNJMUwJVbvj3tVJ5AvglHmYf_ijRoUPtIiPH2w1ni8H-Zf5l4YXUP_px7quJBXNNpp__zMk9dwundac3xxtgxCzZ19MQI1PVKwKizsqMAsMa2DtysrSKJ0-bA2T2f9FZBnCyeM7OalA7gXFFuC4AaHG60yZSH2BTUhuqt6e8OxT9MHME9e-ZHeyn4X4bGW2hA_c-TL5CHR-1CV4qLdgtsKB0zRENRcLh4pYTcSXF36Q66I.9NYWJOjJGwCujxaBmGurbXAax82PWwCubGox4lF5Gsw&dib_tag=se&qid=1755803682&refinements=p_n_g-101014971069111%3A119653281011&s=electronics&sr=1-6955,True
Sony Alpha a6100 16-50mm,Cameras & Photography,True,,Other,Other,,Sony,/Sony-ILCE6100K-Alpha-a6100-16-50mm/dp/B0DTFSNGH2/ref=sr_1_6869?dib=eyJ2IjoiMSJ9.KnSMW2UCoVGLOHxnjG5oBXz31A0CGnRQB7e0xTt-dGkQc03qLTdba-vZZ_o_iBMm-Wq6h2DAH40ogSDZa1wOrwEuvDrtUnuCCXJS-YjlOLP0jGERujmQ7Z44HMccUXjSFfgVE4tVfmTD0i-3TehqCbfvYOBhVM7PISAWfh9IKyzdzYcuEPTvrrg4sslqffZDRKheeUOOGlXYCps-FdB1e42EFayP7r50EZOiw4v8tIsSizkOe5l2wSwUEvGXoPxi6BGcpm996MSxmAdB0ArImzxod2w8Vk6xWTo6zrAqkD0._MDVi_KCroEV9zwQYSR1Ue4a96o3OmizfRFYZ5z2j9o&dib_tag=se&qid=1755803648&refinements=p_n_g-101014971069111%3A119653281011&s=electronics&sr=1-6869,False
"Tyler 14” Portable TV LCD Monitor 1080P Rechargeable Lithium Battery Operated, 2 Antenna, HDMI, USB, RCA, FM Radio, Digital Tuner, AV Inputs, AC/DC, TV Stand and Remote Control for Car Travel",TV & Home Entertainment,True,,Batteries,Monitors & Displays,109.95,Tyler,/Tyler-TTV705-14-Portable-Battery-Television/dp/B07MC9KHK3/ref=sr_1_6870?dib=eyJ2IjoiMSJ9.KnSMW2UCoVGLOHxnjG5oBXz31A0CGnRQB7e0xTt-dGkQc03qLTdba-vZZ_o_iBMm-Wq6h2DAH40ogSDZa1wOrwEuvDrtUnuCCXJS-YjlOLP0jGERujmQ7Z44HMccUXjSFfgVE4tVfmTD0i-3TehqCbfvYOBhVM7PISAWfh9IKyzdzYcuEPTvrrg4sslqffZDRKheeUOOGlXYCps-FdB1e42EFayP7r50EZOiw4v8tIsSizkOe5l2wSwUEvGXoPxi6BGcpm996MSxmAdB0ArImzxod2w8Vk6xWTo6zrAqkD0._MDVi_KCroEV9zwQYSR1Ue4a96o3OmizfRFYZ5z2j9o&dib_tag=se&qid=1755803648&refinements=p_n_g-101014971069111%3A119653281011&s=electronics&sr=1-6870,False
"Lian-Li UNI FAN SL-Infinity 120mm ARGB Case Fan with Controller, 3-Pack - White",Computers & Laptops,True,,Other,Other,89.95,Lian Li,/Lian-Li-SL-INF-Infinity-Controller/dp/B0B5GVHXH8/ref=sr_1_6917?dib=eyJ2IjoiMSJ9.1OXc9PQsnTo9GsILUCblnDjE7pBA4JIkka7DU3VM7pK-Fzlh6SmlHCeExpdJ02AcLu63PiLyPYPwL-y90Y9Wa8gZRMa2MTbu5ak5ChtQkRT8g0t_Qbd_hiHbA_wPeM0r16JYz6i0tP_53a0J4AHqfh3Cy5fZ97bk6BSA2rjT3BhEaZTIQvs7CWGLWzVslSrHB9p-kviOTPEQ8KQm-wvx_8qitAhY-gJo4idlKqzkl0-cYBhFw-Mbd2W-qneySdIQhh-1pUYOsEEcg4hKwY_DJxd57PG1R3LdD1Qo4kfsans.mThWVqCsErN0IVaGiOlvqntReWee3UphZewhsYSq9N8&dib_tag=se&qid=1755803671&refinements=p_n_g-101014971069111%3A119653281011&s=electronics&sr=1-6917,False
Seagate ST8000VX010 Hd Seagatest8000vx010 %,Storage & Memory Cards,True,,Storage & Memory Cards,Other,,Seagate,/Seagate-Skyhawk-Video-Internal-House/dp/B0BLT41GSM/ref=sr_1_6911?dib=eyJ2IjoiMSJ9.17HoKoBhK-UqO6vlA3bIWJz-fFkcZ2oPcluDLcPpKOt3Yht-Xc0l0s3gfuyJRXreIoxpN57NqEb-iNAkwfVIcFfszDidoseBG5IlsQBMZa1XibGdty2hzxzI5J2gxc5hTGsEC9FElaBCPAHwQQ54gE8kRfkqlQu2MijA3W-UdL7Vzzkf_PGfm8zRVHXzVh9_y1n-poIjL93lXKtQif6Ky33CD6DPhjltI4Xd9b0P9TrpVTeRUNLcXTczSMktXJ0Yy5jfY3cLENGCwSBVOwDrB8P6dyntkVcHzXNCxfew33w.pG5869exT6NpJrCkqDFE_rrLGtQbpNjJHap1G9xYKOI&dib_tag=se&qid=1755803659&refinements=p_n_g-101014971069111%3A119653281011&s=electronics&sr=1-6911,True
"SAMSUNG Galaxy Watch Ultra Trail Band, Smartwatch Replacement Strap for Men and Women, One Click Attachment, ET-SVL70MBEGUJ, Dark Gray",Smart Home & Wearables,True,,Smart Home & Wearables,Phone & Tablet Accessories,79.99,Samsung,/SAMSUNG-Smartwatch-Replacement-Attachment-SVL70MBEGUJ/dp/B0D1ZB16T6/ref=sr_1_6903?dib=eyJ2IjoiMSJ9.17HoKoBhK-UqO6vlA3bIWJz-fFkcZ2oPcluDLcPpKOt3Yht-Xc0l0s3gfuyJRXreIoxpN57NqEb-iNAkwfVIcFfszDidoseBG5IlsQBMZa1XibGdty2hzxzI5J2gxc5hTGsEC9FElaBCPAHwQQ54gE8kRfkqlQu2MijA3W-UdL7Vzzkf_PGfm8zRVHXzVh9_y1n-poIjL93lXKtQif6Ky33CD6DPhjltI4Xd9b0P9TrpVTeRUNLcXTczSMktXJ0Yy5jfY3cLENGCwSBVOwDrB8P6dyntkVcHzXNCxfew33w.pG5869exT6NpJrCkqDFE_rrLGtQbpNjJHap1G9xYKOI&dib_tag=se&qid=1755803659&refinements=p_n_g-101014971069111%3A119653281011&s=electronics&sr=1-6903,True
Nintendo of America Nintendo Switch Dock Set - Nintendo Switch;,Gaming,True,,Gaming,Computers & Laptops,,Nintendo,/Nintendo-Switch-Dock-Set/dp/B06ZZ6FGGL/ref=sr_1_7054?dib=eyJ2IjoiMSJ9.f_0ffu7OFrxk3h3jrJFut3WcCpqxqT0wn40VcE1JeZAE3YHLbt_b3HLA7EymJca6lcjJ6fiYY_4RhUOwdUOmBwHzPmdWkCn3Nt6_tt3kBvkd0keuSjlslA2WjcObTzrhWFD7QPEjZUhNqA8HxDuS-Qdeopy95acCBHLZLTXxul7LuWayntVFGB0VWkHEUL-oE6Dq5QlBPZ_WOfhfHj-BpnNs1S7IyKVztoo_8zQfGjPYshrLOKxwklrfEAJYz_cJ4Cg-mgZ6usr1F2HaIOGcEO6HiauO75D8IW5UQnsRyE0.NYzWL2yWEQkKWSH4mXtWcrkntMiyKLdzGUaLtI7Uo9Y&dib_tag=se&qid=1755803728&refinements=p_n_g-101014971069111%3A119653281011&s=electronics&sr=1-7054,True
"SAMSUNG 43” QET Series LFD Display with Integrated MagicInfo Lite Player, Crystal 4K Processor and UHD Resolution, 8ms Response Time, 300 nit, Home UI, Built-in Speakers, LH43QETELGCXZA",Monitors & Displays,True,,Monitors & Displays,Computers & Laptops,,Samsung,/Samsung-Business-QE43T-Commercial-LH43QETELGCXZA/dp/B08DQDV4S3/ref=sr_1_7088?dib=eyJ2IjoiMSJ9.DEv8IWlz0amRYOaDRl7WMkDEBAKaLkhew4cNwS34iC2gtMDuig4VjtfluuS0YsQCThrkCXb16yykFOr0AIp80Ox_Lq00Qvm-AkCZR0_LUPXmO9ynQZEx9jPooopuwNiEXiRV4K3UF7RMJc21vX5QiX9DzYzGLcRtdQ1WH0CtgtDq_JChA3QTuaBW7Dm3h0dWJuaGw6vpcIMYDNMyIdMmKLMsAIoHqUqLyQP5eqJCp1VIUcXzZMNNRVkH7Sk5RzXaMYtHVW3tjfmqb0hjon4CTvn5gabCEeAIVVOx1Nilv4M.QA5opZG_unGMT05WWJvfk0ZhKjlmt_p3xCVzCWochUc&dib_tag=se&qid=1755803751&refinements=p_n_g-101014971069111%3A119653281011&s=electronics&sr=1-7088,True
"ARCTIC MX-6 (2 g) - Ultimate Performance Thermal Paste for CPU, Consoles, Graphics Cards, laptops, Very high Thermal Conductivity, Long Durability, Non-Conductive",Computers & Laptops,True,,Computers & Laptops,Computers & Laptops,5.99,Arctic,/ARCTIC-MX-6-Conductivity-Non-Conductive-Non-capacitive/dp/B09VDPWH6T/ref=sr_1_7061?dib=eyJ2IjoiMSJ9.2OpQut1gVTVuI7z_OJzbQpaeosqx26GU8q1dnqk11-jWF1ErAyWNv_vBmI0_heUlNNrLTC_GyRWR8gvwwqREMIGwWPBL-awm8rmHBeI-DhpreEKhlqJ-t39KmWhWarbZJZBLtsj2CRBoFkhi_HfB5gislUxA6Z1QI38Y0UQiztS5H3PFqArOqZWjieKF-C3fnr4hTLUYcYQz6OnZLl3uYWvpL3lQD_f0d4FLZ4fo4eGtUi4rKKFTwdl1K57xjS1TGca51zzCH27_GkeM6Z1Vb2Cq9Ic9RE5o6awA7NDSXyM.2g9xvU6p9ToovWFrukzS1nacnFjygxfBB4HD3P3Yb4Y&dib_tag=se&qid=1755803740&refinements=p_n_g-101014971069111%3A119653281011&s=electronics&sr=1-7061,True
"UBeesize 12” Selfie Ring Light with 62” Extendable Tripod Stand & Remote, LED Light with Phone Holder for Video Recording/Makeup/Content Creator (YouTube/TikTok/Twitch), Phone, Camera & Webcam (Pink)",Cameras & Photography,True,,Cameras & Photography,Phone & Tablet Accessories,34.99,Ubeesize,/UBeesize-Extendable-Recording-Content-Creator/dp/B0CTKKGTS6/ref=sr_1_6997?dib=eyJ2IjoiMSJ9.ceq9aYU1-26DaOQ5ZMwAboKt_7gWV16FJnzsE4hYLXpRk0P2pa9YNNLmRSyGT0Nm6DB9i9HUzJmMR8cKgBWfm5xioFZf14SGxQmY21vSYnNrtwl0Kv7a42eOb0lDwQ-sMgBXojK8abyGdZczqZbZnZDxnuj9Y7mu39DWIxovFXFPwY4z-xWw5oiUcdx7ipvCLEagHtuymfLQWK_o-B1naT8Bytl53jzlOMCRRG1GxlImKFFGqpdTNFPzya_F7qndTSgqlverhioKf09lpe0ivEoSu_2z7oUvcIYXSWjkzag.hUqTZ_JLGK_A4OTtXAgDlupyQjus_x-Ya3xJ-Fe8Lrw&dib_tag=se&qid=1755803704&refinements=p_n_g-101014971069111%3A119653281011&s=electronics&sr=1-6997,True
Razer Stream Controller: All-In-One Keypad for Streaming - 12 Haptic Switchblade Keys - 6 Tactile Analog Dials - 8 Programmable Buttons - Designed for PC & Mac Compatibility,Keyboards & Mice,True,,Keyboards & Mice,Gaming,109.95,Razer,/Razer-Stream-Controller-All-One/dp/B0B5FV1BY6/ref=sr_1_7046?dib=eyJ2IjoiMSJ9.f_0ffu7OFrxk3h3jrJFut3WcCpqxqT0wn40VcE1JeZAE3YHLbt_b3HLA7EymJca6lcjJ6fiYY_4RhUOwdUOmBwHzPmdWkCn3Nt6_tt3kBvkd0keuSjlslA2WjcObTzrhWFD7QPEjZUhNqA8HxDuS-Qdeopy95acCBHLZLTXxul7LuWayntVFGB0VWkHEUL-oE6Dq5QlBPZ_WOfhfHj-BpnNs1S7IyKVztoo_8zQfGjPYshrLOKxwklrfEAJYz_cJ4Cg-mgZ6usr1F2HaIOGcEO6HiauO75D8IW5UQnsRyE0.NYzWL2yWEQkKWSH4mXtWcrkntMiyKLdzGUaLtI7Uo9Y&dib_tag=se&qid=1755803728&refinements=p_n_g-101014971069111%3A119653281011&s=electronics&sr=1-7046,True
"Antec Flux Wood, 5 x PWM Fans Included, High-Airflow Front Panel with Walnut Wood, Type-C, 420mm Radiator & Back Connect Motherboard Support, Up to 9 Fans Simultaneously, Mid-Tower E-ATX PC Case",Computers & Laptops,True,,Other,Computers & Laptops,119.99,Antec,/Antec-High-Airflow-Motherboard-Simultaneously-Mid-Tower/dp/B0D9LLWBCB/ref=sr_1_7027?dib=eyJ2IjoiMSJ9.hffygt-88BZP_TrXB15IXM9jjCLuNaYj6y_W7q3wjwhLPJuhQaZIufCPmMqYzwg9_eZCatkyiInDsTiY6SQu38D2E6YWMBfuvdWhYi6IvX6rztZ0pMxQv5G3XCdFEU8lEYsEOggqKYixjge2RV23rRl6u-EEv0uytmZL7eMpR1O9QmcYOL1CbBLjVEnKs5iiHXPunGIiL_y5uJzI_qA8OMbmhyY8SXLk5v6Iam3Gyx5tVC6P3MPSWlLnsZnLIntfvyF6dE5VBm2vLi--R2iI51wIhInw71oVEj3WddBJJws.vRb7oVhqQxoJTaaKLi0uYBpXlsdGlzOc4UNKkvBIBaY&dib_tag=se&qid=1755803716&refinements=p_n_g-101014971069111%3A119653281011&s=electronics&sr=1-7027,False
Insta360 Ace/Ace Pro Standard Mount,Cameras & Photography,True,,Other,Other,14.99,Insta360,/Insta360-Ace-Pro-Standard-Mount/dp/B0CKTJ746X/ref=sr_1_7015?dib=eyJ2IjoiMSJ9.hffygt-88BZP_TrXB15IXM9jjCLuNaYj6y_W7q3wjwhLPJuhQaZIufCPmMqYzwg9_eZCatkyiInDsTiY6SQu38D2E6YWMBfuvdWhYi6IvX6rztZ0pMxQv5G3XCdFEU8lEYsEOggqKYixjge2RV23rRl6u-EEv0uytmZL7eMpR1O9QmcYOL1CbBLjVEnKs5iiHXPunGIiL_y5uJzI_qA8OMbmhyY8SXLk5v6Iam3Gyx5tVC6P3MPSWlLnsZnLIntfvyF6dE5VBm2vLi--R2iI51wIhInw71oVEj3WddBJJws.vRb7oVhqQxoJTaaKLi0uYBpXlsdGlzOc4UNKkvBIBaY&dib_tag=se&qid=1755803716&refinements=p_n_g-101014971069111%3A119653281011&s=electronics&sr=1-7015,False
Fujifilm NP-W126S Li-Ion Rechargeable Battery,Batteries,True,,Batteries,Cameras & Photography,,Fujifilm,/Fujifilm-Rechargeable-Lithium-Ion-Battery-NP-W126S/dp/B01I4RNPQ6/ref=sr_1_7204?dib=eyJ2IjoiMSJ9.5QexfqpvjDlYmCLvTyZ3b2wOpkHOcbZn22FfQlUVM4p0b-DCNe_tdzm3sjZmcML2Fn2iOZo3UV3W0s_YGFrVKA6UQqBG4WEX1Rpdgh-EeNDvV2WiB2x0DUY_zv3aTWFh0Pb-nsAGKQxgiySw2jTMqiHUarzYS8yEaF3wLxSnhit2IhMmzyHt-osSfLldNHqx6viJvGAv4fnDcZJHqfVvDASWb3hug1Rn9B-TKgdcdTTJWn4p8R_LPUxK_zgoyFqFv6bmRByUAKeie4v1-YMRwvX7ZLQP2n-pT5EPeTJkAHM.SfsfOpi6Y2B0LMhqBdbIkoQg0UTdk_KvmjVNU-sQppA&dib_tag=se&qid=1755803817&refinements=p_n_g-101014971069111%3A119653281011&s=electronics&sr=1-7204,True
"APC UPS Network Management Card 3 with 2 USB ports and Temperature Monitoring, Newest Model 2020 (AP9641)",Power Strips & Surge Protectors,False,"UPS network management card accessory, not the UPS itself",Cables & Charging,Cables & Charging,203.99,Apc,/APC-Management-Temperature-Monitoring-AP9641/dp/B083ZVKLB3/ref=sr_1_7148?dib=eyJ2IjoiMSJ9.2HQO49pehoHP4_L7cGsPapFj8326fuEPPh_UrgRKFLiqld7UyElGIxcsx0EZPCzm_13xcpERuVaWX7iIt48kJ-ZvqFaqX38VRdX1F6Og-VRdEfFrjnnO_flgSMyOPWiggzfp9NGeflYJ0K_xWZZEnmP5zdp8Uu-xq--6s8X0knsgIjIqm25OdBwzt0W62m1KEGoj3pPsBzbFnePPXS1JDUglXPiYXafxrzJtX6ztZSrk4vFauOgd--qAzaECfbAUWnsTNaVX40k8XJSMxyWQZYprlJTND36D0yMkE4B4i0E.eMjtGudr3was_dpC_NXMBULlbcVzXHhREKc487YBjns&dib_tag=se&qid=1755803778&refinements=p_n_g-101014971069111%3A119653281011&s=electronics&sr=1-7148,False
"Garmin 010-12563-02 Edge Mountain Bike Mount, Black",Other,False,"mount for a bike computer/GPS device, no exact category",Other,Other,36.47,Garmin,/Garmin-010-12563-02-Edge-Mountain-Mount/dp/B076HWFZRN/ref=sr_1_7230?dib=eyJ2IjoiMSJ9.5QexfqpvjDlYmCLvTyZ3b2wOpkHOcbZn22FfQlUVM4p0b-DCNe_tdzm3sjZmcML2Fn2iOZo3UV3W0s_YGFrVKA6UQqBG4WEX1Rpdgh-EeNDvV2WiB2x0DUY_zv3aTWFh0Pb-nsAGKQxgiySw2jTMqiHUarzYS8yEaF3wLxSnhit2IhMmzyHt-osSfLldNHqx6viJvGAv4fnDcZJHqfVvDASWb3hug1Rn9B-TKgdcdTTJWn4p8R_LPUxK_zgoyFqFv6bmRByUAKeie4v1-YMRwvX7ZLQP2n-pT5EPeTJkAHM.SfsfOpi6Y2B0LMhqBdbIkoQg0UTdk_KvmjVNU-sQppA&dib_tag=se&qid=1755803817&refinements=p_n_g-101014971069111%3A119653281011&s=electronics&sr=1-7230,True
"Garmin inReach® Messenger Plus, SOS Satellite Communicator with Photo, Text & Voice Messaging Without Cell Service, Long Battery Life, Durable, Temperature-Resistant, Water-Resistant (IPX7) Design",Marine & GPS,True,,Smart Home & Wearables,Marine & GPS,449.99,Garmin,/Garmin-Messenger-Communicator-Temperature-Resistant-Water-Resistant/dp/B0DFHNGDGM/ref=sr_1_7222?dib=eyJ2IjoiMSJ9.5QexfqpvjDlYmCLvTyZ3b2wOpkHOcbZn22FfQlUVM4p0b-DCNe_tdzm3sjZmcML2Fn2iOZo3UV3W0s_YGFrVKA6UQqBG4WEX1Rpdgh-EeNDvV2WiB2x0DUY_zv3aTWFh0Pb-nsAGKQxgiySw2jTMqiHUarzYS8yEaF3wLxSnhit2IhMmzyHt-osSfLldNHqx6viJvGAv4fnDcZJHqfVvDASWb3hug1Rn9B-TKgdcdTTJWn4p8R_LPUxK_zgoyFqFv6bmRByUAKeie4v1-YMRwvX7ZLQP2n-pT5EPeTJkAHM.SfsfOpi6Y2B0LMhqBdbIkoQg0UTdk_KvmjVNU-sQppA&dib_tag=se&qid=1755803817&refinements=p_n_g-101014971069111%3A119653281011&s=electronics&sr=1-7222,False
SanDisk Ultra 32GB Micro SD SDHC Memory Flash Card (5 Pack) UHS-I Class 10 SDSQUAR-032G-GN6MN Wholesale Lot Bundle with 5 Plastic Jewel Cases and Everything But Stromboli Card Reader,Storage & Memory Cards,True,,Storage & Memory Cards,Cameras & Photography,39.24,Sandisk,/Pack-SDSQUAR-032G-GN6MA-Wholesale-Everything-Stromboli/dp/B0767NLQHM/ref=sr_1_7232?dib=eyJ2IjoiMSJ9.SSEc3EjJl9zly7G4enxFd_kaAGrZHzHSmB7y7UkjliEUXQqw_5wntVmFttJDrrJ7-S9DdwfMg-_FYfP84I-SMN-12cMMKrvSTv5ZTJs0oo0HXqfgxZg9sDQXNQpUIsa26yEQpulpQCq6U3ZWyRKHdiwxD7f-XMtEKUvUSMCzC3_4DUVjGAz1o0ZT3TW8kPc9OGsD5xrOb6-F7wlSiSfVPgw2BETwrY-e8iC7_U8cksO9ee71PigXEhE3vL1LENoXIntSFHE4OtplacQLqOaaofAHJXmKR4oyOgGWT1k0Up8.Dr9yzWQAHJpB8yG-7Jej79PT0pzVKHmuuWz1Guvu3IY&dib_tag=se&qid=1755803830&refinements=p_n_g-101014971069111%3A119653281011&s=electronics&sr=1-7232,True
"UGREEN Ethernet Switch, 5 Port Gigabit Ethernet Splitter, Plug & Play, Wall Mount & Desktop Network Switch Hub, Unmanaged, Compact, with LED, Fanless Quiet, for Internet Cable, Laptop, Router, NAS",Networking,True,,Networking,Computers & Laptops,9.99,Ugreen,/UGREEN-Port-Gigabit-Ethernet-Switch/dp/B0D9JBTBZB/ref=sr_1_7308?dib=eyJ2IjoiMSJ9.hL4SAPUM7VaidD-2YGjOmn-jNYvsGsc6j4ihI1yYdQ0HCUmBAAR-vkoj2AKgNoydtZ3SrIBXybeQQSlfzy85ieNdzTu4Qe98ZYkdSWNYJnYZ-KGge1MMPjba-sngtlSfS7GCzoZzDEvLXZiSfFCisQ1X8yi6lR8W7OfuTJFe_DkfPgkyCvE2LXyqzMstoV87SCTk3xJe5xvOMFBmkYMytEH7Y1i64oDKHZ8Rnx4XjO8bkgNsgc5VzhE_QGHd3Nfiu2RR17v6mrVW40tH1TXkk3SvgiNGw0nTxiBr1cVfR9A.nHihzPZeczI1PYP8lz15iZC669WelLB-2Hthtzb8D1U&dib_tag=se&qid=1756096837&refinements=p_n_g-101014971069111%3A119653281011&s=electronics&sr=1-7308,True
"IRIS USA Fits 6"" x 6"" Paper, 8-Pack Thick Portable Plastic Scrapbook Paper Storage Cases Organizers with Built-in Handle for Art and Craft Supplies, Office Document, Stationery, Photo - Clear",Non-Electronics,True,,Printers & Ink,Other,28.99,Iris,/IRIS-Portable-Project-Case-Paper/dp/B00KG4V2HK/ref=sr_1_7302?dib=eyJ2IjoiMSJ9.hL4SAPUM7VaidD-2YGjOmn-jNYvsGsc6j4ihI1yYdQ0HCUmBAAR-vkoj2AKgNoydtZ3SrIBXybeQQSlfzy85ieNdzTu4Qe98ZYkdSWNYJnYZ-KGge1MMPjba-sngtlSfS7GCzoZzDEvLXZiSfFCisQ1X8yi6lR8W7OfuTJFe_DkfPgkyCvE2LXyqzMstoV87SCTk3xJe5xvOMFBmkYMytEH7Y1i64oDKHZ8Rnx4XjO8bkgNsgc5VzhE_QGHd3Nfiu2RR17v6mrVW40tH1TXkk3SvgiNGw0nTxiBr1cVfR9A.nHihzPZeczI1PYP8lz15iZC669WelLB-2Hthtzb8D1U&dib_tag=se&qid=1756096837&refinements=p_n_g-101014971069111%3A119653281011&s=electronics&sr=1-7302,False
Sony FE 50-150 F2 GM,Cameras & Photography,True,,Other,Other,,Sony,/Sony-FE-50-150-F2-GM/dp/B0F5X657S5/ref=sr_1_7437?dib=eyJ2IjoiMSJ9.2h4mR2soMeodmMe5ccphCdIqPkkCkXpZssXI9mBKlLFTLM7cOG6UsQONjpZY4w1RVQeWpIfwvZ48Z6uweZV2xrktXXKoUE7ovKeIeUs7u2riZiS5TG6ydT-LJw-Xc5OVpHacOUCylfVbJSBfjdnsHbs017swSv1DkmDwVwrJPjuk_JilOI3p4H-7Xu9IdQoi2qF73NTUlXIZxDd2JcSeHnD9PBlZ1GRwRbB7zcmsEfz_N_CgimoBeCjn9sJLmDDjTfQxriz1h6fFwLUpWhoUbCMw1xICQHsaOT66Pn-BB60.Rvo4cV3HL7SBHGB9MbIyotVgslEfGdrLi_njSftxTs4&dib_tag=se&qid=1756096901&refinements=p_n_g-101014971069111%3A119653281011&s=electronics&sr=1-7437,False
"Brother(R) TZe-251 Black-On-White Tape, 1in. x 26.2ft., 239376-2240",Office & School Supplies,True,,Printers & Ink,Other,,Brother,/Brother-TZe-251-Black-26-2ft-239376-2240/dp/B004I2GG5Y/ref=sr_1_7441?dib=eyJ2IjoiMSJ9.2h4mR2soMeodmMe5ccphCdIqPkkCkXpZssXI9mBKlLFTLM7cOG6UsQONjpZY4w1RVQeWpIfwvZ48Z6uweZV2xrktXXKoUE7ovKeIeUs7u2riZiS5TG6ydT-LJw-Xc5OVpHacOUCylfVbJSBfjdnsHbs017swSv1DkmDwVwrJPjuk_JilOI3p4H-7Xu9IdQoi2qF73NTUlXIZxDd2JcSeHnD9PBlZ1GRwRbB7zcmsEfz_N_CgimoBeCjn9sJLmDDjTfQxriz1h6fFwLUpWhoUbCMw1xICQHsaOT66Pn-BB60.Rvo4cV3HL7SBHGB9MbIyotVgslEfGdrLi_njSftxTs4&dib_tag=se&qid=1756096901&refinements=p_n_g-101014971069111%3A119653281011&s=electronics&sr=1-7441,False
"Focusrite Scarlett 18i20 4th Gen USB Audio Interface, for Multitrack Recording, Music Production and Podcasting — High-Fidelity, Studio Quality Recording, and All the Software You Need to Record",Audio,True,,Audio,Other,699.99,Focusrite,/Focusrite-Interface-Multitrack-Production-Podcasting/dp/B0D7YFNMRG/ref=sr_1_7421?dib=eyJ2IjoiMSJ9.oCXmdFI2iJBvvM4b1LHxJ-T5K6weSCjGILoycb8fGKl8oPBWALuTrUGMQLbRt-oI2_Zagu1cKcNBYnxz0_UQbF70WCxJU5hJdr2Razz_-uhT_lV1nYrWHiwzJlsPGGDaCbLryh-5KJ6O4R_LyJ9tav8KNQttLehHCYIi1gEbA5IldbeOgOtSwmKIq_bSqBF--C6nag1BAV7JVXbMt9UwgbSRrQsAHE31jFruXyMFYrGy8v1rxBxTP24qXHNf0c-rQbb_j5fE9ccYUzu-KSkroseNAkvX92313s0f58cJZsA.4_NlVafsFtjP7Cu6ebgKbF_epJlWuN2cW3JkYVOCpcQ&dib_tag=se&qid=1756096888&refinements=p_n_g-101014971069111%3A119653281011&s=electronics&sr=1-7421,True
Kobo Libra Colour | eReader | 7” Glare-Free Colour E Ink Kaleido™ 3 Display | Dark Mode Option | Audiobooks | Waterproof | White,Phone & Tablet Accessories,True,,Audio,Printers & Ink,,Kobo,/Kobo-Glare-Free-KaleidoTM-Audiobooks-Waterproof/dp/B0D1KV86N4/ref=sr_1_7360?dib=eyJ2IjoiMSJ9.Zu9VSvuBamXbUEd7QpR68FTy-0RmTJD9-4Pc33T_Knnq-FHmq-AfeLLSDCSxaP5-BCE4P5cZUU6QRtcBBouBJPcGPUh4VNjI-0Z2X5dZIwjIFVRckYD76R-P3i0r04H1zRiMFOgl7FU6S9Zge1IgjFnVH_VUQi0Fi2DEuvwV3WPoNVTLpXmTxibrlFeeKfPClpjvWzjiuWxja8lGCB4Y2Osixwbpk-Ek0r-oefhKggUsGwIRZ7Rg0B8ivkst2MGFm1q-V6WxzTfdu2SkgVMKeU06PYOC-zVwZeeSwqGkmn8.lR6J9kBa1egeFDGKmz2_HrCTSqSdGEL2xjOwET1dpCw&dib_tag=se&qid=1756096864&refinements=p_n_g-101014971069111%3A119653281011&s=electronics&sr=1-7360,False
StarTech.com 4-Port USB 3.0 SuperSpeed Hub with Power Adapter 5Gbps - Portable Multiport USB-A Dock IT Pro - USB Port Expansion Hub for PC/Mac - 4 Port Powered USB Hub for PC (ST4300USB3),Cables & Charging,True,,Cables & Charging,Computers & Laptops,39.99,Startech.Com,/StarTech-com-Port-USB-3-0-Hub/dp/B004DVEWH4/ref=sr_1_7347?dib=eyJ2IjoiMSJ9.Zu9VSvuBamXbUEd7QpR68FTy-0RmTJD9-4Pc33T_Knnq-FHmq-AfeLLSDCSxaP5-BCE4P5cZUU6QRtcBBouBJPcGPUh4VNjI-0Z2X5dZIwjIFVRckYD76R-P3i0r04H1zRiMFOgl7FU6S9Zge1IgjFnVH_VUQi0Fi2DEuvwV3WPoNVTLpXmTxibrlFeeKfPClpjvWzjiuWxja8lGCB4Y2Osixwbpk-Ek0r-oefhKggUsGwIRZ7Rg0B8ivkst2MGFm1q-V6WxzTfdu2SkgVMKeU06PYOC-zVwZeeSwqGkmn8.lR6J9kBa1egeFDGKmz2_HrCTSqSdGEL2xjOwET1dpCw&dib_tag=se&qid=1756096864&refinements=p_n_g-101014971069111%3A119653281011&s=electronics&sr=1-7347,True
"VIVO Steel Reinforcement Bracket Mount Plate for Thin, Glass, and Other Fragile Table Top Surfaces, Compatible with Most Monitor Stand C-Clamp Installations, Anti-Slip No Scratch, Black, STAND-AC01R",Monitors & Displays,True,,Phone & Tablet Accessories,Monitors & Displays,19.99,Vivo,/VIVO-Reinforcement-Compatible-Installations-STAND-AC01R/dp/B07NNVJHRY/ref=sr_1_7358?dib=eyJ2IjoiMSJ9.Zu9VSvuBamXbUEd7QpR68FTy-0RmTJD9-4Pc33T_Knnq-FHmq-AfeLLSDCSxaP5-BCE4P5cZUU6QRtcBBouBJPcGPUh4VNjI-0Z2X5dZIwjIFVRckYD76R-P3i0r04H1zRiMFOgl7FU6S9Zge1IgjFnVH_VUQi0Fi2DEuvwV3WPoNVTLpXmTxibrlFeeKfPClpjvWzjiuWxja8lGCB4Y2Osixwbpk-Ek0r-oefhKggUsGwIRZ7Rg0B8ivkst2MGFm1q-V6WxzTfdu2SkgVMKeU06PYOC-zVwZeeSwqGkmn8.lR6J9kBa1egeFDGKmz2_HrCTSqSdGEL2xjOwET1dpCw&dib_tag=se&qid=1756096864&refinements=p_n_g-101014971069111%3A119653281011&s=electronics&sr=1-7358,False
"Taramps MD 5000.1 Amplifier 1 Ohm 5000 Watts RMS MAX, Mosfet Digital Full Range, Crossover Low/High Pass, Bass Boost, Car Audio System, Monoblock 5k, 1 Channel, LED Monitor Indicator, Class D, MD 5k",Audio,True,"car amplifier, labeled as what it is (amplifier)",Audio,Monitors & Displays,,Taramps,/Taramps-5000-1-Channel-Amplifier-Module/dp/B098W1XPKB/ref=sr_1_7359?dib=eyJ2IjoiMSJ9.Zu9VSvuBamXbUEd7QpR68FTy-0RmTJD9-4Pc33T_Knnq-FHmq-AfeLLSDCSxaP5-BCE4P5cZUU6QRtcBBouBJPcGPUh4VNjI-0Z2X5dZIwjIFVRckYD76R-P3i0r04H1zRiMFOgl7FU6S9Zge1IgjFnVH_VUQi0Fi2DEuvwV3WPoNVTLpXmTxibrlFeeKfPClpjvWzjiuWxja8lGCB4Y2Osixwbpk-Ek0r-oefhKggUsGwIRZ7Rg0B8ivkst2MGFm1q-V6WxzTfdu2SkgVMKeU06PYOC-zVwZeeSwqGkmn8.lR6J9kBa1egeFDGKmz2_HrCTSqSdGEL2xjOwET1dpCw&dib_tag=se&qid=1756096864&refinements=p_n_g-101014971069111%3A119653281011&s=electronics&sr=1-7359,True
"UGREEN Full HD 1080P Webcam with Microphone, 2 Noise-Canceling Mics, 85° Fov & Fixed Focus, Plug and Play, Auto Light Correction, Privacy Cover PC Camera for Zoom/Skype/Teams, Switch 2, Silver Gray",Cameras & Photography,False,"webcam, closest fit to cameras",Audio,Cameras & Photography,19.99,Ugreen,/UGREEN-Microphone-Noise-Canceling-Correction-Privacy/dp/B0F1SJR713/ref=sr_1_7532?dib=eyJ2IjoiMSJ9.87RuYDXUid1Z7PQ596adF8ruAfme-XE1eUt9ZVBi40XsrK1XwLEuyYOCPlPPNsmWALbBxMII6WrC6QQqno5Lb8CA-DBNhJEEgF8nTC8-LqMZ-kTBL8wTXx8waRCurVPE05G5u6Z3N0FdYsAYtZ9tinR8LihsQRNdY1dHvEvezcwRejWxDP6kjPXmPDFn9bX4RqkjscpM0-4xRmEqTfxLJyMXS4Z1hVjIi3pdj4fI9fZcNGbx9LDTpYdjyEyhjtClcSqEEfMYe2wxe0YbR65JpzXgqAmcOhZnyjjPBJ88t3E.lhWDYIeVhUT1UWnR4WJEZXDqEp875vnuqWW-hmQbSRo&dib_tag=se&qid=1756096952&refinements=p_n_g-101014971069111%3A119653281011&s=electronics&sr=1-7532,False
"Roku Ultra 2024 (Renewed) – 4K Streaming Device with HDR10+, Dolby Vision & Atmos, Wi-Fi 6, Bluetooth, Rechargeable Voice Remote Pro with Backlit Buttons, Free & Live TV",TV & Home Entertainment,True,,TV & Home Entertainment,Networking,,Roku,/Roku-Ultra-2024-Renewed-Rechargeable/dp/B0FCS2YF8M/ref=sr_1_7587?dib=eyJ2IjoiMSJ9.h7HFj5iEyNGMU7B4QX-LUjXeOHz-Q99_LXoOpm6Ij6YJGOhSn4lmhYiCkfziODe_k-vhZbdxt1nP0gcM9J_9ZyWYh067qgicKmNTiYDP7uaOpdaWtMZntOOVwrc_IMBLLLA8Be2_oDpr_Sa0W4u4AsNoPId1kRSShvY-cldyt5CylQC9vlX1CsJD8y422URA51s_uE5TFjuyILrH1GmX4ugk8BV6_lFaF_wo4pKdKWfqVZf6x36hKzOGSrLlEygAdjGZ8PfCQkchfCbk2Kda3K4Y769WpvHlGFSyJe02aYw.8Poot0zGgtjL6nluWNly6c-OKH-gygd1cVVQm7En_WA&dib_tag=se&qid=1756096977&refinements=p_n_g-101014971069111%3A119653281011&s=electronics&sr=1-7587,True
StarTech.com 1U 19 inch Server Rack Rails - 24-36 inch Adjustable Depth - Universal 4 Post Rack Mount Rails - Network Equipment/Server/UPS Mounting Rail Kit HPE ProLiant Dell PowerEdge (UNIRAILS1UB),Computers & Laptops,False,"server rack mounting rails, closest to PC/server hardware",Computers & Laptops,Networking,77.99,Startech.Com,/StarTech-com-Server-Rails-Adjustable-Mounting/dp/B083N35SCZ/ref=sr_1_7490?dib=eyJ2IjoiMSJ9.OoQ2odEBDxOAyn6EpJ0tUy71yo190hIm6nfTPFdpYeU2uW_nKEyVl9FMkWMFHb6xMCAP86ZsiXf_As8T4FvMLSO96YUnkQFO8wPz-AskKUVt5Srb0IaNLO2TrX-y9l4Ui1eSt_uo3k1g8Mv5vafBK8VQ09zfQkurMEXyMGWZ5pk9av510kWiWN3tdin3Pfx0uFEy_Lm99KFhnccBJv8v4YD6DZtJ4C5fw_g3G2cw8s0uRgDepfo3fACGvcjrRBBHG-RrZIjdMUKq0UBHIt06IvLsXn_DD7lW5TI3oE0zx-A.nmWjt862Nlpp1nHvMWrvov_YkF24PXHOVmTCcDOXsyU&dib_tag=se&qid=1756096928&refinements=p_n_g-101014971069111%3A119653281011&s=electronics&sr=1-7490,True
"MSI Radix AXE6600 WiFi 6E Tri-Band Gaming Router, AI QoS, RGB, 1.8GHz Quad-Core Processor, MU-MIMO, Gigabit Wireless, 8-Stream, High Speed Long Range",Networking,True,,Networking,Computers & Laptops,109.59,Msi,/MSI-AXE6600-Tri-Band-Quad-Core-Processor/dp/B0BTQ637LJ/ref=sr_1_7483?dib=eyJ2IjoiMSJ9.OoQ2odEBDxOAyn6EpJ0tUy71yo190hIm6nfTPFdpYeU2uW_nKEyVl9FMkWMFHb6xMCAP86ZsiXf_As8T4FvMLSO96YUnkQFO8wPz-AskKUVt5Srb0IaNLO2TrX-y9l4Ui1eSt_uo3k1g8Mv5vafBK8VQ09zfQkurMEXyMGWZ5pk9av510kWiWN3tdin3Pfx0uFEy_Lm99KFhnccBJv8v4YD6DZtJ4C5fw_g3G2cw8s0uRgDepfo3fACGvcjrRBBHG-RrZIjdMUKq0UBHIt06IvLsXn_DD7lW5TI3oE0zx-A.nmWjt862Nlpp1nHvMWrvov_YkF24PXHOVmTCcDOXsyU&dib_tag=se&qid=1756096928&refinements=p_n_g-101014971069111%3A119653281011&s=electronics&sr=1-7483,True
"UBeesize 74"" Camera Tripod with Phone Holder and Remote, Heavy Duty Tripod Stand with Portable Bag for Phone and Camera, Compatible with DSLR Cameras, Cell Phones, Spotting Scopes and Binoculars",Cameras & Photography,True,,Cameras & Photography,Phone & Tablet Accessories,38.56,Ubeesize,/UBeesize-Portable-Compatible-Spotting-Binoculars/dp/B0CDQ5DZG7/ref=sr_1_7473?dib=eyJ2IjoiMSJ9.OoQ2odEBDxOAyn6EpJ0tUy71yo190hIm6nfTPFdpYeU2uW_nKEyVl9FMkWMFHb6xMCAP86ZsiXf_As8T4FvMLSO96YUnkQFO8wPz-AskKUVt5Srb0IaNLO2TrX-y9l4Ui1eSt_uo3k1g8Mv5vafBK8VQ09zfQkurMEXyMGWZ5pk9av510kWiWN3tdin3Pfx0uFEy_Lm99KFhnccBJv8v4YD6DZtJ4C5fw_g3G2cw8s0uRgDepfo3fACGvcjrRBBHG-RrZIjdMUKq0UBHIt06IvLsXn_DD7lW5TI3oE0zx-A.nmWjt862Nlpp1nHvMWrvov_YkF24PXHOVmTCcDOXsyU&dib_tag=se&qid=1756096928&refinements=p_n_g-101014971069111%3A119653281011&s=electronics&sr=1-7473,True
FREECOM-X/Spirit 2ND Helmet JBL KIT,Audio,False,motorcycle helmet Bluetooth communication kit,Other,Other,129.95,Freecom-X/Spirit,/Cardo-FREECOM-X-Spirit-2ND-Helmet/dp/B09PJSN61V/ref=sr_1_7477?dib=eyJ2IjoiMSJ9.OoQ2odEBDxOAyn6EpJ0tUy71yo190hIm6nfTPFdpYeU2uW_nKEyVl9FMkWMFHb6xMCAP86ZsiXf_As8T4FvMLSO96YUnkQFO8wPz-AskKUVt5Srb0IaNLO2TrX-y9l4Ui1eSt_uo3k1g8Mv5vafBK8VQ09zfQkurMEXyMGWZ5pk9av510kWiWN3tdin3Pfx0uFEy_Lm99KFhnccBJv8v4YD6DZtJ4C5fw_g3G2cw8s0uRgDepfo3fACGvcjrRBBHG-RrZIjdMUKq0UBHIt06IvLsXn_DD7lW5TI3oE0zx-A.nmWjt862Nlpp1nHvMWrvov_YkF24PXHOVmTCcDOXsyU&dib_tag=se&qid=1756096928&refinements=p_n_g-101014971069111%3A119653281011&s=electronics&sr=1-7477,False
"Presto 05450 DualDaddy Electric Deep Fryer, Black",Non-Electronics,True,,Other,Other,54.99,Presto,/Presto-05450-DualDaddy-Electric-Fryer/dp/B0000DAZ72/ref=sr_1_7478?dib=eyJ2IjoiMSJ9.OoQ2odEBDxOAyn6EpJ0tUy71yo190hIm6nfTPFdpYeU2uW_nKEyVl9FMkWMFHb6xMCAP86ZsiXf_As8T4FvMLSO96YUnkQFO8wPz-AskKUVt5Srb0IaNLO2TrX-y9l4Ui1eSt_uo3k1g8Mv5vafBK8VQ09zfQkurMEXyMGWZ5pk9av510kWiWN3tdin3Pfx0uFEy_Lm99KFhnccBJv8v4YD6DZtJ4C5fw_g3G2cw8s0uRgDepfo3fACGvcjrRBBHG-RrZIjdMUKq0UBHIt06IvLsXn_DD7lW5TI3oE0zx-A.nmWjt862Nlpp1nHvMWrvov_YkF24PXHOVmTCcDOXsyU&dib_tag=se&qid=1756096928&refinements=p_n_g-101014971069111%3A119653281011&s=electronics&sr=1-7478,False
"OnePlus Buds 3, Metallic Gray, Deep Bass, ANC, Immersive Sound, Up to 44 Hour Playtime with Charging case, Bluetooth 5.3",Audio,True,,Audio,Cables & Charging,86.0,Oneplus,/OnePlus-Metallic-Immersive-Playtime-Bluetooth/dp/B0CRZCMPMW/ref=sr_1_7519?dib=eyJ2IjoiMSJ9.87RuYDXUid1Z7PQ596adF8ruAfme-XE1eUt9ZVBi40XsrK1XwLEuyYOCPlPPNsmWALbBxMII6WrC6QQqno5Lb8CA-DBNhJEEgF8nTC8-LqMZ-kTBL8wTXx8waRCurVPE05G5u6Z3N0FdYsAYtZ9tinR8LihsQRNdY1dHvEvezcwRejWxDP6kjPXmPDFn9bX4RqkjscpM0-4xRmEqTfxLJyMXS4Z1hVjIi3pdj4fI9fZcNGbx9LDTpYdjyEyhjtClcSqEEfMYe2wxe0YbR65JpzXgqAmcOhZnyjjPBJ88t3E.lhWDYIeVhUT1UWnR4WJEZXDqEp875vnuqWW-hmQbSRo&dib_tag=se&qid=1756096952&refinements=p_n_g-101014971069111%3A119653281011&s=electronics&sr=1-7519,True
"Amazon Basics DisplayPort (4k@60Hz) to HDMI Female Converter (Not Compatible with a USB Port), Black, 9.25 x 0.87 x 0.47 in",Cables & Charging,True,,Monitors & Displays,Cables & Charging,12.34,Amazon,/AmazonBasics-DisplayPort-HDMI-Adapter-60Hz/dp/B08989D7RZ/ref=sr_1_7491?dib=eyJ2IjoiMSJ9.R9s9iwRwd6AnZGoggDE9tzf-jgjTHQ5TfzYWhZUnrtHJuZVOva5LLEsIeYxB31u_Jt9mIR-2YDDBGx9Mpm5-AitA8hW6Zcv3GeIoI3oR7J3QAdd5FhN3LZISgqetDYS4MBqitfcGaeceklCC0dIV5r0m99H5Q6FmpkcZhIuvaUF6xqk30JYLlVoilqQnWyiF9Sre1t2JEyG2QWphWUzYAl2nrAuw2TWxrtKIKTNXGWDrIKVDSMv4ElG6WAJy5rky9yAYYEwCKZxjJ2U7zFIhPQGY9fYJ9XIwfpeWvEzIXkk.ooqXlEI8Eh0bLxS_oM0MKoK_1DNg-MdknpghPzUKApA&dib_tag=se&qid=1756096938&refinements=p_n_g-101014971069111%3A119653281011&s=electronics&sr=1-7491,False
"VIVO Steel Universal Bracket Pole Mount with Removable 75mm and 100mm VESA Plate, Fits up to 30 inch Screens, Black, MOUNT-POLE01",Monitors & Displays,True,,Other,Other,24.99,Vivo,/VIVO-Universal-Bracket-Removable-MOUNT-POLE01/dp/B07N6MZHT5/ref=sr_1_7493?dib=eyJ2IjoiMSJ9.R9s9iwRwd6AnZGoggDE9tzf-jgjTHQ5TfzYWhZUnrtHJuZVOva5LLEsIeYxB31u_Jt9mIR-2YDDBGx9Mpm5-AitA8hW6Zcv3GeIoI3oR7J3QAdd5FhN3LZISgqetDYS4MBqitfcGaeceklCC0dIV5r0m99H5Q6FmpkcZhIuvaUF6xqk30JYLlVoilqQnWyiF9Sre1t2JEyG2QWphWUzYAl2nrAuw2TWxrtKIKTNXGWDrIKVDSMv4ElG6WAJy5rky9yAYYEwCKZxjJ2U7zFIhPQGY9fYJ9XIwfpeWvEzIXkk.ooqXlEI8Eh0bLxS_oM0MKoK_1DNg-MdknpghPzUKApA&dib_tag=se&qid=1756096938&refinements=p_n_g-101014971069111%3A119653281011&s=electronics&sr=1-7493,False
"Logitech Wireless Presenter R400, Wireless Presentation Remote Clicker with 50 ft Red Laser Pointer 910-001356",Office & School Supplies,False,"presentation clicker, no exact category",Other,Other,53.46,Logitech,/Logitech-Wireless-Presenter-Presentation-910-001356/dp/B002L3TSLQ/ref=sr_1_7640?dib=eyJ2IjoiMSJ9.rWfwh_CHcTzvC99c0r05DKEwE_Y3X-EwtcUXY55iNtJuOVhVO8C7V0eqZ_lwwcmnnxlyPpczyj1CQHlaqfIW4dSd67j9uPBPdX-xRdGW9N896F2JoN8Gf6kDgCJlxHtUkvo1t0GBv2X_3Dc7mRFv1nxZF50L5ZGeEWXwiSKOwCRv0JtvDEsqa41eB1UvI9jJzr5zSZ6yMm9MWTNKoJv0dy7GxTcMYECgSyQ272EolOfBgQq9TweN-1lh8vSWk6WAYdn6KyzoeG24LrdEU94LKv0ox8JhWuf2M4IwFSu08nk.uO63r2Hst48rAIYkJ0SrLBq7zFP3mCuqY1qTEZEacgY&dib_tag=se&qid=1756097015&refinements=p_n_g-101014971069111%3A119653281011&s=electronics&sr=1-7640,False
"LG 27-Inch StanbyME Go Portable Smart 1080P Touch Screen (27LX5QKNA, 2023 Model), Calming Beige",TV & Home Entertainment,False,portable smart touchscreen TV/monitor hybrid,Monitors & Displays,Other,1196.99,Lg,/LG-27-Inch-StanbyME-Portable-27LX5QKNA/dp/B0CF44ZMLG/ref=sr_1_7635?dib=eyJ2IjoiMSJ9.rWfwh_CHcTzvC99c0r05DKEwE_Y3X-EwtcUXY55iNtJuOVhVO8C7V0eqZ_lwwcmnnxlyPpczyj1CQHlaqfIW4dSd67j9uPBPdX-xRdGW9N896F2JoN8Gf6kDgCJlxHtUkvo1t0GBv2X_3Dc7mRFv1nxZF50L5ZGeEWXwiSKOwCRv0JtvDEsqa41eB1UvI9jJzr5zSZ6yMm9MWTNKoJv0dy7GxTcMYECgSyQ272EolOfBgQq9TweN-1lh8vSWk6WAYdn6KyzoeG24LrdEU94LKv0ox8JhWuf2M4IwFSu08nk.uO63r2Hst48rAIYkJ0SrLBq7zFP3mCuqY1qTEZEacgY&dib_tag=se&qid=1756097015&refinements=p_n_g-101014971069111%3A119653281011&s=electronics&sr=1-7635,False
"SAMSUNG Galaxy Tab S10 FE+ Plus w/S-Pen | 128GB, 8GB RAM, Wi-Fi Only | 13.1"" LCD, WiFi 6E Android 15 Tablet, 4K Camera | International Model X620 | 25W Fast Charger Bundle (Gray)",Phone & Tablet Accessories,True,,Phone & Tablet Accessories,Computers & Laptops,479.99,Samsung,/SAMSUNG-Galaxy-Android-International-Charger/dp/B0DYPPG924/ref=sr_1_7634?dib=eyJ2IjoiMSJ9.rWfwh_CHcTzvC99c0r05DKEwE_Y3X-EwtcUXY55iNtJuOVhVO8C7V0eqZ_lwwcmnnxlyPpczyj1CQHlaqfIW4dSd67j9uPBPdX-xRdGW9N896F2JoN8Gf6kDgCJlxHtUkvo1t0GBv2X_3Dc7mRFv1nxZF50L5ZGeEWXwiSKOwCRv0JtvDEsqa41eB1UvI9jJzr5zSZ6yMm9MWTNKoJv0dy7GxTcMYECgSyQ272EolOfBgQq9TweN-1lh8vSWk6WAYdn6KyzoeG24LrdEU94LKv0ox8JhWuf2M4IwFSu08nk.uO63r2Hst48rAIYkJ0SrLBq7zFP3mCuqY1qTEZEacgY&dib_tag=se&qid=1756097015&refinements=p_n_g-101014971069111%3A119653281011&s=electronics&sr=1-7634,True
"Metra 95-5817 Double-DIN Stereo Installation Dash Kit Fits Select 1995-2011 Ford, Lincoln, Mercury, and Mazda Vehicles",Car Electronics,True,,Car Electronics,Audio,14.72,Metra,/Metra-95-5817-Installation-1995-2008-Vehicles/dp/B0024L8I02/ref=sr_1_7602?dib=eyJ2IjoiMSJ9.ObhP9QPfEPVyx2gmJvApxDRvLkmSuBp6zwNnIAN9uZgRCIqSBljkCn2ZEb5gvnsuHUOcF-LJy4NdigB_WGfWY-LfNkrJzNlHEdXPq9c8yYnDrA-8AgRlbul9ZT7rnQXD9kPjSQhL6OaW5vfAgl2zZjb3sGc8w9dAorSriGQ4D5ZEePYAO3Qu_hJiS7tV504mpuY2rxcW4Cuhs169zn945Yyb4WbbCZf6UGJpvkOok8zuShdYeTRFPUjhr6xJz1PX0HjmYA2M2gOtZYuvxS-Ub46Xw94jdY466_ExYI0TJ_Y.8oRlYfrYMrEcrwbErEZi5RZJS1jZFsguGtHOxsFFq2w&dib_tag=se&qid=1756096990&refinements=p_n_g-101014971069111%3A119653281011&s=electronics&sr=1-7602,True
TP-Link TL-PI30G | IEEE 802.3at/af Gigabit PoE+ Injector | Non-PoE to PoE Adapter | Supplies up to 30W | Plug & Play | Desktop/Wall-Mount | Power Over Ethernet | Distance Up to 328 ft. | UL Certified,Networking,True,,Networking,Computers & Laptops,24.99,Tp-Link,/TP-Link-TL-PI30G-Injector-Wall-Mount-Certified/dp/B0DCXYXR71/ref=sr_1_7626?dib=eyJ2IjoiMSJ9.BWO2psOICCitdTp-K0BTYkpto2xyVPKAN_LrObdJJJGBSaNKm35FnQKRHAzOR_3MRYgUOmz3GywOB9fl65sVidxN0i2g_-U0dZS20bnIRqsVjTw32jVrqhlv6vAaBWgH5eQmlffxeEiqW1NxMqzawypeGC58qAUq1a2DSMaR68yj0JMTugIxbH2JGsU4OwfbTPx0UAJsbo-jxZs7ABNpyIAY-2-XE6okbD8ZJyHJFSaV8o3WMKdblF7FtCFpPXCqO7rPA-Otz56akvNt1o_Oy7g4G86JyCtlEq8beTnukQo.fOBvltl2W17uYQBvMMw75-0d7Eawcob_BRCIF1U3QI8&dib_tag=se&qid=1756097003&refinements=p_n_g-101014971069111%3A119653281011&s=electronics&sr=1-7626,True
"Cobra HGA 1500 Hga1500 36 Inch Magnetic Mount CB Antenna Heavy Duty Magnet, for use In Cars, SUVs Recreational Vehicles 300 Watt Power Handling Capability",Car Electronics,True,,Other,Other,49.95,Cobra,/Cobra-Hga1500-Magnetic-Mount-Antenna/dp/B00005N5X2/ref=sr_1_7617?dib=eyJ2IjoiMSJ9.BWO2psOICCitdTp-K0BTYkpto2xyVPKAN_LrObdJJJGBSaNKm35FnQKRHAzOR_3MRYgUOmz3GywOB9fl65sVidxN0i2g_-U0dZS20bnIRqsVjTw32jVrqhlv6vAaBWgH5eQmlffxeEiqW1NxMqzawypeGC58qAUq1a2DSMaR68yj0JMTugIxbH2JGsU4OwfbTPx0UAJsbo-jxZs7ABNpyIAY-2-XE6okbD8ZJyHJFSaV8o3WMKdblF7FtCFpPXCqO7rPA-Otz56akvNt1o_Oy7g4G86JyCtlEq8beTnukQo.fOBvltl2W17uYQBvMMw75-0d7Eawcob_BRCIF1U3QI8&dib_tag=se&qid=1756097003&refinements=p_n_g-101014971069111%3A119653281011&s=electronics&sr=1-7617,False
"Taramps HD 3000 1 Ohm 1 Channel 3000 Watts RMS MAX, Full Range Car Audio, Monoblock, LED Monitor Indicator, Class D Amplifier, Crossover, White 3k amp, Sound Quality",Audio,True,"car amplifier, labeled as what it is (amplifier)",Audio,Monitors & Displays,,Taramps,/Taramps-HD3000-1-Range-Monoblock-Amplifier/dp/B07Y3XNTPZ/ref=sr_1_7614?dib=eyJ2IjoiMSJ9.BWO2psOICCitdTp-K0BTYkpto2xyVPKAN_LrObdJJJGBSaNKm35FnQKRHAzOR_3MRYgUOmz3GywOB9fl65sVidxN0i2g_-U0dZS20bnIRqsVjTw32jVrqhlv6vAaBWgH5eQmlffxeEiqW1NxMqzawypeGC58qAUq1a2DSMaR68yj0JMTugIxbH2JGsU4OwfbTPx0UAJsbo-jxZs7ABNpyIAY-2-XE6okbD8ZJyHJFSaV8o3WMKdblF7FtCFpPXCqO7rPA-Otz56akvNt1o_Oy7g4G86JyCtlEq8beTnukQo.fOBvltl2W17uYQBvMMw75-0d7Eawcob_BRCIF1U3QI8&dib_tag=se&qid=1756097003&refinements=p_n_g-101014971069111%3A119653281011&s=electronics&sr=1-7614,True
"Garmin Catalyst, Driving Performance Optimizer with Real-time Coaching and Immediate Track Session Analysis, for Motorsports and High Performance Driving (010-02345-00) , Black , 6.95 inch",Car Electronics,False,in-car driving performance/GPS telemetry device,Other,Other,999.99,Garmin,/Garmin-Performance-Optimizer-Motorsports-010-02345-00/dp/B08G58D42M/ref=sr_1_7794?dib=eyJ2IjoiMSJ9.KGxyqQzabxUTeENxTitU-c9ZN5Yjdv2Y8qrQuyxuyjrI8pKVED8PvsouMTQdHWjqSE9qbZuTme-niFrHEIkRjtjzIS4F7ETMlP6XYR0ooVccy4EQPv0S2jZn_r-rA7iV3ijq3iwHC84T_Mz3uTaoVvn2PUR_R6tgIpXylRMQwq0rbw0ADO1gYzcvM-kixujiTo4Vp_QaBCrQuMVDv1fiiC4LxMaH1GoMwpJQEyjycHpG3jlIKomA152qjSfdhdIHSgQD0kJqjLfFyVTCgIT4Qua59BSMsiWnWKPUk7-ycaw.BSrh7z1_0ozCfgu9QJg_eQYUDitAXrmo96nzTM2qxSY&dib_tag=se&qid=1756097098&refinements=p_n_g-101014971069111%3A119653281011&s=electronics&sr=1-7794,False
"Mounting Dream UL Listed Full Motion Monitor Wall Mount TVs Bracket for 10-26 Inch LED, LCD Flat Screen TV and Monitor, TV Mount with Swivel Articulating Arm, Up to VESA 100x100mm and 33LBS MD2463",TV & Home Entertainment,True,,TV & Home Entertainment,Monitors & Displays,20.89,Mounting Dream,/Mounting-Dream-MD2463-Articulating-100x100mm/dp/B00ZKFRKIU/ref=sr_1_7710?dib=eyJ2IjoiMSJ9.XYEP912R_DD813OTf_hFkbxiXqDfxkynZMzyQLbiSC6B50WcDQyxo_bce4zvwjoCZ-sbmFYpPrajMGUONlIDKDQJZ2w8uR3YP-Z5quhec7_5qN7XoNh3Tp2GMm5XoJJgVD6n59MD8Uyv0aEUz1YJxoW6QaUKeyJqwVesuIK_kUAa46xgJCMn1i2jwa2DVZWmYRP1qlLDOv_iuq8YoeUZ11AElz6XoTcktpyeh3OITl9hXL6KYSULbEYuRVoalo4gIc9F4haFy4xGtdJQEE4F0djqFpgTg4S9cYW9O_JLfZ0.Hc4VmtlNUAOwXoXPrcuipfz38MdQBiwbXzWPkiSZr0I&dib_tag=se&qid=1756097056&refinements=p_n_g-101014971069111%3A119653281011&s=electronics&sr=1-7710,True
"Honeywell Intrusion 5800PIR-RES WIRLESS PIR, Residential",Smart Home & Wearables,True,,Networking,Other,28.95,Honeywell,/HONEYWELL-Intrusion-5800PIR-RES-WIRLESS-Residential/dp/B003U4R3IA/ref=sr_1_7742?dib=eyJ2IjoiMSJ9.dYMbNjAhnfvFK8lQ5KqV2pLQnv0m1ABTyEm_4c2Vh9b2pEyfj7cFM8ycvC1B-uYp-v7WNC1yXqZBV2uKSPCDaEAbqpS2Li3-TKMhwO6oG_RtVp-FVEb78cIvTEQHlwttCHsH6QRUWScIiHQBAEEGIBbzue6eciVypL-DSAZRdQdxq60sTiES-RFwhfk5T8TMSWtJRCwwjPgkcAS1eosPAZ0CEXLJyxNUm6Fqs1hwi7IQn36ZA1M7I6FFqnZ0AskC8ignXZhgnzEP3ijBeA89QsTx1bt-KQrCx_zPi9uqwQg.aDjjxSLipsNiXPQBDFxVajdd97JqXFL75hnr-mkQXMQ&dib_tag=se&qid=1756097071&refinements=p_n_g-101014971069111%3A119653281011&s=electronics&sr=1-7742,False
"Anker 727 Charging Station (GaNPrime 100W), Compact Power Strip for Travel, Work, 5 ft Detachable Extension Cord with 2 Outlets and 4 USB Ports, for iPhone 14, Samsung, iPad, MacBook (Not a Battery)",Power Strips & Surge Protectors,True,,Cables & Charging,Power Strips & Surge Protectors,,Anker,/Anker-Charging-GaNPrime-Detachable-Extension/dp/B09SG31NPT/ref=sr_1_7876?dib=eyJ2IjoiMSJ9.DsmQisXVA0GWRmkpdhTE7IlLMnj62Aq2uEiiCVqtYz4DB3MPw524nkGq6iCDrgIrv1rhp3IYsObMifKAvQ-qN_Heq34uUrimUG_w4WLyVpBb-NMwoxmswIjodeTGJ-SDIjpAlVANAyxQFnOTJZYfNHQ-NtLOOXF9RgOQE-iBOUBQ65umNheRCyt0JLKkfhJVsXWnZ3b6x_1-Ur4LqlyySA4nsgHSN0GnOIO2axJGCInSJjLT-jjCsnAOUUubZmYHew4wAE9gaRElLuds__oqreRIXxZF-Ov3a4MBL5CcHEQ.azR0IwmP38OdBexV_4ZWHbONca-nWDvR2Thz0ZuvQ6k&dib_tag=se&qid=1756097138&refinements=p_n_g-101014971069111%3A119653281011&s=electronics&sr=1-7876,False
"Taramps HD 3000 2 Ohms 1 Channel 3000 Watts RMS MAX Full Range Car Audio, Monoblock, LED Monitor Indicator, Class D Amplifier, Crossover, White 3k amp, Sound Quality",Audio,True,"car amplifier, labeled as what it is (amplifier)",Audio,Monitors & Displays,198.02,Taramps,/Taramps-HD3000-2-Range-Amplifier-Monoblock/dp/B07Y3TK3CS/ref=sr_1_7898?dib=eyJ2IjoiMSJ9.yXwgszTo0-JUldkk0KYiPARDQocuOHnwb1ST-s-c8g7PW4R8mOK_oAQ_nmpOjNaalmYh282ncu-OENpaePOsThV2SQZgnKzlJA7r1tX4mLYuBYIIlWidMf2GJHfkevvxg5975OPO0wf9pvY-qVMonV2dEgXOx187YXzAKUQFeyB9pa36lwNjpQT9WK_x4gw_QY_6ivTAoKFrHM0Do7x3cU9R1nC0RqpwU0dAveEYlu-nuWKuwFqmrq4yV0ZDa4jHaU5WXvlBmePhrdK_CCKqfbAstyWOygZfuDdU4SGXt5k.Cau9S4RbEXC8ilOC55f6maIdW3GE9glb58OWMJVhODQ&dib_tag=se&qid=1756097153&refinements=p_n_g-101014971069111%3A119653281011&s=electronics&sr=1-7898,True
Honeywell Ademco 5816WMWH White Door/Window Transmitter w/Magnet,Smart Home & Wearables,True,,Other,Other,34.6,Honeywell,/Honeywell-Ademco-5816WMWH-Window-Transmitter/dp/B002MA8GKW/ref=sr_1_7896?dib=eyJ2IjoiMSJ9.yXwgszTo0-JUldkk0KYiPARDQocuOHnwb1ST-s-c8g7PW4R8mOK_oAQ_nmpOjNaalmYh282ncu-OENpaePOsThV2SQZgnKzlJA7r1tX4mLYuBYIIlWidMf2GJHfkevvxg5975OPO0wf9pvY-qVMonV2dEgXOx187YXzAKUQFeyB9pa36lwNjpQT9WK_x4gw_QY_6ivTAoKFrHM0Do7x3cU9R1nC0RqpwU0dAveEYlu-nuWKuwFqmrq4yV0ZDa4jHaU5WXvlBmePhrdK_CCKqfbAstyWOygZfuDdU4SGXt5k.Cau9S4RbEXC8ilOC55f6maIdW3GE9glb58OWMJVhODQ&dib_tag=se&qid=1756097153&refinements=p_n_g-101014971069111%3A119653281011&s=electronics&sr=1-7896,False
"Pelican Electronic Organizer Travel Case - Portable Storage Bag with Multiple Storage Mesh Pockets for Cables, Chargers, Power Bank, AirPods - Cord Organizer and Airplane Travel Essentials Bag - Black",Bags & Cases,True,,Bags & Cases,Cables & Charging,23.99,Pelican,/Pelican-Electronic-Organizer-Travel-Case/dp/B0CV27K1Q1/ref=sr_1_7883?dib=eyJ2IjoiMSJ9.yXwgszTo0-JUldkk0KYiPARDQocuOHnwb1ST-s-c8g7PW4R8mOK_oAQ_nmpOjNaalmYh282ncu-OENpaePOsThV2SQZgnKzlJA7r1tX4mLYuBYIIlWidMf2GJHfkevvxg5975OPO0wf9pvY-qVMonV2dEgXOx187YXzAKUQFeyB9pa36lwNjpQT9WK_x4gw_QY_6ivTAoKFrHM0Do7x3cU9R1nC0RqpwU0dAveEYlu-nuWKuwFqmrq4yV0ZDa4jHaU5WXvlBmePhrdK_CCKqfbAstyWOygZfuDdU4SGXt5k.Cau9S4RbEXC8ilOC55f6maIdW3GE9glb58OWMJVhODQ&dib_tag=se&qid=1756097153&refinements=p_n_g-101014971069111%3A119653281011&s=electronics&sr=1-7883,True
"VIZIO 24"" Inches VHD24M-0810 Class V-Series HD (1080p) Smart LED TV - Full Array Backlighting, Smart TV with Apple AirPlay, Chromecast, Alexa Compatibility (Renewed)",TV & Home Entertainment,True,,Monitors & Displays,TV & Home Entertainment,98.0,Vizio,/VIZIO-Inches-VHD24M-0810-Class-1080p/dp/B0DJWLTKHW/ref=sr_1_7810?dib=eyJ2IjoiMSJ9.gWqOllXltoSHha4jP5J86TrELdzeCE4WlpLW6OGuk61haC4gU1iT0JUy0V2a58fjDu0skavvGUryf8ppx28hmoDf5E14dmwZUff4IdR037aidthBTlz3ypvMT1TOmQn4gxhjboemD2wWmO3VzC1mDbTaq0Veyl0VvjaTLX2mjSB5tXv429xYHCILv8qisRn38L2hw_zueLiv4wHPIGxhb1IH4Xi8Mvw7L1VzcyzYa6lWAt-pflcuOpA5yr0upZZxXiuz2Dk7xwfm15tDuGztMEpKqLu3joLcwrW_14SJfGw.I-03xqA1QTEpW4TY0Q6ciF_qyEQCS88yCkXiC5EutV4&dib_tag=se&qid=1756097111&refinements=p_n_g-101014971069111%3A119653281011&s=electronics&sr=1-7810,False
Blackmagic Design ATEM Mini Extreme HDMI Live Stream Switcher (SWATEMMINICEXT),Cameras & Photography,False,"video stream switcher, closest to video production gear",Cables & Charging,Cables & Charging,1095.0,Blackmagic,/Blackmagic-Design-ATEM-Extreme-Switcher/dp/B08WWXFZ5W/ref=sr_1_7807?dib=eyJ2IjoiMSJ9.gWqOllXltoSHha4jP5J86TrELdzeCE4WlpLW6OGuk61haC4gU1iT0JUy0V2a58fjDu0skavvGUryf8ppx28hmoDf5E14dmwZUff4IdR037aidthBTlz3ypvMT1TOmQn4gxhjboemD2wWmO3VzC1mDbTaq0Veyl0VvjaTLX2mjSB5tXv429xYHCILv8qisRn38L2hw_zueLiv4wHPIGxhb1IH4Xi8Mvw7L1VzcyzYa6lWAt-pflcuOpA5yr0upZZxXiuz2Dk7xwfm15tDuGztMEpKqLu3joLcwrW_14SJfGw.I-03xqA1QTEpW4TY0Q6ciF_qyEQCS88yCkXiC5EutV4&dib_tag=se&qid=1756097111&refinements=p_n_g-101014971069111%3A119653281011&s=electronics&sr=1-7807,False
Gator Frameworks Desktop Microphone Stand with Round Weighted Base & Adjustable Height (GFW-MIC-0501),Audio,True,,Audio,Computers & Laptops,15.99,Gator,/Gator-Frameworks-Microphone-Adjustable-GFW-MIC-0501/dp/B08VC446S3/ref=sr_1_7830?dib=eyJ2IjoiMSJ9.gWqOllXltoSHha4jP5J86TrELdzeCE4WlpLW6OGuk61haC4gU1iT0JUy0V2a58fjDu0skavvGUryf8ppx28hmoDf5E14dmwZUff4IdR037aidthBTlz3ypvMT1TOmQn4gxhjboemD2wWmO3VzC1mDbTaq0Veyl0VvjaTLX2mjSB5tXv429xYHCILv8qisRn38L2hw_zueLiv4wHPIGxhb1IH4Xi8Mvw7L1VzcyzYa6lWAt-pflcuOpA5yr0upZZxXiuz2Dk7xwfm15tDuGztMEpKqLu3joLcwrW_14SJfGw.I-03xqA1QTEpW4TY0Q6ciF_qyEQCS88yCkXiC5EutV4&dib_tag=se&qid=1756097111&refinements=p_n_g-101014971069111%3A119653281011&s=electronics&sr=1-7830,True
"SilverStone Technology RM44 4U Rackmount Server Chassis with Enhanced Liquid Cooling Capability (up to 360mm Radiator), SST-RM44",Computers & Laptops,True,,Computers & Laptops,Other,,Silverstone,/SilverStone-Technology-Rackmount-Capability-SST-RM44/dp/B0BFC8FZ8B/ref=sr_1_7992?dib=eyJ2IjoiMSJ9.eKwf8fIvnsQUQfq-n1d6yj-COq1mNWDf04nvR2o5M3rioejNpN33Dox9tckP93xfdwnI7csEsdje6EYQMaTIfdnfXl-tArjPMiRrYAUsvlDe-GeiZFd6ofxoRZjT4RYTfTsEoNMI0UM7p6ogixTa9Y8rS_vt2-E0xnCUWZ-MnNg9dwJ8Qy__bDuunWKJ_y5RBxX_Y0ExaPZzuB2kBo87YxbM6ma1eRkOFv6b0vYhyrt4z9DPsTP6WR4T7FqoeDa_65otmwAQtCV9V5s1fTTiZ7dqpoWWfwxve_e1gAD4VSw.zcX_EvRnyJh-eZMPO9hc8OlB9MTon3u3oTdn5az4G6g&dib_tag=se&qid=1756097210&refinements=p_n_g-101014971069111%3A119653281011&s=electronics&sr=1-7992,True
"SIRIUS-XM SXV300V1 SiriusConnect(TM) Vehicle Tuner Computers, Electronics, Office Supplies, Computing",Car Electronics,False,"vehicle satellite radio tuner, could also be Audio",Other,Other,59.0,Siriusxm,/SIRIUS-XM-SiriusConnect-Computers-Electronics-Computing/dp/B01CO281Y8/ref=sr_1_7968?dib=eyJ2IjoiMSJ9.gWcf0ib7nFm8_W53Co4EbjvxW7kOq2grFZyn_-ZmdtzemOuRuGcJQMR3ZvPn6MBa5NlPSi-zT44vwDtg-FVHFXj-k8jDZHgznGma3ouVM1wQTnxdx-Je9fn7UFORK4_JAEYKEf8FRp3vuwAPHxK4AbgTU-3RorA3odxaP9yDppXaH6QqkPRrBA2qZamk9iQ_Dw-wmiT_S6S4Aw2exouJvdDjQgvusKdwSQRu869ZIPjszi4OrtFC_N23Uf0VwvPG3vWo-FHlml8AoXDjb5JdXdeDTb1DWvQOqu2wvCiV3kU.Xs3fY6HT305RcuSgSANdHFZAeO6zJc1HIe4sVnk_iQY&dib_tag=se&qid=1756097195&refinements=p_n_g-101014971069111%3A119653281011&s=electronics&sr=1-7968,False
"AINOPE 2 Pack USB Extensions Cable High Speed USB 3.0 Extension Cord Type A Male to Female Sturdy Braided Material Fast Data Transfer Compatible with USB Keyboard,Mouse,Flash Drive,Grey,3.3FT+3.3FT",Cables & Charging,True,,Cables & Charging,Power Strips & Surge Protectors,12.99,Ainope,/AINOPE-Extension-Material-Transfer-Compatible/dp/B07VSG93G3/ref=sr_1_7969?dib=eyJ2IjoiMSJ9.eKwf8fIvnsQUQfq-n1d6yj-COq1mNWDf04nvR2o5M3rioejNpN33Dox9tckP93xfdwnI7csEsdje6EYQMaTIfdnfXl-tArjPMiRrYAUsvlDe-GeiZFd6ofxoRZjT4RYTfTsEoNMI0UM7p6ogixTa9Y8rS_vt2-E0xnCUWZ-MnNg9dwJ8Qy__bDuunWKJ_y5RBxX_Y0ExaPZzuB2kBo87YxbM6ma1eRkOFv6b0vYhyrt4z9DPsTP6WR4T7FqoeDa_65otmwAQtCV9V5s1fTTiZ7dqpoWWfwxve_e1gAD4VSw.zcX_EvRnyJh-eZMPO9hc8OlB9MTon3u3oTdn5az4G6g&dib_tag=se&qid=1756097210&refinements=p_n_g-101014971069111%3A119653281011&s=electronics&sr=1-7969,True
Yamaha Viola Bow FC5,Non-Electronics,True,,Audio,Other,,Yamaha,/Yamaha-FC5-Compact-Portable-Keyboards/dp/B00005ML71/ref=sr_1_7971?dib=eyJ2IjoiMSJ9.eKwf8fIvnsQUQfq-n1d6yj-COq1mNWDf04nvR2o5M3rioejNpN33Dox9tckP93xfdwnI7csEsdje6EYQMaTIfdnfXl-tArjPMiRrYAUsvlDe-GeiZFd6ofxoRZjT4RYTfTsEoNMI0UM7p6ogixTa9Y8rS_vt2-E0xnCUWZ-MnNg9dwJ8Qy__bDuunWKJ_y5RBxX_Y0ExaPZzuB2kBo87YxbM6ma1eRkOFv6b0vYhyrt4z9DPsTP6WR4T7FqoeDa_65otmwAQtCV9V5s1fTTiZ7dqpoWWfwxve_e1gAD4VSw.zcX_EvRnyJh-eZMPO9hc8OlB9MTon3u3oTdn5az4G6g&dib_tag=se&qid=1756097210&refinements=p_n_g-101014971069111%3A119653281011&s=electronics&sr=1-7971,False
"Kensington VeriMark™ Gen2 USB-A Fingerprint Key Reader - Windows Hello & Windows Hello for Business, Tap and Go, Anti-Spoofing (K64704WW)",Computers & Laptops,False,"USB fingerprint reader for PC login, no exact category",Other,Other,57.38,Kensington,/Kensington-VeriMark-Fingerprint-Key-Business/dp/B07W8W74QR/ref=sr_1_7902?dib=eyJ2IjoiMSJ9.DYBOxVoGB4Igeh9m5InMwcOOBYzDwE3sU6vYb9FXdqiGAVy8pZbOEW-mbX12AX1Lmgcwq23cgBUifaPlAz6bvaaKq1HHSEbr6lPmlvAI27B384L2mC8nhAcySG6HowmcenukBflD8vimvf3jg8hfyAz1_YEuHEFYQLeaGJsQ62CljoL8S-OH99deh4E8I8o14RWnbnSv3Cv4lxoo1-tjaFpEfwvqXNCXW7uj7duT5gHEG0lr5JqToNaikIuWRh83-Gdf85UQUfzdhh_ueLAJ6wL8cWzvbvCc2RoWVEB0TAU.8dG7Kjtw11EKFoA_TyKZVUMltTYa-dBJXow6iIiIjag&dib_tag=se&qid=1756097165&refinements=p_n_g-101014971069111%3A119653281011&s=electronics&sr=1-7902,False
"UGREEN USB C to USB C 3.2 Gen 2 Cable, 4K Video Monitor Display USB C Cable 10Gbps Data Transfer, 240W PD Fast Charging for iPhone 16/15, Samsung Galaxy S24/S23, MacBook Pro, iPad Pro, Dell XPS, 3.3FT",Cables & Charging,True,,Cables & Charging,Monitors & Displays,14.99,Ugreen,/UGREEN-Delivery-Compatible-Matebook-Chromebook/dp/B082X5QY91/ref=sr_1_8074?dib=eyJ2IjoiMSJ9.vuBQMwdpAzRnVh0J6bjsCv4ACMCagjcWTYifJaWBgEo5THJMHrpimuBB3QbbHd4bCxZZZ76ZWZorgfqZDiihNzynr05OLVaun9ASypmajOrAaYRHU3B-8V94VYU9fIGmdeQqkapjJUgH0EkJMm4fB9Ty55-cHVHN0UNWpJXv8YZOYOIPdMvwQvHI7CoNhilZkaqa5uxHcIXzAk8jcgGW0ROkQhYv6Nz8PUTMf78fOqDwr3gG9IaVN3an7lfXJJoFRMzl-K77JU7jEdBoKWsamiNa7Yrjk7yHi2iEVWMipTA.ABVuAJm3Whp7mYgshnA3IHxYaoYss7-lK7hP9s4vjc4&dib_tag=se&qid=1756097261&refinements=p_n_g-101014971069111%3A119653281011&s=electronics&sr=1-8074,True
"GVM Great Video Maker LED Ring Light 5600K Selfie Light, Smartphone Video Rig & Phone Video Stabilizer for Camera, Smartphone, Makeup, YouTube Setup, Self-Portrait Shooting with Bluetooth",Cameras & Photography,True,,Cameras & Photography,Phone & Tablet Accessories,65.98,Gvm,/GVM-Smartphone-Video-Stabilizer-Self-Portrait/dp/B07XY5LLQ7/ref=sr_1_8080?dib=eyJ2IjoiMSJ9.vuBQMwdpAzRnVh0J6bjsCv4ACMCagjcWTYifJaWBgEo5THJMHrpimuBB3QbbHd4bCxZZZ76ZWZorgfqZDiihNzynr05OLVaun9ASypmajOrAaYRHU3B-8V94VYU9fIGmdeQqkapjJUgH0EkJMm4fB9Ty55-cHVHN0UNWpJXv8YZOYOIPdMvwQvHI7CoNhilZkaqa5uxHcIXzAk8jcgGW0ROkQhYv6Nz8PUTMf78fOqDwr3gG9IaVN3an7lfXJJoFRMzl-K77JU7jEdBoKWsamiNa7Yrjk7yHi2iEVWMipTA.ABVuAJm3Whp7mYgshnA3IHxYaoYss7-lK7hP9s4vjc4&dib_tag=se&qid=1756097261&refinements=p_n_g-101014971069111%3A119653281011&s=electronics&sr=1-8080,True
"Energizer 357/303 (SR44W, SR44SW, EPX76) Silver Oxide Multi Drain Watch Battery. On Tear Strip (Pack of 5)",Batteries,True,,Printers & Ink,Batteries,9.98,Energizer,/Energizer-SR44W-SR44SW-Silver-Battery/dp/B00I9KYB94/ref=sr_1_8065?dib=eyJ2IjoiMSJ9.vuBQMwdpAzRnVh0J6bjsCv4ACMCagjcWTYifJaWBgEo5THJMHrpimuBB3QbbHd4bCxZZZ76ZWZorgfqZDiihNzynr05OLVaun9ASypmajOrAaYRHU3B-8V94VYU9fIGmdeQqkapjJUgH0EkJMm4fB9Ty55-cHVHN0UNWpJXv8YZOYOIPdMvwQvHI7CoNhilZkaqa5uxHcIXzAk8jcgGW0ROkQhYv6Nz8PUTMf78fOqDwr3gG9IaVN3an7lfXJJoFRMzl-K77JU7jEdBoKWsamiNa7Yrjk7yHi2iEVWMipTA.ABVuAJm3Whp7mYgshnA3IHxYaoYss7-lK7hP9s4vjc4&dib_tag=se&qid=1756097261&refinements=p_n_g-101014971069111%3A119653281011&s=electronics&sr=1-8065,False
Line 6 Relay G10TII (Digital Wireless Guitar Transmitter),Audio,True,"wireless guitar transmitter, audio equipment",Other,Other,109.99,Line,/Line-Digital-Wireless-Guitar-Transmitter/dp/B08TG548GL/ref=sr_1_8068?dib=eyJ2IjoiMSJ9.HsalYPZM9Nx0XAti0BFrV63WnoY9Qr7LCzt4wdYbRrUkRh4hJHTX4oeChoQVMfJTz4XUhfmFH_QEEN5mEmdklSqhSyqhypP_a5CanTR_Jlvz-egDQ3eyRFwBpUM679_IX5Tdw_n5ssb89TI709Av5jPx9FwXTZ3CToMNfbnJdPo9f6PtQlnzcDnXe8--mt1Su5fX4hz0zJ1lURmbsLxzmZmE1PvcWXCgKP2x2lTgsV4dhVQFpB-t5_s9FHCRSTYLa6S-1H-Ndtqmjx3UZpkq6wop6A2jFcjt4Dn_uOWkQQU.kcEyC1sJZE92kJP0h0zKMdakOVHZCnVSLbbdm00OY8o&dib_tag=se&qid=1756097250&refinements=p_n_g-101014971069111%3A119653281011&s=electronics&sr=1-8068,False
"Dell 1.2TB 10K 12GB/s SAS 2.5"" Hard Drive for R630 R730 R730XD (WXPCX)",Storage & Memory Cards,True,,Computers & Laptops,Storage & Memory Cards,62.0,Dell,/Dell-1-2TB-Drive-R730XD-WXPCX/dp/B01LXGGRWA/ref=sr_1_8110?dib=eyJ2IjoiMSJ9.NjLnQDE6dEedVRljtcW-FciOeALqZQvZvfBeylo-sDp1_E1ASgpCXNTVlXWahwDF9vQqcyQC26WAU50kP9Z6dLqzhjgFPJYN_HwjOUPOITzfch2LuS_2wIiu1cLhnDP0zNYP18AeT2DSt6VAZjg0AbgCJ4K815aHVse4NotqvnjzSuZqZ2_G6IR202ZdidGimH3q3bqZJot4DSQvlc0qQBkPCs2Hp0bEH694zq4qVGhJpUqbOoJabY24HcJAFy2Vv3bDj0nPVcpCoFuLELoJ4WnMXg7mtiOOFSwvL7AieUQ.vQU6HeLX59DOoErWblP_7TFoWV9bA4BSGun95Qs0x-o&dib_tag=se&qid=1756097273&refinements=p_n_g-101014971069111%3A119653281011&s=electronics&sr=1-8110,False
Sony FE 2.0x Teleconverter,Cameras & Photography,True,,TV & Home Entertainment,Cameras & Photography,598.0,Sony,/Sony-SEL20TC-FE-2-0x-Teleconverter/dp/B01IALYH7C/ref=sr_1_8114?dib=eyJ2IjoiMSJ9.NjLnQDE6dEedVRljtcW-FciOeALqZQvZvfBeylo-sDp1_E1ASgpCXNTVlXWahwDF9vQqcyQC26WAU50kP9Z6dLqzhjgFPJYN_HwjOUPOITzfch2LuS_2wIiu1cLhnDP0zNYP18AeT2DSt6VAZjg0AbgCJ4K815aHVse4NotqvnjzSuZqZ2_G6IR202ZdidGimH3q3bqZJot4DSQvlc0qQBkPCs2Hp0bEH694zq4qVGhJpUqbOoJabY24HcJAFy2Vv3bDj0nPVcpCoFuLELoJ4WnMXg7mtiOOFSwvL7AieUQ.vQU6HeLX59DOoErWblP_7TFoWV9bA4BSGun95Qs0x-o&dib_tag=se&qid=1756097273&refinements=p_n_g-101014971069111%3A119653281011&s=electronics&sr=1-8114,False
Southwire MH8010 Wire Smart Hand Caddy for Spooled Wire,Non-Electronics,True,,Other,Other,25.6,Southwire,/Southwire-MH8010-Smart-Caddy-Spooled/dp/B01CW3C4GA/ref=sr_1_8116?dib=eyJ2IjoiMSJ9.NjLnQDE6dEedVRljtcW-FciOeALqZQvZvfBeylo-sDp1_E1ASgpCXNTVlXWahwDF9vQqcyQC26WAU50kP9Z6dLqzhjgFPJYN_HwjOUPOITzfch2LuS_2wIiu1cLhnDP0zNYP18AeT2DSt6VAZjg0AbgCJ4K815aHVse4NotqvnjzSuZqZ2_G6IR202ZdidGimH3q3bqZJot4DSQvlc0qQBkPCs2Hp0bEH694zq4qVGhJpUqbOoJabY24HcJAFy2Vv3bDj0nPVcpCoFuLELoJ4WnMXg7mtiOOFSwvL7AieUQ.vQU6HeLX59DOoErWblP_7TFoWV9bA4BSGun95Qs0x-o&dib_tag=se&qid=1756097273&refinements=p_n_g-101014971069111%3A119653281011&s=electronics&sr=1-8116,False
Texas Instruments XXBT-KT-B Rechargeable Battery without Wire,Batteries,True,,Batteries,Office & School Supplies,,Texas Instruments,/Texas-Instruments-XXBT-KT-B-Rechargeable-Battery/dp/B0753M329K/ref=sr_1_8117?dib=eyJ2IjoiMSJ9.NjLnQDE6dEedVRljtcW-FciOeALqZQvZvfBeylo-sDp1_E1ASgpCXNTVlXWahwDF9vQqcyQC26WAU50kP9Z6dLqzhjgFPJYN_HwjOUPOITzfch2LuS_2wIiu1cLhnDP0zNYP18AeT2DSt6VAZjg0AbgCJ4K815aHVse4NotqvnjzSuZqZ2_G6IR202ZdidGimH3q3bqZJot4DSQvlc0qQBkPCs2Hp0bEH694zq4qVGhJpUqbOoJabY24HcJAFy2Vv3bDj0nPVcpCoFuLELoJ4WnMXg7mtiOOFSwvL7AieUQ.vQU6HeLX59DOoErWblP_7TFoWV9bA4BSGun95Qs0x-o&dib_tag=se&qid=1756097273&refinements=p_n_g-101014971069111%3A119653281011&s=electronics&sr=1-8117,True
"Original Mini 3 Pro Fly More Kit Plus for DJI Mini 3,Original Accessories (Plus version（Battery life 47-min）)",Cameras & Photography,True,,Cameras & Photography,Batteries,235.0,Original,/Original-DJI-Accessories-Version%EF%BC%88Battery-47-min%EF%BC%89/dp/B09VKGNSZK/ref=sr_1_8098?dib=eyJ2IjoiMSJ9.NjLnQDE6dEedVRljtcW-FciOeALqZQvZvfBeylo-sDp1_E1ASgpCXNTVlXWahwDF9vQqcyQC26WAU50kP9Z6dLqzhjgFPJYN_HwjOUPOITzfch2LuS_2wIiu1cLhnDP0zNYP18AeT2DSt6VAZjg0AbgCJ4K815aHVse4NotqvnjzSuZqZ2_G6IR202ZdidGimH3q3bqZJot4DSQvlc0qQBkPCs2Hp0bEH694zq4qVGhJpUqbOoJabY24HcJAFy2Vv3bDj0nPVcpCoFuLELoJ4WnMXg7mtiOOFSwvL7AieUQ.vQU6HeLX59DOoErWblP_7TFoWV9bA4BSGun95Qs0x-o&dib_tag=se&qid=1756097273&refinements=p_n_g-101014971069111%3A119653281011&s=electronics&sr=1-8098,True
"Dell Laptop Charger GAN 130W USB C Type C AC Adapter,XPS 15 9520 9530 XPS 17 9720 9730 AC Charger, Black, HA130PM170",Cables & Charging,True,,Cables & Charging,Computers & Laptops,63.1,Dell,/Dell-Laptop-Charger-Adapter-HA130PM170/dp/B0CZLKL5N7/ref=sr_1_8025?dib=eyJ2IjoiMSJ9.U__pzz1hFB0HP2bqHfjSwHNHLBaLg6Q0IXqZbqko-l3lyF2nguHDsqM-ajepmdZkwov2Xrhu6NaC05GndpFAtSWUz584slOS1MRa02KUpdgbh_HcdsjMMdmvYQwNH_Sqy2idV4yGr7aJr5LNCRU6gorwwqsPQRgKdLkOZ3iifQkRf7VImTipecR15QlJXrl0zTpOgjkmaAqsFqhvccybfQfVRsy0AJvdBm2osZP5mHcYYGS0TpsS3uvRtVBbbsh1ERIfL1h4re3HSsJdiZXcSgHXoLFX8tRtdgnyh2jnkyU._FtO0cHXFmtSJcecacRgog6Lomd2mwH77rqQb1aA7sM&dib_tag=se&qid=1756097237&refinements=p_n_g-101014971069111%3A119653281011&s=electronics&sr=1-8025,True
SanDisk ImageMate PRO USB-C Reader/Writer - SDDR-A631-GNGNN,Storage & Memory Cards,True,,Storage & Memory Cards,Cables & Charging,38.47,Sandisk,/SanDisk-ImageMate-USB-C-Reader-Writer/dp/B084CXXBD9/ref=sr_1_8174?dib=eyJ2IjoiMSJ9.uVd33Isni9jKyaHVe-qTlgd6UBIE-M6jyX8rWVFqkIjVChslYGZUACwvRJWJtRxKbhVemdaMdzLYb8-SBM2lNOkqPAbgyU3Z1iT_ibHkgHmOxEoyaf_rBVMn1XKh4aerYY_XlIcn9yaHy72OgAh3hrnscp-sLO-qI1UnJ36gKd8JtadHDeW-abHY9jtxNSXxFbqkJqVIqsTcnMXVPjjr2HvY6-HrVa1as-8Ej8lfUntK6pagcQ-6OF8a5vF5XNdrnbgWzOl3TvPx2udF5cWT7Sq3KwCucbGv375daZir8mc.ui2Q7Ct0P6UKX_FxRY9IlpXoeCmCpH95iDb7lomj5-Q&dib_tag=se&qid=1756097314&refinements=p_n_g-101014971069111%3A119653281011&s=electronics&sr=1-8174,True
Klipsch Reference Cinema Dolby Atmos 5.1.4 System,Audio,True,,Other,Other,,Klipsch,/Klipsch-Reference-Cinema-Dolby-System/dp/B097CJYZHD/ref=sr_1_8162?dib=eyJ2IjoiMSJ9.uVd33Isni9jKyaHVe-qTlgd6UBIE-M6jyX8rWVFqkIjVChslYGZUACwvRJWJtRxKbhVemdaMdzLYb8-SBM2lNOkqPAbgyU3Z1iT_ibHkgHmOxEoyaf_rBVMn1XKh4aerYY_XlIcn9yaHy72OgAh3hrnscp-sLO-qI1UnJ36gKd8JtadHDeW-abHY9jtxNSXxFbqkJqVIqsTcnMXVPjjr2HvY6-HrVa1as-8Ej8lfUntK6pagcQ-6OF8a5vF5XNdrnbgWzOl3TvPx2udF5cWT7Sq3KwCucbGv375daZir8mc.ui2Q7Ct0P6UKX_FxRY9IlpXoeCmCpH95iDb7lomj5-Q&dib_tag=se&qid=1756097314&refinements=p_n_g-101014971069111%3A119653281011&s=electronics&sr=1-8162,False
"Garmin 010-02427-00 Venu Sq, GPS Smartwatch with Bright Touchscreen Display, Up to 6 Days of Battery Life, Slate (Renewed)",Smart Home & Wearables,True,,Smart Home & Wearables,Monitors & Displays,,Garmin,/Garmin-010-02427-00-Smartwatch-Touchscreen-Display/dp/B093THNY4C/ref=sr_1_8131?dib=eyJ2IjoiMSJ9.eMnPjnYHFNcBhKRrIv3qLqbPHDPiuiIROipn8P2ipkCtbDH4z5juOo5n7ak9pNj3_IFjE2iTBvLnuD9sgy9Gvl3KT8BQOpoaQmV-yWE80UoAyX92gzrAepW-9Oe6Q_RwJGNP1vfcykOzGOhDDhuBgOHKCrbWJY-3xtLG2N7_Otjm97f2bzf8amBmXuw03Wh_6ZT3T97szeygWRqvWkT7vwk_D2BnMt127PU6vQ2c_vKWhKNWaPSevpEFB7g5Zy8Xo0B9WeuLmltOFHehHBafRBSTbxRkjqwhjD7BbNwfsq0.8PHfEi4BgIBrW8_1wkWyYo8trsfRwDF0QZ5_zufDU2c&dib_tag=se&qid=1756097286&refinements=p_n_g-101014971069111%3A119653281011&s=electronics&sr=1-8131,True
Synology DS224+ 2-Bay Diskstation NAS (Intel Celeron J4125 4-Core 2.0 GHz 2GB DDR4 RAM 2xRJ-45 1GbE LAN-Port) 8TB Bundle with 2X 4TB WD Red Plus,Storage & Memory Cards,True,,Storage & Memory Cards,Computers & Laptops,702.85,Synology,/Synology-Diskstation-Celeron-2xRJ-45-LAN-Port/dp/B0CF66C21J/ref=sr_1_8287?dib=eyJ2IjoiMSJ9.B_YyFshlcIdtaK4mSEj3tC122Mc4dmGwQ9ZzxkkEA1Tk3J3iOWJxjU-r4eeGrVa8LGEoJOYYHtPNXg1H2rdLrQ_MW8RR2IqNSSEQXZRV7CxLqUxhkirqpAuOHpHbDuJr2LbHRi6usN5ul3xhYCDNv3AwQDeG7sm5LH8MaCtgt9FZa631Y6ngTthqeIgQRElJrggI5Vm1t78X51wRXHNqZLGFEtPsg6dn4j5oV-VHrhdMxsssJ_8u418IsmBd7CC_Vz-VM_NMP_q5WiHVpbLyf21R1ulkaiX1nqkOsmPd8zw.iQOMomTdZ4t06dTIXW4iMokMJMWuF8V9V8MzFUt6F9I&dib_tag=se&qid=1756097379&refinements=p_n_g-101014971069111%3A119653281011&s=electronics&sr=1-8287,True
Kate Spade New York Designer Interchangeable Stainless Steel Band Compatible with Your 38/40/41mm Apple Watch Series 9/8/7/6/5/4/3/2/1/SE,Smart Home & Wearables,True,,Smart Home & Wearables,Other,127.99,Kate,/kate-spade-new-york-stainless/dp/B085SWQR86/ref=sr_1_8296?dib=eyJ2IjoiMSJ9.B_YyFshlcIdtaK4mSEj3tC122Mc4dmGwQ9ZzxkkEA1Tk3J3iOWJxjU-r4eeGrVa8LGEoJOYYHtPNXg1H2rdLrQ_MW8RR2IqNSSEQXZRV7CxLqUxhkirqpAuOHpHbDuJr2LbHRi6usN5ul3xhYCDNv3AwQDeG7sm5LH8MaCtgt9FZa631Y6ngTthqeIgQRElJrggI5Vm1t78X51wRXHNqZLGFEtPsg6dn4j5oV-VHrhdMxsssJ_8u418IsmBd7CC_Vz-VM_NMP_q5WiHVpbLyf21R1ulkaiX1nqkOsmPd8zw.iQOMomTdZ4t06dTIXW4iMokMJMWuF8V9V8MzFUt6F9I&dib_tag=se&qid=1756097379&refinements=p_n_g-101014971069111%3A119653281011&s=electronics&sr=1-8296,True
"Nanit Travel Case – Protective Hard Shell Carrying Case for Nanit Pro Baby Monitor and Multi-Stand Travel Accessory, Blue",Bags & Cases,True,,Bags & Cases,Other,20.99,Nanit,,True
"Uniden LRDACWM044 Radar Detector Smart Power Cord w/Mute Button and USB Charging for R1, R3, R7, & DFR Series, 12V DC Cig Adapter",Car Electronics,True,,Cables & Charging,Car Electronics,31.98,Uniden,/Uniden-LRDACWM044-Radar-Detector-Adapter/dp/B07Q41PT72/ref=sr_1_8333?dib=eyJ2IjoiMSJ9.l1gHLSXCEMhr7BX2dmFCSrI0scj15YTpeSvfxhC4vL1ZrWGP0hSR8Y91M1W8W3cCaiQmZtmQYNT3XDW0dk-J8gwsyUSrVpow7WBy_UKfhjmZ1PTnk-gdZNE9d_OUVPYOjqb61qFUGMJzJob0ZFBCsswOE1ozPlwEkNYORKEXIONwKzS0I1CSKfJnmlb1J0mTtf5jqIt12yROzMRtxv5Gtxdu0Zt747eUZEfyKEZjLCC4vTQ6h1lNCxQJ8yqjXhRnvNDazjN7gwHuB9SVtte6LhHwjbnBlDWaPHonFUo4h6A.7TWslzcZWVcJV7y5zI7vnUxeGUiqQnRuLd6okz5vEUM&dib_tag=se&qid=1756097389&refinements=p_n_g-101014971069111%3A119653281011&s=electronics&sr=1-8333,False
"BAGSMART 15.6-16 inch Laptop Computer Case with Strap,Shockproof Waterproof Laptop Bag with Sturdy Handle,Carrying Laptop Sleeve for 15"" Dell,HP,MacBook Pros，Black",Bags & Cases,True,,Bags & Cases,Computers & Laptops,23.99,Bagsmart,/BAGSMART-Computer-Shockproof-Waterproof-Pros%EF%BC%8CBlack/dp/B0DN665P5Y/ref=sr_1_8326?dib=eyJ2IjoiMSJ9.l1gHLSXCEMhr7BX2dmFCSrI0scj15YTpeSvfxhC4vL1ZrWGP0hSR8Y91M1W8W3cCaiQmZtmQYNT3XDW0dk-J8gwsyUSrVpow7WBy_UKfhjmZ1PTnk-gdZNE9d_OUVPYOjqb61qFUGMJzJob0ZFBCsswOE1ozPlwEkNYORKEXIONwKzS0I1CSKfJnmlb1J0mTtf5jqIt12yROzMRtxv5Gtxdu0Zt747eUZEfyKEZjLCC4vTQ6h1lNCxQJ8yqjXhRnvNDazjN7gwHuB9SVtte6LhHwjbnBlDWaPHonFUo4h6A.7TWslzcZWVcJV7y5zI7vnUxeGUiqQnRuLd6okz5vEUM&dib_tag=se&qid=1756097389&refinements=p_n_g-101014971069111%3A119653281011&s=electronics&sr=1-8326,True
STEALTH CAM Anti-Shock Dust-Proof Waterproof Protective Ergonomic Rubber Sealed ABS-Plasic Shell Memory Card Storage Case - Holds 12 SD & 12 MicroSD Cards,Bags & Cases,False,"hard case specifically for SD/microSD cards, could also fit Storage & Memory Cards",Storage & Memory Cards,Cameras & Photography,16.49,Stealth Cam,/Anti-Shock-Dust-Proof-Waterproof-Protective-ABS-Plasic/dp/B0742SN4HY/ref=sr_1_8235?dib=eyJ2IjoiMSJ9.fBB65Nc7bFrqy_ZinMlLART5w8xxW8INxTzpeinp8oOxGsdeOyRNqbi6LaW6WuQlXVbdD79Oycxb2jEaub0bjgh1GfbeTKtzCBF8M6Wombc_9ooPfkkUtIZG8Qlr3nFifZRJKHkfT64fs8o-XbrN0XNYul5Dxe5aW4k6Xi5d7axiKuebB459z0VgUxRFDxEzjhhuIs748o9PR0Dw7Uhg_PHMZ1coEGw6ihiv_1vDIV8PEKH1Ck_jKPXxvD2oFuWHm66pkbTAXVmJpMgXjbrNkHnYh-WTZckLq2OPNL3JA48.Y2dAuq-iajyCAgZ58dnKHOPYeYw_Bneahr_svUq9DRk&dib_tag=se&qid=1756097356&refinements=p_n_g-101014971069111%3A119653281011&s=electronics&sr=1-8235,False
"SAMSUNG QM65R 65 inch 4K UHD 3840x2160 24/7 Commercial Signage LED Display for Business, HDMI, Wi-Fi, and 3-Year WRNTY, 500 nit (LH65QMREBGCXZA), Black",Monitors & Displays,True,,Monitors & Displays,Networking,,Samsung,/Samsung-QM65R-Commercial-Business-LH65QMREBGCXZA/dp/B07VBJLBYQ/ref=sr_1_8234?dib=eyJ2IjoiMSJ9.fBB65Nc7bFrqy_ZinMlLART5w8xxW8INxTzpeinp8oOxGsdeOyRNqbi6LaW6WuQlXVbdD79Oycxb2jEaub0bjgh1GfbeTKtzCBF8M6Wombc_9ooPfkkUtIZG8Qlr3nFifZRJKHkfT64fs8o-XbrN0XNYul5Dxe5aW4k6Xi5d7axiKuebB459z0VgUxRFDxEzjhhuIs748o9PR0Dw7Uhg_PHMZ1coEGw6ihiv_1vDIV8PEKH1Ck_jKPXxvD2oFuWHm66pkbTAXVmJpMgXjbrNkHnYh-WTZckLq2OPNL3JA48.Y2dAuq-iajyCAgZ58dnKHOPYeYw_Bneahr_svUq9DRk&dib_tag=se&qid=1756097356&refinements=p_n_g-101014971069111%3A119653281011&s=electronics&sr=1-8234,True
"APC Network UPS, 1500VA Smart-UPS Sine Wave UPS with Extended Run Option, SMX1500RM2UC, 2U Rackmount/Tower Convertible, Line-Interactive, 120V",Power Strips & Surge Protectors,True,,Networking,Cables & Charging,,Apc,/APC-Smart-UPS-SMX1500RM2UC-Convertible-Line-Interactive/dp/B08QQZ3VPC/ref=sr_1_8233?dib=eyJ2IjoiMSJ9.fBB65Nc7bFrqy_ZinMlLART5w8xxW8INxTzpeinp8oOxGsdeOyRNqbi6LaW6WuQlXVbdD79Oycxb2jEaub0bjgh1GfbeTKtzCBF8M6Wombc_9ooPfkkUtIZG8Qlr3nFifZRJKHkfT64fs8o-XbrN0XNYul5Dxe5aW4k6Xi5d7axiKuebB459z0VgUxRFDxEzjhhuIs748o9PR0Dw7Uhg_PHMZ1coEGw6ihiv_1vDIV8PEKH1Ck_jKPXxvD2oFuWHm66pkbTAXVmJpMgXjbrNkHnYh-WTZckLq2OPNL3JA48.Y2dAuq-iajyCAgZ58dnKHOPYeYw_Bneahr_svUq9DRk&dib_tag=se&qid=1756097356&refinements=p_n_g-101014971069111%3A119653281011&s=electronics&sr=1-8233,False
"ASUS RT-AX86U Pro (AX5700) Dual Band WiFi 6 Extendable Gaming Router, 2.5G Port, Mobile Game Mode, Port Forwarding, Subscription-Free Network Security, VPN, AiMesh Compatible (Renewed), BLACK",Networking,True,,Computers & Laptops,Networking,149.0,Asus,/ASUS-Extendable-Forwarding-Subscription-Free-Compatible/dp/B0CT47ZGG7/ref=sr_1_8227?dib=eyJ2IjoiMSJ9.g2SYPV1CM561UzvuDKQJvJfNWQsJNTyrmxhZjgzSDrCr2PJAVSmYb6SILt2QyOhF-m38Dy_rbCPiDJ21XYWHdjZJ1hBy41UZyTmxpyq5vAzcZC59Ksq7A31WsQ3lPZ4Nzl1OtCoN7pk21ib2E1FCazvNrBo5Q7nmyQyTVvPf8JYSy0YUMCUj_htZPEUPNmGEhpAJkVkkf20oFi_l87nIMnbLtmgTg6TVaHjv-PQT0gls-MiDd_s5IoQqdGpZz2GCdiIEN3MBndnaAD7W_fH7G2DYCw8uX-lzpr7SPm1Ozis.oupsikDwF2Bm-sLWCnxuobCA_ai3k7YcBIf4f3mdVyI&dib_tag=se&qid=1756097341&refinements=p_n_g-101014971069111%3A119653281011&s=electronics&sr=1-8227,False
"Zebra DS3678-ER (Extended Range) Ultra-Rugged Cordless 2D/1D Barcode Scanner/Linear Imager Kit, Bluetooth, FIPS, Vibration Motor, Includes Cradle, Power Supply and Heavy-Duty USB Cable (CBA-U42-S07)",Office & School Supplies,True,,Office & School Supplies,Office & School Supplies,718.99,Zebra,/Zebra-DS3678-ER-Ultra-Rugged-Heavy-Duty-CBA-U42-S07/dp/B0799QS7YP/ref=sr_1_8223?dib=eyJ2IjoiMSJ9.g2SYPV1CM561UzvuDKQJvJfNWQsJNTyrmxhZjgzSDrCr2PJAVSmYb6SILt2QyOhF-m38Dy_rbCPiDJ21XYWHdjZJ1hBy41UZyTmxpyq5vAzcZC59Ksq7A31WsQ3lPZ4Nzl1OtCoN7pk21ib2E1FCazvNrBo5Q7nmyQyTVvPf8JYSy0YUMCUj_htZPEUPNmGEhpAJkVkkf20oFi_l87nIMnbLtmgTg6TVaHjv-PQT0gls-MiDd_s5IoQqdGpZz2GCdiIEN3MBndnaAD7W_fH7G2DYCw8uX-lzpr7SPm1Ozis.oupsikDwF2Bm-sLWCnxuobCA_ai3k7YcBIf4f3mdVyI&dib_tag=se&qid=1756097341&refinements=p_n_g-101014971069111%3A119653281011&s=electronics&sr=1-8223,True
Winegard (RP-6795 White Elevating Crank,TV & Home Entertainment,False,elevating crank handle for RV/Winegard TV antenna mount,Other,Other,12.16,Winegard,/Winegard-RP-6795-White-Elevating-Crank/dp/B0009JRVWC/ref=sr_1_8428?dib=eyJ2IjoiMSJ9.fCKPrkBY5hVVIpYjFsCDL0hC4so-8-I6GfLeiFweI8aQpr9Uydtzitevq6C7c8kkIvn6HTp49J6RIhvmwZd405rl-_jRI8QJzGlGv51Ew0__Guev0pmJA5h2up-jMGTKXULcmVdyV_TPPBtzv8nUdwqiCvyItMkVe5JRSi1noVRm_2wILsJ8YLJLYFgNvDTAQ2hn4AZ59DsVlMO8onOGj8ScAVSkHpgBOEDjVcABhUDEI3tjUfpT-Wi3hYRg8sW4qmZO_usmX_ykPrfXQUg5kk2jk3XKgSHh68GldjnpyC8.dUt2feborndhw7GqlZRkpHAJ7uiNBgHPYNT3ODjo3ZM&dib_tag=se&qid=1756097447&refinements=p_n_g-101014971069111%3A119653281011&s=electronics&sr=1-8428,False
"VTECH SN1127 Amplified Corded Answering System. 8 Photo Speed Dial, 90dB Ringer Volume, Big High-Contrast buttons, Audio Booster(+40db), Visual Ringer. Perfect for Seniors, Visually & Hearing Impaired",Phone & Tablet Accessories,True,,Audio,Other,74.95,Vtech,/SN1127-Amplified-Answering-High-Contrast-Visually/dp/B0BL2QS8KT/ref=sr_1_8411?dib=eyJ2IjoiMSJ9.fCKPrkBY5hVVIpYjFsCDL0hC4so-8-I6GfLeiFweI8aQpr9Uydtzitevq6C7c8kkIvn6HTp49J6RIhvmwZd405rl-_jRI8QJzGlGv51Ew0__Guev0pmJA5h2up-jMGTKXULcmVdyV_TPPBtzv8nUdwqiCvyItMkVe5JRSi1noVRm_2wILsJ8YLJLYFgNvDTAQ2hn4AZ59DsVlMO8onOGj8ScAVSkHpgBOEDjVcABhUDEI3tjUfpT-Wi3hYRg8sW4qmZO_usmX_ykPrfXQUg5kk2jk3XKgSHh68GldjnpyC8.dUt2feborndhw7GqlZRkpHAJ7uiNBgHPYNT3ODjo3ZM&dib_tag=se&qid=1756097447&refinements=p_n_g-101014971069111%3A119653281011&s=electronics&sr=1-8411,False
Standard Horizon HX210 HX210 6W Compact Floating Marine Handheld Vhf,Marine & GPS,True,,Marine & GPS,Other,118.94,Standard,/Standard-Horizon-HX210-6W-Compact/dp/B07KN6LKVG/ref=sr_1_8422?dib=eyJ2IjoiMSJ9.fCKPrkBY5hVVIpYjFsCDL0hC4so-8-I6GfLeiFweI8aQpr9Uydtzitevq6C7c8kkIvn6HTp49J6RIhvmwZd405rl-_jRI8QJzGlGv51Ew0__Guev0pmJA5h2up-jMGTKXULcmVdyV_TPPBtzv8nUdwqiCvyItMkVe5JRSi1noVRm_2wILsJ8YLJLYFgNvDTAQ2hn4AZ59DsVlMO8onOGj8ScAVSkHpgBOEDjVcABhUDEI3tjUfpT-Wi3hYRg8sW4qmZO_usmX_ykPrfXQUg5kk2jk3XKgSHh68GldjnpyC8.dUt2feborndhw7GqlZRkpHAJ7uiNBgHPYNT3ODjo3ZM&dib_tag=se&qid=1756097447&refinements=p_n_g-101014971069111%3A119653281011&s=electronics&sr=1-8422,True
Pyle Professional Audio Mixer Sound Board Console System - Interface 4 Channel Digital USB Bluetooth MP3 Computer Input 48V Phantom Power Stereo DJ Studio Streaming FX 16-Bit DSP processor - PMXU43BT,Audio,True,,Audio,Computers & Laptops,69.95,Pyle,/Pyle-Professional-Interface-Bluetooth-Streaming/dp/B071L66DD8/ref=sr_1_8366?dib=eyJ2IjoiMSJ9.1_-YF-d85nLNW9_Quu5QLSJtgZwauD8Ls1_-HOOYNZuSWUEjgpWSIAIi2EIvf9cMyHYr4eJjJm5PVWbtbHm63Q8W_PzqVoZf5hvubPXNlGK7qOYH5Ursu6E60DhwgSV7t_9g_YroyahpjVjOIpOG0kTu43ol_jYGFYJN5wbm2LoS_Gr97-eFFkgpTlB4cICG6zeBJXbZw0cTiB9NmBvW4aPgcJzZxXyyMGVx1pqYbGnBCuyoix_-vncukBBfCJPR5Ja8OioMcANEjVfu3X_Yr1kKixvGwZm2QJaG8ZH1GTQ.Y2UjT6YAWxdWkShwjGStGB-5g5ucvw_XEP23UIy12HA&dib_tag=se&qid=1756097421&refinements=p_n_g-101014971069111%3A119653281011&s=electronics&sr=1-8366,True
G-Shock GBA900UU-5A Tan One Size,Smart Home & Wearables,False,G-Shock GBA900 is a Bluetooth-connected fitness/step-tracking watch,Other,Other,111.5,G-Shock,/G-Shock-GBA900UU-5A-Tan-One-Size/dp/B0B45NJXBV/ref=sr_1_8365?dib=eyJ2IjoiMSJ9.1_-YF-d85nLNW9_Quu5QLSJtgZwauD8Ls1_-HOOYNZuSWUEjgpWSIAIi2EIvf9cMyHYr4eJjJm5PVWbtbHm63Q8W_PzqVoZf5hvubPXNlGK7qOYH5Ursu6E60DhwgSV7t_9g_YroyahpjVjOIpOG0kTu43ol_jYGFYJN5wbm2LoS_Gr97-eFFkgpTlB4cICG6zeBJXbZw0cTiB9NmBvW4aPgcJzZxXyyMGVx1pqYbGnBCuyoix_-vncukBBfCJPR5Ja8OioMcANEjVfu3X_Yr1kKixvGwZm2QJaG8ZH1GTQ.Y2UjT6YAWxdWkShwjGStGB-5g5ucvw_XEP23UIy12HA&dib_tag=se&qid=1756097421&refinements=p_n_g-101014971069111%3A119653281011&s=electronics&sr=1-8365,False
"UGREEN USB 3.0 Switch 2 in 2 Out, USB Switcher 2 Computers Sharing Keyboard and Mouse Printer Scanner Webcam, Printer Splitter for 2 Computers, 2 Port USB Selector Switch with 2 USB3.0 Cables",Cables & Charging,True,,Cables & Charging,Printers & Ink,25.99,Ugreen,/UGREEN-Switcher-Computers-Keyboard-Splitter/dp/B0CLXYVM36/ref=sr_1_8361?dib=eyJ2IjoiMSJ9.1_-YF-d85nLNW9_Quu5QLSJtgZwauD8Ls1_-HOOYNZuSWUEjgpWSIAIi2EIvf9cMyHYr4eJjJm5PVWbtbHm63Q8W_PzqVoZf5hvubPXNlGK7qOYH5Ursu6E60DhwgSV7t_9g_YroyahpjVjOIpOG0kTu43ol_jYGFYJN5wbm2LoS_Gr97-eFFkgpTlB4cICG6zeBJXbZw0cTiB9NmBvW4aPgcJzZxXyyMGVx1pqYbGnBCuyoix_-vncukBBfCJPR5Ja8OioMcANEjVfu3X_Yr1kKixvGwZm2QJaG8ZH1GTQ.Y2UjT6YAWxdWkShwjGStGB-5g5ucvw_XEP23UIy12HA&dib_tag=se&qid=1756097421&refinements=p_n_g-101014971069111%3A119653281011&s=electronics&sr=1-8361,True
"Yealink MeetingBar A40-031 - All-in-One 4K Video Conferencing Solution with Dual 48MP Cameras, 120° Field of View, 8MEMS Microphone Array, CTP25 Touch Panel, Compatible with Microsoft Teams and Zoom",Cameras & Photography,False,"video conferencing bar with camera+mic+speaker, no exact category fits",Audio,Audio,2699.0,Yealink,/Yealink-MeetingBar-A40-031-All-One/dp/B0DPLCGDS4/ref=sr_1_8363?dib=eyJ2IjoiMSJ9.1_-YF-d85nLNW9_Quu5QLSJtgZwauD8Ls1_-HOOYNZuSWUEjgpWSIAIi2EIvf9cMyHYr4eJjJm5PVWbtbHm63Q8W_PzqVoZf5hvubPXNlGK7qOYH5Ursu6E60DhwgSV7t_9g_YroyahpjVjOIpOG0kTu43ol_jYGFYJN5wbm2LoS_Gr97-eFFkgpTlB4cICG6zeBJXbZw0cTiB9NmBvW4aPgcJzZxXyyMGVx1pqYbGnBCuyoix_-vncukBBfCJPR5Ja8OioMcANEjVfu3X_Yr1kKixvGwZm2QJaG8ZH1GTQ.Y2UjT6YAWxdWkShwjGStGB-5g5ucvw_XEP23UIy12HA&dib_tag=se&qid=1756097421&refinements=p_n_g-101014971069111%3A119653281011&s=electronics&sr=1-8363,False
"SanDisk 32GB Ultra SDHC UHS-I Class 10 Memory Card 120MB/s U1, Full HD, SD Camera Card SDSDUN4-032G (5 Pack) Bundle with (1) GoRAM USB 3.0 Card Reader",Storage & Memory Cards,True,,Storage & Memory Cards,Cameras & Photography,,Sandisk,/SanDisk-Memory-Camera-SDSDUN4-032G-Bundle/dp/B09CFXHD9R/ref=sr_1_8511?dib=eyJ2IjoiMSJ9._u4h9-aHuZ3xJhmJ0wXEGSZ4rZ8pnVnwEfwNXEL_IxSxVqa6Q2vmcEXfFqxHMx9AhrgYMB5prVpctQN4ruv5tRkyDRp-p6qGPBYtAzKSy5cNgBQpI7UFXCHwV1WN1Pm1OakDbGvOqtJDLRw5hiCR_kT4A0qBZyV5L25VN_9Rwr4bW16-uR_NXL1pS0q5c7U4HGCNzX8pI7a523cXeqVusUQtpdyvDjwysOB_y2_A6-EIoIyOGXIGLv0w6Q1-tzMl0R-u7Q-R4sq7qJ7HEuyNWdG86YFPeeIWsaclXI9wmXc.fdJBg4gV5Jz7zHbgZy2mFAeasA2e6ZTpcXRP96vUqQM&dib_tag=se&qid=1756097501&refinements=p_n_g-101014971069111%3A119653281011&s=electronics&sr=1-8511,True
"SAMSUNG Galaxy Tab A9+ (SM-X210), 64GB 4GB RAM, WiFi Only, 11"" Display, International Version - (Silver)",Phone & Tablet Accessories,True,,Phone & Tablet Accessories,Computers & Laptops,158.0,Samsung,/Samsung-SM-X210-Display-International-Version/dp/B0CNKDYS4N/ref=sr_1_8533?dib=eyJ2IjoiMSJ9.5XwvUBuyxe6NBjpIdtLeeEfO9VRxRfr1cnNL23xNahLNF7Pr9b2YII1sEzJ2Tui7EZ8lLLN-Lpvr-rm1P7NHaqfBlkSn7hgmjsjK3M_vvJZZvBQJfoEOZETJBQXBSC6wOJ1Eobt8uosGUghwDlTAOrYImLFcRz22yzhYCAK9V8kAA3DwglK8mfMt3Qwd2ctl6R_eN7M7y0qkAPRMareWkMhWq794AVwHfx2AnnYP-JTUN-4WHTkL-lw3q68CKwHcVcz6W29QNhx2h26jF3ZZ7tv7X5A6ZmLur-bP1TgyKNY.dX3caLJr0I7DN2iPdpNYToVnyzT-DWvZee9K02_3qB0&dib_tag=se&qid=1756097515&refinements=p_n_g-101014971069111%3A119653281011&s=electronics&sr=1-8533,True
"Lume Cube Studio Panel 2-Point Lighting Kit | Edge Lit LED Bicolor Light Panels 3200k - 5600k | Rechargeable Lithium Battery, Adjustable Color, Brightness, 70"" Stands, Wireless Remote Included",Cameras & Photography,True,,Cameras & Photography,Batteries,,Lume,/Studio-2-Point-Lighting-Bicolor-Panels/dp/B0B9QY41T8/ref=sr_1_8528?dib=eyJ2IjoiMSJ9.5XwvUBuyxe6NBjpIdtLeeEfO9VRxRfr1cnNL23xNahLNF7Pr9b2YII1sEzJ2Tui7EZ8lLLN-Lpvr-rm1P7NHaqfBlkSn7hgmjsjK3M_vvJZZvBQJfoEOZETJBQXBSC6wOJ1Eobt8uosGUghwDlTAOrYImLFcRz22yzhYCAK9V8kAA3DwglK8mfMt3Qwd2ctl6R_eN7M7y0qkAPRMareWkMhWq794AVwHfx2AnnYP-JTUN-4WHTkL-lw3q68CKwHcVcz6W29QNhx2h26jF3ZZ7tv7X5A6ZmLur-bP1TgyKNY.dX3caLJr0I7DN2iPdpNYToVnyzT-DWvZee9K02_3qB0&dib_tag=se&qid=1756097515&refinements=p_n_g-101014971069111%3A119653281011&s=electronics&sr=1-8528,True
"Logitech Rally bar and tap IP Bundle, 1920 Pixels x 1080 Pixels, Graphite",Cameras & Photography,False,"video conferencing bar with camera+mic+speaker, no exact category fits",Other,Other,4699.0,Logitech,/Rally-Bar-TAP-VC-Bundle/dp/B0B1DSKGLX/ref=sr_1_8524?dib=eyJ2IjoiMSJ9.5XwvUBuyxe6NBjpIdtLeeEfO9VRxRfr1cnNL23xNahLNF7Pr9b2YII1sEzJ2Tui7EZ8lLLN-Lpvr-rm1P7NHaqfBlkSn7hgmjsjK3M_vvJZZvBQJfoEOZETJBQXBSC6wOJ1Eobt8uosGUghwDlTAOrYImLFcRz22yzhYCAK9V8kAA3DwglK8mfMt3Qwd2ctl6R_eN7M7y0qkAPRMareWkMhWq794AVwHfx2AnnYP-JTUN-4WHTkL-lw3q68CKwHcVcz6W29QNhx2h26jF3ZZ7tv7X5A6ZmLur-bP1TgyKNY.dX3caLJr0I7DN2iPdpNYToVnyzT-DWvZee9K02_3qB0&dib_tag=se&qid=1756097515&refinements=p_n_g-101014971069111%3A119653281011&s=electronics&sr=1-8524,False
Samson B-Stock MD5 Desktop Microphone Stand,Audio,True,,Audio,Computers & Laptops,19.9,Samson,/Samson-MD5-Desktop-Microphone-Stand/dp/B000MYIIRG/ref=sr_1_8440?dib=eyJ2IjoiMSJ9.IxWcJZ6HfitwoROvEzxaSot-K8HGC4eZw3sYKpnAVb0f9ssGlimIwGGzrEvx2uXj9JXRNO_CPcNmyomNFgNDwmfKgnsNeWG-12gKAEHk7hV021c0T9q8eIEKzkoNPLP0Q9Wd9RYNvHa47FBwhKC0ImvcGKuCeAgVj_n1vPfY5LJtb_OsKv_0eXGRispiWT5ZtepN2gUAswYw8mCLi3Rcpv7XVD-Ag_KZCz-IHh1CMFaTB-zxDnXMcB5oE5yw3mHw9nbSQwbxAcjZ5eHUpTP2KS03xJt0Qw2T0zevL5VuFtU.XXMG57e29x7M1iMDOVdngIlvnVdgRTtvSJBztD5qVCM&dib_tag=se&qid=1756097460&refinements=p_n_g-101014971069111%3A119653281011&s=electronics&sr=1-8440,True
"Energizer 394/380 (SR936W, SR936SW) Silver Oxide Watch Battery. On Tear Strip",Batteries,True,,Printers & Ink,Batteries,8.95,Energizer,/Energizer-SR936W-SR936SW-Silver-Battery/dp/B00I9KYMMU/ref=sr_1_8435?dib=eyJ2IjoiMSJ9.IxWcJZ6HfitwoROvEzxaSot-K8HGC4eZw3sYKpnAVb0f9ssGlimIwGGzrEvx2uXj9JXRNO_CPcNmyomNFgNDwmfKgnsNeWG-12gKAEHk7hV021c0T9q8eIEKzkoNPLP0Q9Wd9RYNvHa47FBwhKC0ImvcGKuCeAgVj_n1vPfY5LJtb_OsKv_0eXGRispiWT5ZtepN2gUAswYw8mCLi3Rcpv7XVD-Ag_KZCz-IHh1CMFaTB-zxDnXMcB5oE5yw3mHw9nbSQwbxAcjZ5eHUpTP2KS03xJt0Qw2T0zevL5VuFtU.XXMG57e29x7M1iMDOVdngIlvnVdgRTtvSJBztD5qVCM&dib_tag=se&qid=1756097460&refinements=p_n_g-101014971069111%3A119653281011&s=electronics&sr=1-8435,False
"CyberPower PDU41001 Switched PDU, 100-120V/15A (Derated to 12A), 8 Outlets, 1U Rackmount",Power Strips & Surge Protectors,True,,Computers & Laptops,Power Strips & Surge Protectors,550.95,Cyberpower,/CyberPower-PDU41001-Switched-Outlets-Rackmount/dp/B076MHL3VG/ref=sr_1_8627?dib=eyJ2IjoiMSJ9.Hs4nuBh5LGegOi3Wdaf_2lQLTHsJKSER3GCV_0Guse23XlwDP4vluIbI6Pif0OhzF6PsiSXJccxc9m2SVB-oREmW5arDk9Q05iRDX6VHDQhV5KY7uocYQzoc9o-mLmD7PUqdXKabUT9l_Jbym_AOQp4JYkwFgCD3KqFV8pj_Mb5ohuyLThzPAbn70LhLNQlZsaSvh0F_GjvfYkcVuNrESqV5RXxvgcGm0ZYvdEJQJMcitEtUrG7GLnkyuwlLKRyoNj4WsyuK_7Mo8AIyIw1L2s0UXqixo9C8gX71ImCyCNw.mC20iLEIqsOe1Q2BaBoFrbzhJpOlv1I-WGnjwdCWlUU&dib_tag=se&qid=1756097563&refinements=p_n_g-101014971069111%3A119653281011&s=electronics&sr=1-8627,False
"Pelican Vault V100 Hard Case (Camera, Pistol, Gear, Equipment)",Bags & Cases,True,,Bags & Cases,Cameras & Photography,49.95,Pelican,/Pelican-Vault-V100-Pistol-Black/dp/B00745TTW4/ref=sr_1_8638?dib=eyJ2IjoiMSJ9.Hs4nuBh5LGegOi3Wdaf_2lQLTHsJKSER3GCV_0Guse23XlwDP4vluIbI6Pif0OhzF6PsiSXJccxc9m2SVB-oREmW5arDk9Q05iRDX6VHDQhV5KY7uocYQzoc9o-mLmD7PUqdXKabUT9l_Jbym_AOQp4JYkwFgCD3KqFV8pj_Mb5ohuyLThzPAbn70LhLNQlZsaSvh0F_GjvfYkcVuNrESqV5RXxvgcGm0ZYvdEJQJMcitEtUrG7GLnkyuwlLKRyoNj4WsyuK_7Mo8AIyIw1L2s0UXqixo9C8gX71ImCyCNw.mC20iLEIqsOe1Q2BaBoFrbzhJpOlv1I-WGnjwdCWlUU&dib_tag=se&qid=1756097563&refinements=p_n_g-101014971069111%3A119653281011&s=electronics&sr=1-8638,True
"Sennheiser 1/4"" Adapter - 549346 Authentic Genuine 6.35mm Adapter Jack - 3.5mm (1/8 Inch) to (1/4 Inch)",Audio,True,,Audio,Cables & Charging,9.99,Sennheiser,/Sennheiser-Adapter-Authentic-Genuine-Universal/dp/B00L2SLLIO/ref=sr_1_8617?dib=eyJ2IjoiMSJ9.6qQuVzSBAbWrQgctmFjv5sgn4yGSl74LtybbFlGhIGg0_MCv9x4GxRWQzAa8gj_YTwwnjKrU4-mebgY7NN13RjdpKp0Iy-inD1kGRI76lIg_R1FDZDm9qrF1lReJMjRLXB12d5hppMx3hS-Mqe55oPCyRs_mYvU56tap7FZzy7p8umNGyVXAOPvlYN2H1aZzHtxX-u66p9Tx09E4E6WSGJf1CPmdhXgZOhOtCqhUb6CiTy-ZWFgRtnMzigKUKvvrjonjcLW_v4PV3hQ4o29aO96_RTObm6D80J8i-E0laDo.naGw2E6-_X9dWUlP6QqIIR1XaSHZuD-Eschix1LntgA&dib_tag=se&qid=1756097553&refinements=p_n_g-101014971069111%3A119653281011&s=electronics&sr=1-8617,True
Sony Hi8 HMP - Hi8 tape - 1 x 120min,Storage & Memory Cards,False,"Hi8 blank videotape, treated like recordable media",Other,Other,22.37,Sony,/Sony-Hi8-HMP-tape-120min/dp/B000EIQKSE/ref=sr_1_8620?dib=eyJ2IjoiMSJ9.Hs4nuBh5LGegOi3Wdaf_2lQLTHsJKSER3GCV_0Guse23XlwDP4vluIbI6Pif0OhzF6PsiSXJccxc9m2SVB-oREmW5arDk9Q05iRDX6VHDQhV5KY7uocYQzoc9o-mLmD7PUqdXKabUT9l_Jbym_AOQp4JYkwFgCD3KqFV8pj_Mb5ohuyLThzPAbn70LhLNQlZsaSvh0F_GjvfYkcVuNrESqV5RXxvgcGm0ZYvdEJQJMcitEtUrG7GLnkyuwlLKRyoNj4WsyuK_7Mo8AIyIw1L2s0UXqixo9C8gX71ImCyCNw.mC20iLEIqsOe1Q2BaBoFrbzhJpOlv1I-WGnjwdCWlUU&dib_tag=se&qid=1756097563&refinements=p_n_g-101014971069111%3A119653281011&s=electronics&sr=1-8620,False
"TCL NXTPAPER 14 Android Tablet, 14.3"" Drawing Pad & Digital Notebook, 4096-Level Stylus & Flip Case Included, Paper-Like Display, 8+8GB RAM, 256GB Storage, 10000mAh Battery, Multi-Window, Gray",Phone & Tablet Accessories,True,,Phone & Tablet Accessories,Computers & Laptops,369.99,Tcl,/sspa/click?ie=UTF8&spc=MTo1NDE0MTUyNjc1NjMwNjg5OjE3NTYwOTc1NjM6c3BfYXRmX2Jyb3dzZTozMDA4NjMzNTY2NDcxMDI6OjA6Og&url=%2FTCL-NXTPAPER-4096-Level-Paper-Like-Multi-Window%2Fdp%2FB0F9FMMFHS%2Fref%3Dsr_1_8618_sspa%3Fdib%3DeyJ2IjoiMSJ9.Hs4nuBh5LGegOi3Wdaf_2lQLTHsJKSER3GCV_0Guse23XlwDP4vluIbI6Pif0OhzF6PsiSXJccxc9m2SVB-oREmW5arDk9Q05iRDX6VHDQhV5KY7uocYQzoc9o-mLmD7PUqdXKabUT9l_Jbym_AOQp4JYkwFgCD3KqFV8pj_Mb5ohuyLThzPAbn70LhLNQlZsaSvh0F_GjvfYkcVuNrESqV5RXxvgcGm0ZYvdEJQJMcitEtUrG7GLnkyuwlLKRyoNj4WsyuK_7Mo8AIyIw1L2s0UXqixo9C8gX71ImCyCNw.mC20iLEIqsOe1Q2BaBoFrbzhJpOlv1I-WGnjwdCWlUU%26dib_tag%3Dse%26qid%3D1756097563%26refinements%3Dp_n_g-101014971069111%253A119653281011%26s%3Delectronics%26sr%3D1-8618-spons%26sp_csd%3Dd2lkZ2V0TmFtZT1zcF9hdGZfYnJvd3Nl%26psc%3D1,True
"Garmin vívomove Trend, Stylish Hybrid Smartwatch, Long-Lasting Battery Life, Dynamic Watch Hands and Touchscreen Display, Black",Smart Home & Wearables,True,,Smart Home & Wearables,Monitors & Displays,259.99,Garmin,/Garmin-v%C3%ADvomove-Smartwatch-Long-Lasting-Touchscreen/dp/B0BMQPH345/ref=sr_1_8643?dib=eyJ2IjoiMSJ9.Hs4nuBh5LGegOi3Wdaf_2lQLTHsJKSER3GCV_0Guse23XlwDP4vluIbI6Pif0OhzF6PsiSXJccxc9m2SVB-oREmW5arDk9Q05iRDX6VHDQhV5KY7uocYQzoc9o-mLmD7PUqdXKabUT9l_Jbym_AOQp4JYkwFgCD3KqFV8pj_Mb5ohuyLThzPAbn70LhLNQlZsaSvh0F_GjvfYkcVuNrESqV5RXxvgcGm0ZYvdEJQJMcitEtUrG7GLnkyuwlLKRyoNj4WsyuK_7Mo8AIyIw1L2s0UXqixo9C8gX71ImCyCNw.mC20iLEIqsOe1Q2BaBoFrbzhJpOlv1I-WGnjwdCWlUU&dib_tag=se&qid=1756097563&refinements=p_n_g-101014971069111%3A119653281011&s=electronics&sr=1-8643,True
JansSport Pack BIG STUDENT GRAPHITE GREY,Non-Electronics,True,,Office & School Supplies,Other,,Janssport,/JansSport-Pack-STUDENT-GRAPHITE-GREY/dp/B0D86F9G7Z/ref=sr_1_8718?dib=eyJ2IjoiMSJ9.ONrB8PG-aePA8reo-t2MQ6oYP-Ro8Bb6dAImKJvwbY6KmeW2ORilrCIJ23XupyvUqQkoXCcTZ3Oh_FV3s8NLULRMOCj7beU0ZybL--LY-kftzpH0p_nWxcipMIhA2KxyNWZAGIEcgrLUk7_Or45wS28_t-oCNeQb79huGqkgAwJGTUfJsQz272PV-VQt47Ji0Ubh0vkIUlLnObEIJi29It2K2hbf3yStz4c5kEXN_GtHEsEXKMUgHnZuLFoQfnACrC9erB2PmgrGWAkXv2cq_OcXFctZdzU7BQSKR4eQMzs.RGVIjzzczJ8JeYjR15QDShVQBRsCMDABIkkjf2lczkM&dib_tag=se&qid=1756097615&refinements=p_n_g-101014971069111%3A119653281011&s=electronics&sr=1-8718,False
Nitecore Carbon Battery 6K USB-C Rechargeable Lightweight 6000mAh Waterproof Power Bank Sticker,Cables & Charging,True,,Batteries,Cables & Charging,,Nitecore,/Nitecore-Carbon-Battery-Rechargeable-Lightweight/dp/B0D7QX623L/ref=sr_1_8765?dib=eyJ2IjoiMSJ9.bVGBSpWBX-CHOqjFaV2O8HkCkM7RvA7NDVndHMtX-xsUMZbg9w9QXcu2oEUCsikbfvMHHU6-jB26JQ8LleGMBXb56qY_vhxCs4hwh5G1eSZR2Wgf_6YYbjQt3Idk5bNjuexns_WJbuyIzUwp9X081v_CzCrAs17-VuccTd8xU0iOI_hs2JZJsOLAx5Np1SVQhRX1sc7dY6JoxmSArhCZb8cGF_3rJ-4EOKwQw-CpdOnlTNOQIANzarkdbNLM5N20xqkF5q0zP-KBI97k4uvf9gWRT862ZKQyEqLOU8o_-1o.FqcYEkvjmgBsrc8BG0L8TQPkpMqxmGOMXL7fpTIO_1M&dib_tag=se&qid=1756097628&refinements=p_n_g-101014971069111%3A119653281011&s=electronics&sr=1-8765,False
Creative - Sound Blaster Audigy FX V2 Sound Card,Computers & Laptops,False,"PCIe sound expansion card, could arguably be Audio",Audio,Other,59.99,Creative,/Creative-Sound-Blaster-Audigy-Card/dp/B09F68MSMS/ref=sr_1_8763?dib=eyJ2IjoiMSJ9.bVGBSpWBX-CHOqjFaV2O8HkCkM7RvA7NDVndHMtX-xsUMZbg9w9QXcu2oEUCsikbfvMHHU6-jB26JQ8LleGMBXb56qY_vhxCs4hwh5G1eSZR2Wgf_6YYbjQt3Idk5bNjuexns_WJbuyIzUwp9X081v_CzCrAs17-VuccTd8xU0iOI_hs2JZJsOLAx5Np1SVQhRX1sc7dY6JoxmSArhCZb8cGF_3rJ-4EOKwQw-CpdOnlTNOQIANzarkdbNLM5N20xqkF5q0zP-KBI97k4uvf9gWRT862ZKQyEqLOU8o_-1o.FqcYEkvjmgBsrc8BG0L8TQPkpMqxmGOMXL7fpTIO_1M&dib_tag=se&qid=1756097628&refinements=p_n_g-101014971069111%3A119653281011&s=electronics&sr=1-8763,False
Kanto ORAMB 100W Powered Reference Desktop Computer Speakers with Bluetooth 5.0 and USB-C Input | Bi-Amplified | 100 Hz Automatic Crossover | Reference Quality Sound | Pair | Black,Audio,True,,Audio,Computers & Laptops,349.99,Kanto,/Kanto-Reference-Bluetooth-Bi-Amplified-Automatic/dp/B0CJ41WK2D/ref=sr_1_8747?dib=eyJ2IjoiMSJ9.bVGBSpWBX-CHOqjFaV2O8HkCkM7RvA7NDVndHMtX-xsUMZbg9w9QXcu2oEUCsikbfvMHHU6-jB26JQ8LleGMBXb56qY_vhxCs4hwh5G1eSZR2Wgf_6YYbjQt3Idk5bNjuexns_WJbuyIzUwp9X081v_CzCrAs17-VuccTd8xU0iOI_hs2JZJsOLAx5Np1SVQhRX1sc7dY6JoxmSArhCZb8cGF_3rJ-4EOKwQw-CpdOnlTNOQIANzarkdbNLM5N20xqkF5q0zP-KBI97k4uvf9gWRT862ZKQyEqLOU8o_-1o.FqcYEkvjmgBsrc8BG0L8TQPkpMqxmGOMXL7fpTIO_1M&dib_tag=se&qid=1756097628&refinements=p_n_g-101014971069111%3A119653281011&s=electronics&sr=1-8747,True
Yealink Color-Screen Expansion Module for T5 Series Black,Phone & Tablet Accessories,True,,Monitors & Displays,Other,121.79,Yealink,/Yealink-Color-Screen-Expansion-Module-T5/dp/B071ZFFMQ7/ref=sr_1_8746?dib=eyJ2IjoiMSJ9.bVGBSpWBX-CHOqjFaV2O8HkCkM7RvA7NDVndHMtX-xsUMZbg9w9QXcu2oEUCsikbfvMHHU6-jB26JQ8LleGMBXb56qY_vhxCs4hwh5G1eSZR2Wgf_6YYbjQt3Idk5bNjuexns_WJbuyIzUwp9X081v_CzCrAs17-VuccTd8xU0iOI_hs2JZJsOLAx5Np1SVQhRX1sc7dY6JoxmSArhCZb8cGF_3rJ-4EOKwQw-CpdOnlTNOQIANzarkdbNLM5N20xqkF5q0zP-KBI97k4uvf9gWRT862ZKQyEqLOU8o_-1o.FqcYEkvjmgBsrc8BG0L8TQPkpMqxmGOMXL7fpTIO_1M&dib_tag=se&qid=1756097628&refinements=p_n_g-101014971069111%3A119653281011&s=electronics&sr=1-8746,False
Humminbird LakeMaster Premium Southeast States V1 Map SD Card for Fish Finders,Marine & GPS,False,map SD card specifically for fish finders vs generic memory card,Storage & Memory Cards,Marine & GPS,144.8,Humminbird,/Humminbird-602008-1-LakeMaster-Premium-Southeast/dp/B0BG686N2H/ref=sr_1_8841?dib=eyJ2IjoiMSJ9.BJMLJtZAg7NxOvBqAvLOej-raajRfB_sZcEnQBZ0HWXv8mhRoivgaZNnNfya7eGhFosrfoiPtJMPLnchCc7Ayo2PuVhbt0ThKFDUehyLkeMnEw0naPK3uuE6_is6nIdtFAMP3cysh51yQGIGvUzgM3ZLRcARmllHBd_nGY9rtYvw9vfVnQp1pQWLYuh_BTDDiFtzddUXVIkbMNBMsBFVdl-T8zlV0jkEYzw9PdxVEIkFeL8LMuIR_ykFFml8XYA7D-x7rKgNcB1chlagcTMFg_Q-10M5NVc3iVeVXgNlTmY.HQcIJbGpRD8suvidgmOCc5gJylODUXHJzB9YbeDSkWM&dib_tag=se&qid=1756097682&refinements=p_n_g-101014971069111%3A119653281011&s=electronics&sr=1-8841,False
Synology 8 Bay RackStation RS1221+ (Diskless),Storage & Memory Cards,True,,Other,Other,1259.0,Synology,/Synology-Bay-RackStation-RS1221-Diskless/dp/B08T1RBD4L/ref=sr_1_8833?dib=eyJ2IjoiMSJ9.BJMLJtZAg7NxOvBqAvLOej-raajRfB_sZcEnQBZ0HWXv8mhRoivgaZNnNfya7eGhFosrfoiPtJMPLnchCc7Ayo2PuVhbt0ThKFDUehyLkeMnEw0naPK3uuE6_is6nIdtFAMP3cysh51yQGIGvUzgM3ZLRcARmllHBd_nGY9rtYvw9vfVnQp1pQWLYuh_BTDDiFtzddUXVIkbMNBMsBFVdl-T8zlV0jkEYzw9PdxVEIkFeL8LMuIR_ykFFml8XYA7D-x7rKgNcB1chlagcTMFg_Q-10M5NVc3iVeVXgNlTmY.HQcIJbGpRD8suvidgmOCc5gJylODUXHJzB9YbeDSkWM&dib_tag=se&qid=1756097682&refinements=p_n_g-101014971069111%3A119653281011&s=electronics&sr=1-8833,False
OtterBox All Day Band for Apple Watch 42/44/45/46mm - AUTOBAHN (Black),Smart Home & Wearables,True,,Phone & Tablet Accessories,Smart Home & Wearables,27.99,Otterbox,/OtterBox-Band-Apple-Watch-45mm/dp/B0CKTRHWR2/ref=sr_1_8867?dib=eyJ2IjoiMSJ9.lax-sYkRjePC-ixr1tHivdRMFGgWY8wvYrk7EC4Vqe4AKc7yZSZlHPYUC1lqIGTeNS8ROiU7EmkoGUvZv-6stmmicYifuvfS8DAQxTJDZCJ8Xm2UNXoIuNyVFA-c86GmPuRjUw78uR7ywwq2dv7OO221ZT_LSuou5Tnn1E8O88FEL4VBnKeYMxKOvWAA7-RVg-xhpgomMXmkdKlQS2t5MOjn6jbkc2Hfhy5xYHQKVfzXSllm5lKzc-q0edaB-Ax228S25JpyjOmNyViYqvxVeUDZQzQpgaGR28OxR6ZmXjE.tcGqALYKjHGM4aFMa6LjCJ5CLEQ2sp0cedsdlW3Xup8&dib_tag=se&qid=1756097696&refinements=p_n_g-101014971069111%3A119653281011&s=electronics&sr=1-8867,False
OtterBox Wireless Charging Pad for MagSafe - Black,Cables & Charging,True,,Phone & Tablet Accessories,Cables & Charging,28.99,Otterbox,/OtterBox-Wireless-Charging-Pad-MagSafe/dp/B09SCXJZ7R/ref=sr_1_8769?dib=eyJ2IjoiMSJ9.NleR9w2NPBWcElqEQBidK4-RuGnk4oTPSDtF6Zvp9Ugj1zzaFt8RoY5QbwsKgtnDVVT1Hhc0-k7fZMQ9cRhvfmyU7fpvfMSoIJYC_sUgmTeCbhyb8OOwBRlsXbuqF1k6BSqTthN0t2ybS3BLHbtxWzpHy0oegOzWSmGSnRSmtwNM3d3AQ_7jTrGEq5gVgQP5Ro3BFHAIPBpjkKK1QresdUwAeMfiTBq7kbXT8FmvHMl2APHMXNSjwMfViSkzyLdxQP1jW1fCsmpkOVEphiGLSYrTvKnC0Nv7QLptptxd2Lk.7QNh75xO5ojm9wY9eWss_29Zdkiwe5q9HsibBkJ5MJ4&dib_tag=se&qid=1756097641&refinements=p_n_g-101014971069111%3A119653281011&s=electronics&sr=1-8769,False
"Dell UltraSharp U4924DW 49"" Dual Quad HD (DQHD) Curved Screen Edge WLED LCD Monitor - 32:9,Black",Monitors & Displays,True,,Computers & Laptops,Monitors & Displays,,Dell,/Dell-UltraSharp-U4924DW-Curved-Monitor/dp/B0C6QRTBHM/ref=sr_1_8762?dib=eyJ2IjoiMSJ9.NleR9w2NPBWcElqEQBidK4-RuGnk4oTPSDtF6Zvp9Ugj1zzaFt8RoY5QbwsKgtnDVVT1Hhc0-k7fZMQ9cRhvfmyU7fpvfMSoIJYC_sUgmTeCbhyb8OOwBRlsXbuqF1k6BSqTthN0t2ybS3BLHbtxWzpHy0oegOzWSmGSnRSmtwNM3d3AQ_7jTrGEq5gVgQP5Ro3BFHAIPBpjkKK1QresdUwAeMfiTBq7kbXT8FmvHMl2APHMXNSjwMfViSkzyLdxQP1jW1fCsmpkOVEphiGLSYrTvKnC0Nv7QLptptxd2Lk.7QNh75xO5ojm9wY9eWss_29Zdkiwe5q9HsibBkJ5MJ4&dib_tag=se&qid=1756097641&refinements=p_n_g-101014971069111%3A119653281011&s=electronics&sr=1-8762,False
"SanDisk 32GB 2-Pack Outdoors FHD SDHC UHS-I Memory Card (2x32GB)- Up to 100MB/s, C10, Trail Camera SD Card - SDSDUNR-032G-GN6V2",Storage & Memory Cards,True,,Storage & Memory Cards,Cameras & Photography,25.99,Sandisk,/SanDisk-2-Pack-Outdoors-Memory-2x32GB/dp/B0CP6D6C5D/ref=sr_1_8809?dib=eyJ2IjoiMSJ9.XCqXL2mVdAd5YahPajgWozHzyWtyIuM9Yo_YXoXC2BSiKV7zs4G9FrqBxl1XpBGltdMUJGE5wOznnITEdPT6aLln-DD82bC4zvPJZomTj12ucSIJHUAxt4MFgVbYunVgRazlKV6oiVlrH1x7i7EtZL9c8I9fmqfGtH9FH94YMpRQDCwDhhZ4yk3EcCj_F2HV-Vs3_RIw7zChoW1uvLjslxc2IhXJRxHF7UKCU8yr_ogZcydpQ04rjhZp52w0eDwREQacHfW3T1g_QlQGdQOqUEpLfhn5Mffw4hAYptlxQZQ.PzbpP2mebedCsReeEx57zgDAV2UME9Tft-lxrAv9urM&dib_tag=se&qid=1756097667&refinements=p_n_g-101014971069111%3A119653281011&s=electronics&sr=1-8809,True
"Kensington Blackbelt Rugged Case for Surface Pro 11/10/9, 13"" Military-Grade Protection - Black (K96541WW)",Phone & Tablet Accessories,True,,Bags & Cases,Other,34.99,Kensington,/Kensington-Blackbelt-Surface-Rugged-Case/dp/B0B8Z5HQSZ/ref=sr_1_8807?dib=eyJ2IjoiMSJ9.bs0olLmU0u68hAlueu8HzvqbBiGVRGGhD2hOEmG4sXySUvOsX2cCfm7hntZiNl1kH7_0jLY9CJG1mL9f-cW1b7wmH4pCW5lQpNKyGvjvMVA6QlbgvF19kx7Hnx5kCxF24id8-n6bGuys5KHFDESQomCcFqR6_h0XQ7UtSvgx113vE4htI-CCm5Kk0VMZNxPAsok1RfTDRZq-Jq6XYLrapvHwY-0B2gp_T2O_jQ5Vw2Ouim3HaU4DybRs1ClLcVjfWjw5Xopab_aumaWEJ9lRCxdN8RbG4ULzEqbTYuQs_PI.Tq_RH_PSvWuK3TwMnOuf4nX1Z6FJo6uU9EX9vjB02JA&dib_tag=se&qid=1756097654&refinements=p_n_g-101014971069111%3A119653281011&s=electronics&sr=1-8807,False
Canon Print Head PF-06 for imagePROGRAF TM Series Printers,Printers & Ink,True,,Printers & Ink,Cameras & Photography,349.0,Canon,/Canon-PF-06-Print-Format-Printers/dp/B076RH9HQ1/ref=sr_1_8795?dib=eyJ2IjoiMSJ9.bs0olLmU0u68hAlueu8HzvqbBiGVRGGhD2hOEmG4sXySUvOsX2cCfm7hntZiNl1kH7_0jLY9CJG1mL9f-cW1b7wmH4pCW5lQpNKyGvjvMVA6QlbgvF19kx7Hnx5kCxF24id8-n6bGuys5KHFDESQomCcFqR6_h0XQ7UtSvgx113vE4htI-CCm5Kk0VMZNxPAsok1RfTDRZq-Jq6XYLrapvHwY-0B2gp_T2O_jQ5Vw2Ouim3HaU4DybRs1ClLcVjfWjw5Xopab_aumaWEJ9lRCxdN8RbG4ULzEqbTYuQs_PI.Tq_RH_PSvWuK3TwMnOuf4nX1Z6FJo6uU9EX9vjB02JA&dib_tag=se&qid=1756097654&refinements=p_n_g-101014971069111%3A119653281011&s=electronics&sr=1-8795,True
DJI Focus Pro Motor,Cameras & Photography,True,,Cameras & Photography,Other,147.9,Dji,/DJI-6941565971401-Focus-Pro-Motor/dp/B0CV7CJJKJ/ref=sr_1_8955?dib=eyJ2IjoiMSJ9.siPrdVHR4oxsXGZhQewT5K-DVMdVQgqOp7o1ae51h05LdJ3WX6kuIcchaiTk8g0SphCnDzaFoMz3xWnVJlR15wb6jjSDBKFlQ3KT2pOgUokN2-JCvNlVmxqNkOw1q1ovvU5ZLjWjKG1rjWMfunvbziK7RtMUeHHdFgXfzbv9E7gnODE32_3QTW0Aey-xMEFXMTfasM3Rwfj9Ik1Rv69QLZlg9OJ8nkJM6JAenlMD_wTo8LHe_zG4-bRjK6V-Kd0dRiVbzREYwvWR1dd1Oh9Z8NT5vua--4BfD19xBN4dWYE.A8SJA2Q6qb0-UMxCpHWrPbzoxTUo96GfYVPum1si8as&dib_tag=se&qid=1756097733&refinements=p_n_g-101014971069111%3A119653281011&s=electronics&sr=1-8955,True
"Lutron Maestro Companion Multi-Location Dimmer Not for Standalone Use MA-R-WH, White",Smart Home & Wearables,True,,Other,Other,18.95,Lutron,/Lutron-Maestro-Companion-Multi-location-MA-R-WH/dp/B0006V5PXK/ref=sr_1_8956?dib=eyJ2IjoiMSJ9.siPrdVHR4oxsXGZhQewT5K-DVMdVQgqOp7o1ae51h05LdJ3WX6kuIcchaiTk8g0SphCnDzaFoMz3xWnVJlR15wb6jjSDBKFlQ3KT2pOgUokN2-JCvNlVmxqNkOw1q1ovvU5ZLjWjKG1rjWMfunvbziK7RtMUeHHdFgXfzbv9E7gnODE32_3QTW0Aey-xMEFXMTfasM3Rwfj9Ik1Rv69QLZlg9OJ8nkJM6JAenlMD_wTo8LHe_zG4-bRjK6V-Kd0dRiVbzREYwvWR1dd1Oh9Z8NT5vua--4BfD19xBN4dWYE.A8SJA2Q6qb0-UMxCpHWrPbzoxTUo96GfYVPum1si8as&dib_tag=se&qid=1756097733&refinements=p_n_g-101014971069111%3A119653281011&s=electronics&sr=1-8956,False
"UGREEN FineTrack Slim S Bluetooth Tracker Tags Work with Samsung SmartThings APP (Samsung Only), 1.7mm Ultra-Slim Wallet Card Finder, Rechargeable IP68 Waterproof Tracker Card for Wallet, Key, Luggage",Phone & Tablet Accessories,True,,Other,Other,25.99,Ugreen,/UGREEN-SmartThings-Ultra-Slim-Rechargeable-Waterproof/dp/B0DPQPPNPR/ref=sr_1_8966?dib=eyJ2IjoiMSJ9.PFj4pedzRCSuHJbQsmwm_SkwpA8JBvL-d1wR-xWg6BQ4EZKpAH_gLh2PPpwvcQIOwuB35uhLiU5A2lIiT4hv4x6HBBckfKCFiW8wsPbBuQ3Pb5eUPtDYscRT9A_XkX1y2dtndRhW8q6qw0X4n27CdF7CaoRK0ufJUWCGTeLAFgwVyMqMWvbQ2J92iyhprcYwe2etBM4KYb6UFtv4VHhi41foo0QU95m_aDk9Zrf_euEHEnuSLUXjN0J9hoDSDKovyLmBOL4B-sAjXpymOyiWcVPjvevgUyRaM1094uahL10.KBi96sX3FGNglyL5rWG4DsEB75dzgALcbsWtey2V0gU&dib_tag=se&qid=1756097748&refinements=p_n_g-101014971069111%3A119653281011&s=electronics&sr=1-8966,False
Google 30W USB-C - Fast Charging Pixel Phone Charger - Compatible with Google Products and Other USB-C devices,Cables & Charging,True,,Cables & Charging,Phone & Tablet Accessories,22.95,Google,/Google-30W-USB-C-Charger-Compatible/dp/B09HLDLK54/ref=sr_1_8963?dib=eyJ2IjoiMSJ9.PFj4pedzRCSuHJbQsmwm_SkwpA8JBvL-d1wR-xWg6BQ4EZKpAH_gLh2PPpwvcQIOwuB35uhLiU5A2lIiT4hv4x6HBBckfKCFiW8wsPbBuQ3Pb5eUPtDYscRT9A_XkX1y2dtndRhW8q6qw0X4n27CdF7CaoRK0ufJUWCGTeLAFgwVyMqMWvbQ2J92iyhprcYwe2etBM4KYb6UFtv4VHhi41foo0QU95m_aDk9Zrf_euEHEnuSLUXjN0J9hoDSDKovyLmBOL4B-sAjXpymOyiWcVPjvevgUyRaM1094uahL10.KBi96sX3FGNglyL5rWG4DsEB75dzgALcbsWtey2V0gU&dib_tag=se&qid=1756097748&refinements=p_n_g-101014971069111%3A119653281011&s=electronics&sr=1-8963,True
Synology BeeStation Plus 8TB Personal Cloud Storage Device (BST170-8T),Storage & Memory Cards,True,,Storage & Memory Cards,Other,409.99,Synology,/Synology-BeeStation-Personal-Storage-BST170-8T/dp/B0CGHQ2JGH/ref=sr_1_8961?dib=eyJ2IjoiMSJ9.PFj4pedzRCSuHJbQsmwm_SkwpA8JBvL-d1wR-xWg6BQ4EZKpAH_gLh2PPpwvcQIOwuB35uhLiU5A2lIiT4hv4x6HBBckfKCFiW8wsPbBuQ3Pb5eUPtDYscRT9A_XkX1y2dtndRhW8q6qw0X4n27CdF7CaoRK0ufJUWCGTeLAFgwVyMqMWvbQ2J92iyhprcYwe2etBM4KYb6UFtv4VHhi41foo0QU95m_aDk9Zrf_euEHEnuSLUXjN0J9hoDSDKovyLmBOL4B-sAjXpymOyiWcVPjvevgUyRaM1094uahL10.KBi96sX3FGNglyL5rWG4DsEB75dzgALcbsWtey2V0gU&dib_tag=se&qid=1756097748&refinements=p_n_g-101014971069111%3A119653281011&s=electronics&sr=1-8961,True
"Taramps The Big Boss 5 Bass Black Monoblock RGB Effects 0.5~2 Ohms 5000 Watts Rms Multi-Impedance Digital Amplifier Car Audio System, LED Monitor Indicator, Class D, Crossover, 5k amp, Great for Subs",Audio,False,"car audio amplifier, could also fit Car Electronics",Audio,Monitors & Displays,499.0,Taramps,/Taramps-Version-Monoblock-Amplifier-Multi-Impedance/dp/B0D7J2PLRL/ref=sr_1_9051?dib=eyJ2IjoiMSJ9.RZXBvHUS2nf-IgEtrCizLK_LvvpwA3uQbmTiz0AyataeSbp9bH6QP0Wz9Xg0PHnqq-ycXnQ9C16vzmcqRF_-YTOFsZwuxJtx-1ulcaCv7pNfDl8xqxLIKts2t8BP6RvKM-1e6Yia9OuklG1FaAdWGLuL_h_41lpGNpz9TJA5Wy08QrrcaFQxDE9PpZYsU-yb66c7nAFuovP17lgovJh8a5KzgYIPT_i9_GKVB3XEQEXdHMlGDopeR126k1pxJkUEOx836PaKdu4gDgCktILLe_pzw6ZaUYKjaGp6noZRhXg.Qodhl8bfPesT2CCoaf5HdEVBMc68gGY6k0aZSAQIr8k&dib_tag=se&qid=1756097798&refinements=p_n_g-101014971069111%3A119653281011&s=electronics&sr=1-9051,True
JABRA EVOLVE 20 MS MONO,Audio,True,,Other,Other,39.43,Jabra,/JABRA-EVOLVE-20-MS-MONO/dp/B00OD74W5U/ref=sr_1_9051?dib=eyJ2IjoiMSJ9.-VCyOrIrwX94tC7yI6Z_sKc7BbL2SgoI5CsAx-_p5ESgX3souzsqBThsuru7_aP_yWcKIAgES75esIdAQvLt7HbJa94lsYrdoOpMhDF99T3OYArhJiNTibvqfoU-a6frDNg4ypjXWVU1SgZPgv5UrekQMTbbr0FxpDJjup6QqZbciyVTeyY-kXp784Qmiv2phx2EXrLndCLRx6SLNYeE_DNtECOuNW1agwA1xx5IwsShWVHB7KrLy_5PY_-JXMQGqpz15LkX2BncbTIjiIrEsfzmgdXElB0c2OQqV0867LQ.4E65eTUjxgkKRZzev1e8tUHk_FQViqgB3wlgeTxBRQ4&dib_tag=se&qid=1756097787&refinements=p_n_g-101014971069111%3A119653281011&s=electronics&sr=1-9051,False
"Corsair Flash Survivor Stealth 128GB USB 3.0 Flash Drive, Black",Storage & Memory Cards,True,,Storage & Memory Cards,Cameras & Photography,29.99,Corsair,/Corsair-Flash-Survivor-Stealth-128GB/dp/B00YHL1OKI/ref=sr_1_9050?dib=eyJ2IjoiMSJ9.-VCyOrIrwX94tC7yI6Z_sKc7BbL2SgoI5CsAx-_p5ESgX3souzsqBThsuru7_aP_yWcKIAgES75esIdAQvLt7HbJa94lsYrdoOpMhDF99T3OYArhJiNTibvqfoU-a6frDNg4ypjXWVU1SgZPgv5UrekQMTbbr0FxpDJjup6QqZbciyVTeyY-kXp784Qmiv2phx2EXrLndCLRx6SLNYeE_DNtECOuNW1agwA1xx5IwsShWVHB7KrLy_5PY_-JXMQGqpz15LkX2BncbTIjiIrEsfzmgdXElB0c2OQqV0867LQ.4E65eTUjxgkKRZzev1e8tUHk_FQViqgB3wlgeTxBRQ4&dib_tag=se&qid=1756097787&refinements=p_n_g-101014971069111%3A119653281011&s=electronics&sr=1-9050,True
Ooma HD3 Handset Cordless with Caller-ID and HD Voice Quality. Exclusively for Ooma Telo VoIP Home Phone Service,Phone & Tablet Accessories,True,,Audio,Phone & Tablet Accessories,49.99,Ooma,/HD3-Cordless-Caller-ID-Quality-Exclusively/dp/B078H4FHGJ/ref=sr_1_9098?dib=eyJ2IjoiMSJ9.tRzs8ecYdgdx-BN9Z-xtikM3k2gLpTyQEvslaFkzvGULb17UkzI-FqK8n0eEDJx5ZnsudakG_gPGxzVUOqm1GeHZdXow1qzazmc72GepyiKLeR_jE2GLmY9CuyoRYBAhYhCt10JUk_R16jL34uEG07b3skgiYMKU8Q1g6x-FId9HE1zT40qK4T3EAULeInRelpPDFLkiOJ-tH2n0fvxyIUFW9xfF0YHkjJBwYElrrFBMGZPyE1rSrdfT4KyOlNiuS4-cW01vri8_8ESdohkmntKppFntJMehWkl1evr6ynE.h_E0qEa6dpFbZn3mXFQA-Ho_gNFLmJFBJUOapztpcgo&dib_tag=se&qid=1756097811&refinements=p_n_g-101014971069111%3A119653281011&s=electronics&sr=1-9098,False
"Tilta NP-FZ100 Portable Charging Station - Green | Charge 4 Batteries w/USB-C PD 45W Fast Charge | Safe for A6600, A6700, A7C, A7III, A7IV, A7RIII/IV, A7S Il, FX3,FX30,A1,ZV-E1",Cables & Charging,True,,Cables & Charging,Batteries,29.0,Tilta,/Tilta-NP-FZ100-Portable-Charging-Station/dp/B0DZ4XLB13/ref=sr_1_8997?dib=eyJ2IjoiMSJ9.pqAMtSMuX1CxhV2zfyMuzivGrY_IofjPPfRPMbsp5NPJPsYbod03yTudmyfPnue55Orf6f_00pdSJPHZqB2HZcKwaK8BhVyNXMPKn-H3aWJAjeyMGAbb-TYGmmPKO2q2Jgi1mYmMWwJ-vK2wiMFoYBl-s0pN5o95t_831ilMQBqBeZ80dS5HECav3d8B4kEI4nJQXbNs65YOlVGvMhQV-xffw3LPyizK-QWVtpwP4jYVbhBaVWebGNw-sXVgV7Zw91EUn65wgGzGaStc4wMPP1kwEYpNNTT5cYYON_-_n1E.0nlQ4gzoekM4onp9HQgKQ30m9Yr2a5OsHLwZ30tbA00&dib_tag=se&qid=1756097762&refinements=p_n_g-101014971069111%3A119653281011&s=electronics&sr=1-8997,True
Insta360 Bike Computer Mount (Independent Handlebars),Cameras & Photography,True,,Other,Other,30.99,Insta360,/Insta360-Computer-Mount-Independent-Handlebars/dp/B0DPQG2WRJ/ref=sr_1_9046?dib=eyJ2IjoiMSJ9.-VCyOrIrwX94tC7yI6Z_sKc7BbL2SgoI5CsAx-_p5ESgX3souzsqBThsuru7_aP_yWcKIAgES75esIdAQvLt7HbJa94lsYrdoOpMhDF99T3OYArhJiNTibvqfoU-a6frDNg4ypjXWVU1SgZPgv5UrekQMTbbr0FxpDJjup6QqZbciyVTeyY-kXp784Qmiv2phx2EXrLndCLRx6SLNYeE_DNtECOuNW1agwA1xx5IwsShWVHB7KrLy_5PY_-JXMQGqpz15LkX2BncbTIjiIrEsfzmgdXElB0c2OQqV0867LQ.4E65eTUjxgkKRZzev1e8tUHk_FQViqgB3wlgeTxBRQ4&dib_tag=se&qid=1756097787&refinements=p_n_g-101014971069111%3A119653281011&s=electronics&sr=1-9046,False
Vortex Optics Arca-Swiss Quick Release Plate,Cameras & Photography,False,"Arca-Swiss tripod plate from an optics brand, could fit Optics",Other,Other,,Vortex,/Vortex-Optics-Arca-Swiss-Quick-Release/dp/B08SC3T5MF/ref=sr_1_9044?dib=eyJ2IjoiMSJ9.-VCyOrIrwX94tC7yI6Z_sKc7BbL2SgoI5CsAx-_p5ESgX3souzsqBThsuru7_aP_yWcKIAgES75esIdAQvLt7HbJa94lsYrdoOpMhDF99T3OYArhJiNTibvqfoU-a6frDNg4ypjXWVU1SgZPgv5UrekQMTbbr0FxpDJjup6QqZbciyVTeyY-kXp784Qmiv2phx2EXrLndCLRx6SLNYeE_DNtECOuNW1agwA1xx5IwsShWVHB7KrLy_5PY_-JXMQGqpz15LkX2BncbTIjiIrEsfzmgdXElB0c2OQqV0867LQ.4E65eTUjxgkKRZzev1e8tUHk_FQViqgB3wlgeTxBRQ4&dib_tag=se&qid=1756097787&refinements=p_n_g-101014971069111%3A119653281011&s=electronics&sr=1-9044,False
"Logitech Rally bar mini and tap IP Bundle, 1920 Pixels x 1080 Pixels, Graphite",Cameras & Photography,False,"video conferencing bar with camera+mic+speaker, no exact category fits",Other,Other,3599.0,Logitech,/LOGITECH-VC-Rally-Mini-Bundle/dp/B0B18LR5NV/ref=sr_1_9028?dib=eyJ2IjoiMSJ9.-VCyOrIrwX94tC7yI6Z_sKc7BbL2SgoI5CsAx-_p5ESgX3souzsqBThsuru7_aP_yWcKIAgES75esIdAQvLt7HbJa94lsYrdoOpMhDF99T3OYArhJiNTibvqfoU-a6frDNg4ypjXWVU1SgZPgv5UrekQMTbbr0FxpDJjup6QqZbciyVTeyY-kXp784Qmiv2phx2EXrLndCLRx6SLNYeE_DNtECOuNW1agwA1xx5IwsShWVHB7KrLy_5PY_-JXMQGqpz15LkX2BncbTIjiIrEsfzmgdXElB0c2OQqV0867LQ.4E65eTUjxgkKRZzev1e8tUHk_FQViqgB3wlgeTxBRQ4&dib_tag=se&qid=1756097787&refinements=p_n_g-101014971069111%3A119653281011&s=electronics&sr=1-9028,False
"Desktop Gooseneck Wired Microphone System - Table Mounted Corded Voice Condenser Mic with Pop Filter - XLR to 1/4'' Sound Cord - for Karaoke, Conference, Studio Audio Recording - Pyle PDMIKC5 Black",Audio,True,,Audio,Computers & Laptops,35.99,Desktop,/Desktop-Gooseneck-Wired-Microphone-System/dp/B003GEH3DY/ref=sr_1_9015?dib=eyJ2IjoiMSJ9.30cNIJPFvYW2giEChuC8m84WkbpQTO8AH-mU2ldeW2Kg65E9Vn6BCIeFBns_Z-WzN3m38HEu6CiJ666DW8fnEEeU9yapRUq4D9KuB2KgGvKVvExAThwBz9T2v44sP15HYHMHhfQVlwAjLw4EE4ljXvrCzl3ZGVt9kioKNfss4DZj85FeuDtZRfsMTqCwoDldOeyIMlBXPp2IKYbNcu0vMvmgXUS7OpQJ4xBdnioX3gXVZG3pbERPVU9rMjJ5mmzXx15ek00rdP2ZoXaGKZOjuqbukrhpVu3R3syFlfTWP_4.lKIgMoBRiBM0E9pZmi_EefSTYGJ1MsZbA74sIkH8df8&dib_tag=se&qid=1756097773&refinements=p_n_g-101014971069111%3A119653281011&s=electronics&sr=1-9015,True
Nikon EN-EL15c Rechargeable Li-ion Battery for Compatible DSLR and Mirrorless Cameras (Genuine Accessory),Batteries,True,,Batteries,Cameras & Photography,,Nikon,/Nikon-EN-EL15c-Rechargeable-Li-ion-Battery/dp/B08DDKS7DV/ref=sr_1_9201?dib=eyJ2IjoiMSJ9.WBYUnseBwD6TULOBRn7P0p9JUlcX-GP8S2m4mfU6CHVxi7Vro6eY5z_157xx4VIuqc45sNdelXt46eDwQlVEUfTTmZ1CeVLCJhSPazV85qrX3ztjRRavU1cMe_oRvOBpyp-CyMRmqKMngSf0GMnl_6G0MVUBDyyM4IS42NW5pNERijgy2FsnwHgbjPE7mweYyn_wuEkC4Ty2LuQqRkKroq4st0uhb7oAzKn1pkcmaker6DxVRYNbL9Bl63i_tA-T9-MVrFH6Kj2vT2xgNj4X-yCXNlZSCKlNxDGD1d_yMKc.ifWQZrcMk1_4Nn6VAktQr69xbnlqJPhX7VO2u9tXnG4&dib_tag=se&qid=1756097872&refinements=p_n_g-101014971069111%3A119653281011&s=electronics&sr=1-9201,True
"Anker USB-C Hub (6-in-1) with 4K HDMI, Multi-Function Ports, SD and microSD Card Slots, for iPad Pro/iPad Air/iPad Mini 6th Gen and Later (Gray)",Cables & Charging,True,,Cables & Charging,Storage & Memory Cards,45.99,Anker,/Anker-USB-C-Multi-Function-microSD-Slots/dp/B09XDZKH5P/ref=sr_1_9187?dib=eyJ2IjoiMSJ9.Kx6oepMwbwz3RkyR9oZ6BB5UvoodYvV2F0h2PcZW6V4A3cowNABPcJREW9bw4BdDDPC5NPu9Z1rA9zY_dfOiXQ4-KjZvluYSDZkDik5sGMUp_xoD7rqjUw_wyuDJcC6KLPkiAsNnED9XDtoCY1Ie66uEpcAIqbB9Nl8NP7yi-9j1FmXbtVMNm99JTyDICb1HeE4RHcdsjVEMEmxMPoalye-g4WpxxmH4jHP9NCMtdQ2RB-vtiZ3ctW5-t6acBK1pxgIHAL7WaeChyE0ZQDKLrfKDJOcX0IfqukYkvYlR3W4.wnIFn2AVv_USkqi643RIOt8WqQPmZ0EtC5J0-z9kwNU&dib_tag=se&qid=1756097860&refinements=p_n_g-101014971069111%3A119653281011&s=electronics&sr=1-9187,True
"Blackview Smart Glasses, 5.3 Bluetooth Sunglasses with Open Ear Speaker, Voice Assistant Compatible, Blue Light Blocking Lens",Smart Home & Wearables,True,,Monitors & Displays,Audio,44.9925,Blackview,/Blackview-Smart-Glasses-Sunglasses-Compatible/dp/B0DGLMMTTC/ref=sr_1_9198?dib=eyJ2IjoiMSJ9.WBYUnseBwD6TULOBRn7P0p9JUlcX-GP8S2m4mfU6CHVxi7Vro6eY5z_157xx4VIuqc45sNdelXt46eDwQlVEUfTTmZ1CeVLCJhSPazV85qrX3ztjRRavU1cMe_oRvOBpyp-CyMRmqKMngSf0GMnl_6G0MVUBDyyM4IS42NW5pNERijgy2FsnwHgbjPE7mweYyn_wuEkC4Ty2LuQqRkKroq4st0uhb7oAzKn1pkcmaker6DxVRYNbL9Bl63i_tA-T9-MVrFH6Kj2vT2xgNj4X-yCXNlZSCKlNxDGD1d_yMKc.ifWQZrcMk1_4Nn6VAktQr69xbnlqJPhX7VO2u9tXnG4&dib_tag=se&qid=1756097872&refinements=p_n_g-101014971069111%3A119653281011&s=electronics&sr=1-9198,False
Nvidia 3080 Founders Edition (Renewed),Computers & Laptops,True,,Monitors & Displays,Other,429.99,Nvidia,/Nvidia-3080-Founders-Edition-Renewed/dp/B09WRXNXJ1/ref=sr_1_9195?dib=eyJ2IjoiMSJ9.WBYUnseBwD6TULOBRn7P0p9JUlcX-GP8S2m4mfU6CHVxi7Vro6eY5z_157xx4VIuqc45sNdelXt46eDwQlVEUfTTmZ1CeVLCJhSPazV85qrX3ztjRRavU1cMe_oRvOBpyp-CyMRmqKMngSf0GMnl_6G0MVUBDyyM4IS42NW5pNERijgy2FsnwHgbjPE7mweYyn_wuEkC4Ty2LuQqRkKroq4st0uhb7oAzKn1pkcmaker6DxVRYNbL9Bl63i_tA-T9-MVrFH6Kj2vT2xgNj4X-yCXNlZSCKlNxDGD1d_yMKc.ifWQZrcMk1_4Nn6VAktQr69xbnlqJPhX7VO2u9tXnG4&dib_tag=se&qid=1756097872&refinements=p_n_g-101014971069111%3A119653281011&s=electronics&sr=1-9195,False
"Logitech Wireless Combo MK270, Pack of 4,Black",Keyboards & Mice,True,,Keyboards & Mice,Other,,Logitech,/Logitech-Wireless-Combo-MK270-Pack/dp/B08H6Y88K4/ref=sr_1_9192?dib=eyJ2IjoiMSJ9.Kx6oepMwbwz3RkyR9oZ6BB5UvoodYvV2F0h2PcZW6V4A3cowNABPcJREW9bw4BdDDPC5NPu9Z1rA9zY_dfOiXQ4-KjZvluYSDZkDik5sGMUp_xoD7rqjUw_wyuDJcC6KLPkiAsNnED9XDtoCY1Ie66uEpcAIqbB9Nl8NP7yi-9j1FmXbtVMNm99JTyDICb1HeE4RHcdsjVEMEmxMPoalye-g4WpxxmH4jHP9NCMtdQ2RB-vtiZ3ctW5-t6acBK1pxgIHAL7WaeChyE0ZQDKLrfKDJOcX0IfqukYkvYlR3W4.wnIFn2AVv_USkqi643RIOt8WqQPmZ0EtC5J0-z9kwNU&dib_tag=se&qid=1756097860&refinements=p_n_g-101014971069111%3A119653281011&s=electronics&sr=1-9192,True
"Maxell CD & DVD Quick Wipes, Remove Dirt, dust, and smudges, Great for DVDs, CDs, Playstation Discs, and Xbox Discs, 20PK (190511)",Non-Electronics,False,cleaning wipes for CDs/DVDs; generic cleaning product but electronics-media specific,Storage & Memory Cards,Gaming,7.83,Maxell,/Maxell-Remove-smudges-Playstation-190511/dp/B0BC2DX4VQ/ref=sr_1_9189?dib=eyJ2IjoiMSJ9.Kx6oepMwbwz3RkyR9oZ6BB5UvoodYvV2F0h2PcZW6V4A3cowNABPcJREW9bw4BdDDPC5NPu9Z1rA9zY_dfOiXQ4-KjZvluYSDZkDik5sGMUp_xoD7rqjUw_wyuDJcC6KLPkiAsNnED9XDtoCY1Ie66uEpcAIqbB9Nl8NP7yi-9j1FmXbtVMNm99JTyDICb1HeE4RHcdsjVEMEmxMPoalye-g4WpxxmH4jHP9NCMtdQ2RB-vtiZ3ctW5-t6acBK1pxgIHAL7WaeChyE0ZQDKLrfKDJOcX0IfqukYkvYlR3W4.wnIFn2AVv_USkqi643RIOt8WqQPmZ0EtC5J0-z9kwNU&dib_tag=se&qid=1756097860&refinements=p_n_g-101014971069111%3A119653281011&s=electronics&sr=1-9189,False
NZXT Signal HD60 Full HD USB Capture Card - ST-EESC1-WW - HD60 (1080p) - Live Streaming and Gaming - Zero-Lag Passthrough - Open Compatibility,Cameras & Photography,True,,Storage & Memory Cards,Cameras & Photography,69.99,Nzxt,/NZXT-Signal-HD60-Full-Capture/dp/B0B33XQ79Y/ref=sr_1_9121?dib=eyJ2IjoiMSJ9.sydpdpnY4ONvUs9Rz8Hka5CEVuciTaKnnv6KCjnIzJ_Wx8dumJz1OYIkn9dkwMiAYJocWEScyEfzipTlqs-LamO1ZFSPORPX6WjLswuCSJ20tCnBcj6_wGTMid5fDrcLcDfrpp2XONO9fYr2DChjlpwrKPKWKePvKzvI7FM6ZTlHFhN9JBD14cb7ZQmWi-XaukuJN0oNPp9XrkCy8AtmQNSctNsGE4fzM0gPFvKrq7TSuxSfynrb6dpODKnsPMi-m7p57mZ5sGR9qozdgfei5nmhRLmJTGL7q2atAtmZhng._tGkvr-Y464czlhaEB37_XxUy6aTjFbNnnu69km5dHA&dib_tag=se&qid=1756097833&refinements=p_n_g-101014971069111%3A119653281011&s=electronics&sr=1-9121,False
Western Digital DC HC550 18TB SATA 6Gb/s 7200RPM 3.5-inch Enterprise HDD - WUH721818ALE604 (0F38453) (Renewed),Storage & Memory Cards,True,,Computers & Laptops,Storage & Memory Cards,249.99,Western Digital,/Western-Digital-7200RPM-3-5-inch-Enterprise/dp/B09RYLD7GL/ref=sr_1_9125?dib=eyJ2IjoiMSJ9.sydpdpnY4ONvUs9Rz8Hka5CEVuciTaKnnv6KCjnIzJ_Wx8dumJz1OYIkn9dkwMiAYJocWEScyEfzipTlqs-LamO1ZFSPORPX6WjLswuCSJ20tCnBcj6_wGTMid5fDrcLcDfrpp2XONO9fYr2DChjlpwrKPKWKePvKzvI7FM6ZTlHFhN9JBD14cb7ZQmWi-XaukuJN0oNPp9XrkCy8AtmQNSctNsGE4fzM0gPFvKrq7TSuxSfynrb6dpODKnsPMi-m7p57mZ5sGR9qozdgfei5nmhRLmJTGL7q2atAtmZhng._tGkvr-Y464czlhaEB37_XxUy6aTjFbNnnu69km5dHA&dib_tag=se&qid=1756097833&refinements=p_n_g-101014971069111%3A119653281011&s=electronics&sr=1-9125,False
"Peak Design Everyday Sling 10L, Ideal for Carrying Cameras or Everyday Essentials for Men and Women",Bags & Cases,True,,Networking,Bags & Cases,,Peak,/Peak-Design-Everyday-Sling-Ash/dp/B07ZTQNBMX/ref=sr_1_9127?dib=eyJ2IjoiMSJ9.sydpdpnY4ONvUs9Rz8Hka5CEVuciTaKnnv6KCjnIzJ_Wx8dumJz1OYIkn9dkwMiAYJocWEScyEfzipTlqs-LamO1ZFSPORPX6WjLswuCSJ20tCnBcj6_wGTMid5fDrcLcDfrpp2XONO9fYr2DChjlpwrKPKWKePvKzvI7FM6ZTlHFhN9JBD14cb7ZQmWi-XaukuJN0oNPp9XrkCy8AtmQNSctNsGE4fzM0gPFvKrq7TSuxSfynrb6dpODKnsPMi-m7p57mZ5sGR9qozdgfei5nmhRLmJTGL7q2atAtmZhng._tGkvr-Y464czlhaEB37_XxUy6aTjFbNnnu69km5dHA&dib_tag=se&qid=1756097833&refinements=p_n_g-101014971069111%3A119653281011&s=electronics&sr=1-9127,False
MikroTik MikroTik hAP ax2 US Version (C52iG-5HaxD2HaxD-TC-US),Networking,True,,Networking,Other,91.9,Mikrotik,/MikroTik-hAP-ax2-Version-C52iG-5HaxD2HaxD-TC-US/dp/B0BWMLVG8T/ref=sr_1_9155?dib=eyJ2IjoiMSJ9.AP1EqBSCGMxz5jKnpHNiKkNrtsbsTpfLscEMjI27C1t6qVgR9keu2nZy8pLDuDz5qDWhfdoYDJAHMFrYoSsbiDb6LAO8Z1kAqrIIeJOqxJ7hwASSX0AlBsJ17pZzv9jelVhh2nR6Fnn966wsQiHThzH-2DiRaKsUcqzIKvxdPDUq31ptvtou_G_sAtXGt6p1LZHjQOEATHzzLY8WPkM76VCbUQs3_A5MM3-aO0Gz4LnIfHvgfqnvwC4q0XoV96c-BNQB0VuzmVHQPOBZqWyNBAp4AkU21WgLbcKUXik1clU.cC2gyadLyyFlD15AoRdx_HmCq4ODspBR-Wm9y7zgn6U&dib_tag=se&qid=1756097847&refinements=p_n_g-101014971069111%3A119653281011&s=electronics&sr=1-9155,True
"Canon EOS R3 Mirrorless Camera (Body Only), Full-Frame Camera, 6K 60p RAW, 4K 120p Video, 24.1 Megapixel CMOS Sensor, DIGIC X Image Processor, for Sports, Action, Black",Cameras & Photography,True,,Cameras & Photography,Computers & Laptops,4399.0,Canon,/Canon-Mirrorless-Full-Frame-Megapixel-Processor/dp/B09FFTM3F6/ref=sr_1_9143?dib=eyJ2IjoiMSJ9.sydpdpnY4ONvUs9Rz8Hka5CEVuciTaKnnv6KCjnIzJ_Wx8dumJz1OYIkn9dkwMiAYJocWEScyEfzipTlqs-LamO1ZFSPORPX6WjLswuCSJ20tCnBcj6_wGTMid5fDrcLcDfrpp2XONO9fYr2DChjlpwrKPKWKePvKzvI7FM6ZTlHFhN9JBD14cb7ZQmWi-XaukuJN0oNPp9XrkCy8AtmQNSctNsGE4fzM0gPFvKrq7TSuxSfynrb6dpODKnsPMi-m7p57mZ5sGR9qozdgfei5nmhRLmJTGL7q2atAtmZhng._tGkvr-Y464czlhaEB37_XxUy6aTjFbNnnu69km5dHA&dib_tag=se&qid=1756097833&refinements=p_n_g-101014971069111%3A119653281011&s=electronics&sr=1-9143,True
"TC Electronic POLYTUNE CLIP Clip-On Tuner with Polyphonic, Strobe and Chromatic Modes and 108 LED Matrix Display for Ultimate Tuning Performance",Audio,False,"clip-on instrument tuner, no exact category",Audio,Monitors & Displays,58.5,Tc,/TC-Electronic-Polytune-Guitar-Black/dp/B01M1OPRJZ/ref=sr_1_9141?dib=eyJ2IjoiMSJ9.sydpdpnY4ONvUs9Rz8Hka5CEVuciTaKnnv6KCjnIzJ_Wx8dumJz1OYIkn9dkwMiAYJocWEScyEfzipTlqs-LamO1ZFSPORPX6WjLswuCSJ20tCnBcj6_wGTMid5fDrcLcDfrpp2XONO9fYr2DChjlpwrKPKWKePvKzvI7FM6ZTlHFhN9JBD14cb7ZQmWi-XaukuJN0oNPp9XrkCy8AtmQNSctNsGE4fzM0gPFvKrq7TSuxSfynrb6dpODKnsPMi-m7p57mZ5sGR9qozdgfei5nmhRLmJTGL7q2atAtmZhng._tGkvr-Y464czlhaEB37_XxUy6aTjFbNnnu69km5dHA&dib_tag=se&qid=1756097833&refinements=p_n_g-101014971069111%3A119653281011&s=electronics&sr=1-9141,True
Fjallraven Raven 28 - Navy,Non-Electronics,True,,Other,Other,115.68,Fjallraven,/Fj%C3%A4llr%C3%A4ven-Raven-Navy-One-Size/dp/B0B5P94ZWT/ref=sr_1_9131?dib=eyJ2IjoiMSJ9.sydpdpnY4ONvUs9Rz8Hka5CEVuciTaKnnv6KCjnIzJ_Wx8dumJz1OYIkn9dkwMiAYJocWEScyEfzipTlqs-LamO1ZFSPORPX6WjLswuCSJ20tCnBcj6_wGTMid5fDrcLcDfrpp2XONO9fYr2DChjlpwrKPKWKePvKzvI7FM6ZTlHFhN9JBD14cb7ZQmWi-XaukuJN0oNPp9XrkCy8AtmQNSctNsGE4fzM0gPFvKrq7TSuxSfynrb6dpODKnsPMi-m7p57mZ5sGR9qozdgfei5nmhRLmJTGL7q2atAtmZhng._tGkvr-Y464czlhaEB37_XxUy6aTjFbNnnu69km5dHA&dib_tag=se&qid=1756097833&refinements=p_n_g-101014971069111%3A119653281011&s=electronics&sr=1-9131,False
"DEWALT Heavy Duty Wireless Charger, 15W Max Cell Phone Charger, Fast Wireless Charging Pad for MagSafe Compatible iPhone 16/16 Plus/16 Pro Max/15/14/13/12, Includes Wall Mounting Plate (No AC Adapter)",Cables & Charging,True,,Cables & Charging,Phone & Tablet Accessories,40.831,Dewalt,/DEWALT-Wireless-Charging-Compatible-Mounting/dp/B0D7RG8P81/ref=sr_1_9128?dib=eyJ2IjoiMSJ9.sydpdpnY4ONvUs9Rz8Hka5CEVuciTaKnnv6KCjnIzJ_Wx8dumJz1OYIkn9dkwMiAYJocWEScyEfzipTlqs-LamO1ZFSPORPX6WjLswuCSJ20tCnBcj6_wGTMid5fDrcLcDfrpp2XONO9fYr2DChjlpwrKPKWKePvKzvI7FM6ZTlHFhN9JBD14cb7ZQmWi-XaukuJN0oNPp9XrkCy8AtmQNSctNsGE4fzM0gPFvKrq7TSuxSfynrb6dpODKnsPMi-m7p57mZ5sGR9qozdgfei5nmhRLmJTGL7q2atAtmZhng._tGkvr-Y464czlhaEB37_XxUy6aTjFbNnnu69km5dHA&dib_tag=se&qid=1756097833&refinements=p_n_g-101014971069111%3A119653281011&s=electronics&sr=1-9128,True
"OtterBox OTTERSHELL Series Chromebook, Notebook, and Laptop 11” – 11.6” Portfolio - Black (Non-Retail/Ships in Polybag)",Bags & Cases,True,,Phone & Tablet Accessories,Computers & Laptops,19.95,Otterbox,/OtterBox-OTTERSHELL-Chromebook-Notebook-Laptop/dp/B09V1T7CWS/ref=sr_1_9138?dib=eyJ2IjoiMSJ9.sydpdpnY4ONvUs9Rz8Hka5CEVuciTaKnnv6KCjnIzJ_Wx8dumJz1OYIkn9dkwMiAYJocWEScyEfzipTlqs-LamO1ZFSPORPX6WjLswuCSJ20tCnBcj6_wGTMid5fDrcLcDfrpp2XONO9fYr2DChjlpwrKPKWKePvKzvI7FM6ZTlHFhN9JBD14cb7ZQmWi-XaukuJN0oNPp9XrkCy8AtmQNSctNsGE4fzM0gPFvKrq7TSuxSfynrb6dpODKnsPMi-m7p57mZ5sGR9qozdgfei5nmhRLmJTGL7q2atAtmZhng._tGkvr-Y464czlhaEB37_XxUy6aTjFbNnnu69km5dHA&dib_tag=se&qid=1756097833&refinements=p_n_g-101014971069111%3A119653281011&s=electronics&sr=1-9138,False
"PNY 128GB PRO Elite™ High Endurance C10 U3 V30 A2 microSDXC – Up to 34.4K Continuous Recording Hours, Up to 100/90MB/s Read/Write, 4K UHD, Full HD, UHS-I, Surveillance, Home Security, Dash Cam, 2-Pack",Storage & Memory Cards,True,,Storage & Memory Cards,Car Electronics,26.99,Pny,/PNY-128GB-EliteTM-Endurance-microSDXC/dp/B0F4LZSFT3/ref=sr_1_9283?dib=eyJ2IjoiMSJ9.aYhLQwchCvVCOMsNQD49s5wlMhulujRSuo-pRiTU1eQ2EDyxJrpZC_MlC8W0o01fXXLnBlXiHNgLDrgukwrzCuUgUnLkbL1NYkFJNv6HcyFyUiw1tvUAINQvCIn-wL5BMQW28cxZiKFoQp9EF3Ih7pwDCqYPxA5Txk6y_asIdkPoWDvpjnoPZJmUcctR8hZwnxi7d73nfFhFNJ8isMDl2ptzAWri5LoD5K8kn3D5XVmLm1GCjYDv8xkFL_6xuuxAav2X-A1J_-HYDK_73fKP5Pb5NrsRIcNGojLwh9Ne0VQ.9j5zzSkagkNiSVqqz370hmB3lfuZTP8PBcBpQ8nu5m0&dib_tag=se&qid=1756097906&refinements=p_n_g-101014971069111%3A119653281011&s=electronics&sr=1-9283,True
OtterBox Thin Flex Series case for The Samsung Z FOLD4 - Pacific Reef (Blue),Phone & Tablet Accessories,True,,Phone & Tablet Accessories,Other,14.95,Otterbox,/OtterBox-THIN-FLEX-Samsung-FOLD4/dp/B0B99LK1R9/ref=sr_1_9282?dib=eyJ2IjoiMSJ9.aYhLQwchCvVCOMsNQD49s5wlMhulujRSuo-pRiTU1eQ2EDyxJrpZC_MlC8W0o01fXXLnBlXiHNgLDrgukwrzCuUgUnLkbL1NYkFJNv6HcyFyUiw1tvUAINQvCIn-wL5BMQW28cxZiKFoQp9EF3Ih7pwDCqYPxA5Txk6y_asIdkPoWDvpjnoPZJmUcctR8hZwnxi7d73nfFhFNJ8isMDl2ptzAWri5LoD5K8kn3D5XVmLm1GCjYDv8xkFL_6xuuxAav2X-A1J_-HYDK_73fKP5Pb5NrsRIcNGojLwh9Ne0VQ.9j5zzSkagkNiSVqqz370hmB3lfuZTP8PBcBpQ8nu5m0&dib_tag=se&qid=1756097906&refinements=p_n_g-101014971069111%3A119653281011&s=electronics&sr=1-9282,True
Bose Wave® Music System III - Graphite Gray,Audio,True,,Audio,Other,,Bose,/Bose-Wave-Music-System-III/dp/B007ZCE4OO/ref=sr_1_9328?dib=eyJ2IjoiMSJ9.feJXov-1RL_-2UVMf3fLeBjRduYdzeBuGO5kGdNBIEZ_L0aA9RwqTiaquKnBOrOk2BFujndEI-iwlB-QPUyUZ7wNMhn9BRNQjBegVcdIn8dYFW-kq_u7AMbQ1qhPTTou5JX5y4ChZxpUH2e3IhV1dv3iD7NTuLgSY2H9qLkN6uK-ac6yXEP6nDRq0s6m_MK6YaeB5Y6hz4G0v2qfJVjbqBiM5NRiaQnT0Aqn9yYBdIlL03OCeMcBBv6H2AU4jI0LHk2k4FtXztoReOTYglJgZr-BY_B90lnV669jAm-qghQ.lvhAY-vay5nlLr9mXRtEKx4WNNuu_ITywuKrE8yRLuI&dib_tag=se&qid=1756097932&refinements=p_n_g-101014971069111%3A119653281011&s=electronics&sr=1-9328,True
"Monoprice Weatherproof Hard Case - 22 x 14 x 8 Inches, With Customizable Foam, Shockproof, IP67, Ultraviolet And Impact Resistant Material, Black - Pure Outdoor Collection",Bags & Cases,True,,Bags & Cases,Other,92.99,Monoprice,/Monoprice-Weatherproof-Shockproof-Hard-Case/dp/B00SSFAPVI/ref=sr_1_9323?dib=eyJ2IjoiMSJ9.feJXov-1RL_-2UVMf3fLeBjRduYdzeBuGO5kGdNBIEZ_L0aA9RwqTiaquKnBOrOk2BFujndEI-iwlB-QPUyUZ7wNMhn9BRNQjBegVcdIn8dYFW-kq_u7AMbQ1qhPTTou5JX5y4ChZxpUH2e3IhV1dv3iD7NTuLgSY2H9qLkN6uK-ac6yXEP6nDRq0s6m_MK6YaeB5Y6hz4G0v2qfJVjbqBiM5NRiaQnT0Aqn9yYBdIlL03OCeMcBBv6H2AU4jI0LHk2k4FtXztoReOTYglJgZr-BY_B90lnV669jAm-qghQ.lvhAY-vay5nlLr9mXRtEKx4WNNuu_ITywuKrE8yRLuI&dib_tag=se&qid=1756097932&refinements=p_n_g-101014971069111%3A119653281011&s=electronics&sr=1-9323,True
Humminbird LakeMaster Premium Great Lakes V1 Map SD Card for Fish Finders,Marine & GPS,False,map SD card specifically for fish finders vs generic memory card,Storage & Memory Cards,Marine & GPS,141.99,Humminbird,/Humminbird-602002-1-LakeMaster-Premium-Great/dp/B0BG6FTR6P/ref=sr_1_9315?dib=eyJ2IjoiMSJ9.feJXov-1RL_-2UVMf3fLeBjRduYdzeBuGO5kGdNBIEZ_L0aA9RwqTiaquKnBOrOk2BFujndEI-iwlB-QPUyUZ7wNMhn9BRNQjBegVcdIn8dYFW-kq_u7AMbQ1qhPTTou5JX5y4ChZxpUH2e3IhV1dv3iD7NTuLgSY2H9qLkN6uK-ac6yXEP6nDRq0s6m_MK6YaeB5Y6hz4G0v2qfJVjbqBiM5NRiaQnT0Aqn9yYBdIlL03OCeMcBBv6H2AU4jI0LHk2k4FtXztoReOTYglJgZr-BY_B90lnV669jAm-qghQ.lvhAY-vay5nlLr9mXRtEKx4WNNuu_ITywuKrE8yRLuI&dib_tag=se&qid=1756097932&refinements=p_n_g-101014971069111%3A119653281011&s=electronics&sr=1-9315,False
PNY RTX4080 Super Verto OC Triple Fan 16GB GDDR6X HDMI 3xDP,Computers & Laptops,True,,Cables & Charging,Cables & Charging,1211.6,Pny,/PNY-RTX4080-Super-Triple-GDDR6X/dp/B0D4F6DZ4K/ref=sr_1_9236?dib=eyJ2IjoiMSJ9.ydt3HjDv9NziiqKrgan-aYnDtQQtRWyGdxLBqnM7nwjClAH073sPGcoA0yx8WCZEYqmmETbCNoQgva2gVSCqyjrE1lMWFOZdU1L1ev6KDshyiduYKN5Swn668XDJjC_l6jX4wDG6sN9oTt_Qqo1eByfhKy50yPUb3dhWlmgJH0ymERAcfYAfZWi8Iv2GEhoaKX9pFpO0msvivym-Lf7qjd0GTiGXz0ETLeyQi_XbdJTdJCL6sJp2tqChltpsjeQutaDqWDYD8aWxntZYmVdkXfndzysAM_f9hIW1G_iW55M.fGGR-CqHCoeHbTFdHky-KGoziBn8-dzJYhFChphVwuQ&dib_tag=se&qid=1756097884&refinements=p_n_g-101014971069111%3A119653281011&s=electronics&sr=1-9236,False
"Transcend 1TB JDL330, Expansion Card for MacBook M4 Pro 2024, 2023, 2021, Lightweight Design, Up to 95 MB/s, JetDrive Lite 330 - TS1TJDL330",Storage & Memory Cards,False,JetDrive Lite expansion storage card for MacBook SD slot,Storage & Memory Cards,Computers & Laptops,136.99,Transcend,/Transcend-JetDrive-Expansion-MacBook-TS1TJDL330/dp/B09WZDY7MM/ref=sr_1_9245?dib=eyJ2IjoiMSJ9.OdDy-UBwwCM6l0kwvN5Q3OW1GQU9xXYGmowyuvbGayaGOcK295CndPhC_U4ThTS15fdPxfCrRlAH1UN59sJ-q-9-VLKEMzYUGXprX5RaKlKeOF3v5dAu-ZulkLMYJyLyMbXWWcmfxpGN7FuFe8SmC3fO5Mz1YTep0TXlr44CK52GezBHkhiDLC6hbIC2obKIzypp-nUGsn6uwZ2oYn8mDYRJN0urVjUr-VLCnxF3xuB1kfoQyW_KBSpH7Kq5SeC3b-R8hjgut5Xv5cA7rKANSTVPKJxaitzSpKwOlq8eksI.GU5g4tEaLDzwy6bBAZ6OU6OreeGusTWnVcMZGn-_WwM&dib_tag=se&qid=1756097894&refinements=p_n_g-101014971069111%3A119653281011&s=electronics&sr=1-9245,True
"Samsung Galaxy Watch 4 Bluetooth & GPS Smartwatch, 44mm - Silver (Renewed)",Smart Home & Wearables,True,,Smart Home & Wearables,Phone & Tablet Accessories,,Samsung,/Samsung-Smartwatch-Monitor-Detection-Bluetooth/dp/B09HFPN36P/ref=sr_1_9263?dib=eyJ2IjoiMSJ9.OdDy-UBwwCM6l0kwvN5Q3OW1GQU9xXYGmowyuvbGayaGOcK295CndPhC_U4ThTS15fdPxfCrRlAH1UN59sJ-q-9-VLKEMzYUGXprX5RaKlKeOF3v5dAu-ZulkLMYJyLyMbXWWcmfxpGN7FuFe8SmC3fO5Mz1YTep0TXlr44CK52GezBHkhiDLC6hbIC2obKIzypp-nUGsn6uwZ2oYn8mDYRJN0urVjUr-VLCnxF3xuB1kfoQyW_KBSpH7Kq5SeC3b-R8hjgut5Xv5cA7rKANSTVPKJxaitzSpKwOlq8eksI.GU5g4tEaLDzwy6bBAZ6OU6OreeGusTWnVcMZGn-_WwM&dib_tag=se&qid=1756097894&refinements=p_n_g-101014971069111%3A119653281011&s=electronics&sr=1-9263,True
"PGYTECH CapLock U-Bolt Mount Aluminum Alloy Bracket for Insta360 Ace Pro 2/X5/X4/X3, 2 Cushion Block Motorcycle Bike Mount with 1/4"" Thread for Gopro/Osmo Action/Pocket Action Camera Accessories",Cameras & Photography,True,,Phone & Tablet Accessories,Cameras & Photography,39.95,Pgytech,/PGYTECH-CapLock-Aluminum-Insta360-Accessories/dp/B0CQMSYP3Z/ref=sr_1_9412?dib=eyJ2IjoiMSJ9.mC764bgism9eGenNP1Eb-9JOUFocwYpeHFBeh216uzi6qN1_ugBriEXejQPPXNIGxpQeAhw6Hw87_S4ceaC1iblRQ3-J2FrwTJcvRZeFw8XNkpe20qATO63p9q5jNjTYzWHEnr14QpTfvo968EelnOxb6xDaP2QUb5zt-RpekYOhnZweAOY67K7FzzJF9ITPSMSNjD25ck3L25ntjBLZJGXphtHpAfsFVRMFOqhM8aTwuOXHqF4ty1BODhIQEtd4ZA5QMP-5Io_1ig2XNnaM02Ulb3l90tWsSoFPJiPC_PU.-LUlBeZT9QI1wVG-N5SAIB0PT02p0Zd0VO-bZnJKkpY&dib_tag=se&qid=1756097982&refinements=p_n_g-101014971069111%3A119653281011&s=electronics&sr=1-9412,False
Synology DS923+ 4-Bay Diskstation NAS (AMD Ryzen™ 4 Threads R1600 Dual-Core 4GB Ram 2xRJ-45 1GbE LAN-Port) 16TB Bundle with 4X 4TB Seagate IronWolf,Storage & Memory Cards,True,,Storage & Memory Cards,Computers & Laptops,1528.63,Synology,/Synology-Diskstation-Dual-Core-LAN-Port-IronWolf/dp/B0BN1K2YT3/ref=sr_1_9400?dib=eyJ2IjoiMSJ9.ZnSB13tCQIe6u-aNnK1EyWv5i_cYcBC_ImJ47ExO-91OEVAs_VQM_zZaobCb9QCwDYsG4UI9TY-qv9ssJfK4PqlFYJDXXmfAfzeEfDKozQCWk3RXQzSuyPVMo82HQlFgEAYo8dKFXcECGQEiiPIxFPsPNKSD0gfA5bYkv8r6qiQxlZqQG2H4acHmf2RgH724QAZ-PGfJjwhRkJrniXMZWstNlT-l0RlOiD4Jwf5ZHV3gseygENPqL8lHY3dGqqcTYKa5QQZAUXiWB4zIHaz8rB8PljtEpybCQ6iXUDYs2fM.cyYvwZq5EF07UwfZb65lnAwt3PCuRwggm2ksnRrEvJY&dib_tag=se&qid=1756097971&refinements=p_n_g-101014971069111%3A119653281011&s=electronics&sr=1-9400,True
Garmin Instinct Replacement Band,Smart Home & Wearables,True,,Smart Home & Wearables,Other,36.26,Garmin,/Garmin-Instinct-Replacement-Band-Graphite/dp/B07RXRG9Z7/ref=sr_1_9425?dib=eyJ2IjoiMSJ9.mC764bgism9eGenNP1Eb-9JOUFocwYpeHFBeh216uzi6qN1_ugBriEXejQPPXNIGxpQeAhw6Hw87_S4ceaC1iblRQ3-J2FrwTJcvRZeFw8XNkpe20qATO63p9q5jNjTYzWHEnr14QpTfvo968EelnOxb6xDaP2QUb5zt-RpekYOhnZweAOY67K7FzzJF9ITPSMSNjD25ck3L25ntjBLZJGXphtHpAfsFVRMFOqhM8aTwuOXHqF4ty1BODhIQEtd4ZA5QMP-5Io_1ig2XNnaM02Ulb3l90tWsSoFPJiPC_PU.-LUlBeZT9QI1wVG-N5SAIB0PT02p0Zd0VO-bZnJKkpY&dib_tag=se&qid=1756097982&refinements=p_n_g-101014971069111%3A119653281011&s=electronics&sr=1-9425,True
"ASUS ROG Raikiri Pro OLED Display, tri-Mode connectivity, remappable Buttons&triggers, 4 Rear Buttons, Step&Linear triggers, Adjustable Joystick Sensitivity, 3.5mm Jack with ESS DAC, for PC and Xbox",Gaming,True,,Monitors & Displays,Audio,119.99,Asus,/ASUS-ROG-connectivity-remappable-Sensitivity/dp/B0CJN1LXT8/ref=sr_1_9349?dib=eyJ2IjoiMSJ9.fdsegf8K_18QlxyVgM0ZPwt4MCxs6kVyMOBFLTnSgQJ9W3pb4wVX3HFYKKZutpHKGmubUI_1fGrVyR9qctT_Ov1MyLaMUayywmREYyyDulelPI6Ii5u9btd3_BvamFr4OM30-JCkmKjiTuuF7jlwWOo27AUBY0LZAPmnSJIv6ETlchquz76FjJwzJsuyYo4lxFG62NxcsjSt_LL9tei_WCWyoHprzowVrXnTGhwsEZmSMo1u-FP8anOMgqifF-Tjt4iQoA3GBZnP86oP9EXTjQ9yemiQkjLqtiAU7vuBewY.EWMbqcf29uWKl0tWy_Y88BawXAnMJYBSoLYVUQELXYY&dib_tag=se&qid=1756097945&refinements=p_n_g-101014971069111%3A119653281011&s=electronics&sr=1-9349,False
"NEEWER Camera Tripod with Remote, Mini Flexible Vlog Phone Tripod Stand with Action Camera Mount Adapter, Hidden Phone Holder & Cold Shoe Compatible with iPhone Hero13 12 11 10 9, Max Load 4.4lb, TP34",Cameras & Photography,True,,Cameras & Photography,Phone & Tablet Accessories,12.49,Neewer,/Neewer-Flexible-Portable-Streaming-Compatible/dp/B097Y67GRK/ref=sr_1_9342?dib=eyJ2IjoiMSJ9.fdsegf8K_18QlxyVgM0ZPwt4MCxs6kVyMOBFLTnSgQJ9W3pb4wVX3HFYKKZutpHKGmubUI_1fGrVyR9qctT_Ov1MyLaMUayywmREYyyDulelPI6Ii5u9btd3_BvamFr4OM30-JCkmKjiTuuF7jlwWOo27AUBY0LZAPmnSJIv6ETlchquz76FjJwzJsuyYo4lxFG62NxcsjSt_LL9tei_WCWyoHprzowVrXnTGhwsEZmSMo1u-FP8anOMgqifF-Tjt4iQoA3GBZnP86oP9EXTjQ9yemiQkjLqtiAU7vuBewY.EWMbqcf29uWKl0tWy_Y88BawXAnMJYBSoLYVUQELXYY&dib_tag=se&qid=1756097945&refinements=p_n_g-101014971069111%3A119653281011&s=electronics&sr=1-9342,True
"Pelican Vault V300 Hard Case (Camera, Pistol, Gear, Equipment)",Bags & Cases,True,,Bags & Cases,Cameras & Photography,59.95,Pelican,/Vault-V250-Ammo-Case-Pelican/dp/B07JDXGH21/ref=sr_1_9388?dib=eyJ2IjoiMSJ9.ZnSB13tCQIe6u-aNnK1EyWv5i_cYcBC_ImJ47ExO-91OEVAs_VQM_zZaobCb9QCwDYsG4UI9TY-qv9ssJfK4PqlFYJDXXmfAfzeEfDKozQCWk3RXQzSuyPVMo82HQlFgEAYo8dKFXcECGQEiiPIxFPsPNKSD0gfA5bYkv8r6qiQxlZqQG2H4acHmf2RgH724QAZ-PGfJjwhRkJrniXMZWstNlT-l0RlOiD4Jwf5ZHV3gseygENPqL8lHY3dGqqcTYKa5QQZAUXiWB4zIHaz8rB8PljtEpybCQ6iXUDYs2fM.cyYvwZq5EF07UwfZb65lnAwt3PCuRwggm2ksnRrEvJY&dib_tag=se&qid=1756097971&refinements=p_n_g-101014971069111%3A119653281011&s=electronics&sr=1-9388,True
"Westinghouse Roku TV - 43 Inch Smart TV, 1080P FHD Television with Wi-Fi Connectivity and Mobile App, LED Flat Screen Compatible with Apple HomeKit, Alexa and Google Assistant",TV & Home Entertainment,True,,TV & Home Entertainment,Networking,,Westinghouse,/Westinghouse-Roku-Connectivity-Compatible-Assistant/dp/B0CCRC1PP2/ref=sr_1_9371?dib=eyJ2IjoiMSJ9.WVwdokC6euMh797HvkvH4qlA0pRIn1q_PO6my3cEHmJKNU4tdJZ-ujF0rYL70ONHuEqWTydD6VZbG7d8UmjKPalZLsU2ddPz2HbyJ2aFzI5qPPshfa6I8iXrutPsVM6k9EqwCf3ndUuMUPvTT2FuRidoxY7FXww7frWBs7v4blbnXOcKfPOuTZCmIAOKRuXclzMhfokrcn8IIsKKxRRJ5sSdpnBInuCFSgO_xfZySIaYc-R2-8epio_USuARFwdC4wd20qPtDDSfhvLtjZGczaQioPzWYva-YJA7fR4YYac.iYZum28FgRPXuWOXHzFWHGnO2KtkA5FNZa0DNgYI7Ew&dib_tag=se&qid=1756097957&refinements=p_n_g-101014971069111%3A119653281011&s=electronics&sr=1-9371,True
"Panasonic Cordless Phone, 1.6"" Backlit Display, Call Block, Speakerphone, 10 Hours Talk Time, 1 Handset - KX-TGC200W (White)",Phone & Tablet Accessories,True,,Phone & Tablet Accessories,Audio,29.0,Panasonic,/Panasonic-Cordless-Backlit-Display-Speakerphone/dp/B0DV1Z176C/ref=sr_1_9535?dib=eyJ2IjoiMSJ9.JTtEp7NT6b9Z8H-aJIgOih683ACL6Gy4nCZ6oCd1vt_EBSx0yCr9JbcOUvMrTXrAIDflJxOVDyVxT0WvCrfjFAKPDcrumVogazv9VzJtlA7n0jnkAPu6t0imuxECovZCcUT_SOEJEZUZRp8m4J-rOhwy0ZB7JoH49PKsb_wn9JwnQ1hdwvb23X1MxcPSKXLs2pTAE63v1VPpLW8b8SUBYDu9P2TrlgsHCVsVDs5PaU2fAOKUZu-vsj4dhET3d-jiE5U4Xb7IwfSKevfJn-iurH-ZJUSXzkiSVTRDzesbR4A.NdlRvAHFKVon-ElL4ehyMMH4ih7N6ZxUexmNuGvGi4Y&dib_tag=se&qid=1756098048&refinements=p_n_g-101014971069111%3A119653281011&s=electronics&sr=1-9535,True
Ubiquiti Compact 5-Port Gigabit Switch,Networking,True,,Other,Other,,Ubiquiti,/Ubiquiti-3-Pack-Managed-Gigabit-USW-Flex-Mini-3/dp/B08ML5B6BT/ref=sr_1_9532?dib=eyJ2IjoiMSJ9.JTtEp7NT6b9Z8H-aJIgOih683ACL6Gy4nCZ6oCd1vt_EBSx0yCr9JbcOUvMrTXrAIDflJxOVDyVxT0WvCrfjFAKPDcrumVogazv9VzJtlA7n0jnkAPu6t0imuxECovZCcUT_SOEJEZUZRp8m4J-rOhwy0ZB7JoH49PKsb_wn9JwnQ1hdwvb23X1MxcPSKXLs2pTAE63v1VPpLW8b8SUBYDu9P2TrlgsHCVsVDs5PaU2fAOKUZu-vsj4dhET3d-jiE5U4Xb7IwfSKevfJn-iurH-ZJUSXzkiSVTRDzesbR4A.NdlRvAHFKVon-ElL4ehyMMH4ih7N6ZxUexmNuGvGi4Y&dib_tag=se&qid=1756098048&refinements=p_n_g-101014971069111%3A119653281011&s=electronics&sr=1-9532,False
SiriusXM SXSD2 Dock and Play Radio Boom Box,Audio,True,,Audio,Computers & Laptops,,Siriusxm,/SiriusXM-SXSD2-Portable-Speaker-System/dp/B00M0FDN9I/ref=sr_1_9530?dib=eyJ2IjoiMSJ9.BXi_CzLiEf8pBRZpfF2AOw_se6yoDXAdXIZWoHEzBYOOuLsHPGkVlE4HslXZ7AH3AemLnQnIOAeHC937OdxUIoUocpAaV-PQcaifiEsKvEaBUrvhJbpmRmBSBLy1r-iXoqc9l2JhannVqCgEbkR33gC3sfTCxqXo18KxQAtU21h3vxLT3xWiEfwzOafCJncCXKLkc1cAneEY4VL3r6gb2uEuSN5lnlz9KyqgzwOsxMuzE9a-vWMlXje39S1xU9uaDlf-F33O2FbC5hJb2QUOnvUDrpjZBX0ZElYsXR3lr_g.fF7AKrARc9mx1e79EO7F30zjpngrLhF2f1FCEr8tD4U&dib_tag=se&qid=1756098034&refinements=p_n_g-101014971069111%3A119653281011&s=electronics&sr=1-9530,True
Majoras Mask Link Amiibo - TLOZ Collection (Nintendo Switch/3DS/Wii U) Switch),Gaming,True,,Cameras & Photography,Gaming,24.39,Majoras,/Nintendo-amiibo-Link-Legend-Zelda-Majoras-3ds/dp/B06ZZCKH9W/ref=sr_1_9573?dib=eyJ2IjoiMSJ9.qlQKnbbBZVs3Zw0PMKCkISKEa79TXe5GwEms_FSqee8wnMn3ZIDN-d90KFIUT_anyE7X1tSHpQaB33EvMAzkQIIkDNog0N8iw80fuX3vcwD6-sHEJjJquSLuvm94T6-MX1Q9cx3Tw83dVQKzWyPogZmofBEDN60kajjZozei-d_snDYy49XYshdXEmAorktT_m3Q_BDxisIm1PoJhdSrPBzxHMvPCU7kKU166TwVnHpBRoErRsCNSnSXsDDu_66V1aGm7wxyQVXvIWpkIG7aecvceMd8I0x97EwvWR0Hb2g.sX-wt9vj40anW1PW977RBxYs0h1KvbpkjPata1yKxOg&dib_tag=se&qid=1756098059&refinements=p_n_g-101014971069111%3A119653281011&s=electronics&sr=1-9573,False
"NEEWER Suction Cup Mount for Car Compatible with Starlink Mini, 2 in 1 Satellite Mounting Kit & Protective Silicone Case with Strong Suction Cups for Car Window, Sunroof, RVs, Boat and Road Trip, ST91",Car Electronics,False,car mount for Starlink satellite dish; no exact category fits a networking-device car mount,Phone & Tablet Accessories,Other,35.541000000000004,Neewer,/NEEWER-Compatible-Satellite-Protective-ST91/dp/B0DY43HRHB/ref=sr_1_9569?dib=eyJ2IjoiMSJ9.qlQKnbbBZVs3Zw0PMKCkISKEa79TXe5GwEms_FSqee8wnMn3ZIDN-d90KFIUT_anyE7X1tSHpQaB33EvMAzkQIIkDNog0N8iw80fuX3vcwD6-sHEJjJquSLuvm94T6-MX1Q9cx3Tw83dVQKzWyPogZmofBEDN60kajjZozei-d_snDYy49XYshdXEmAorktT_m3Q_BDxisIm1PoJhdSrPBzxHMvPCU7kKU166TwVnHpBRoErRsCNSnSXsDDu_66V1aGm7wxyQVXvIWpkIG7aecvceMd8I0x97EwvWR0Hb2g.sX-wt9vj40anW1PW977RBxYs0h1KvbpkjPata1yKxOg&dib_tag=se&qid=1756098059&refinements=p_n_g-101014971069111%3A119653281011&s=electronics&sr=1-9569,False
"Square D by Schneider Electric Square D HEPD25 Universal Whole House Surge Protection Device, 1-Phase, 3-Wire for 120/240V, 25kA",Power Strips & Surge Protectors,True,,Power Strips & Surge Protectors,Other,45.25,Square,/Schneider-Electric-HEPD25-Universal-Protection/dp/B00CONGN7U/ref=sr_1_9558?dib=eyJ2IjoiMSJ9.JTtEp7NT6b9Z8H-aJIgOih683ACL6Gy4nCZ6oCd1vt_EBSx0yCr9JbcOUvMrTXrAIDflJxOVDyVxT0WvCrfjFAKPDcrumVogazv9VzJtlA7n0jnkAPu6t0imuxECovZCcUT_SOEJEZUZRp8m4J-rOhwy0ZB7JoH49PKsb_wn9JwnQ1hdwvb23X1MxcPSKXLs2pTAE63v1VPpLW8b8SUBYDu9P2TrlgsHCVsVDs5PaU2fAOKUZu-vsj4dhET3d-jiE5U4Xb7IwfSKevfJn-iurH-ZJUSXzkiSVTRDzesbR4A.NdlRvAHFKVon-ElL4ehyMMH4ih7N6ZxUexmNuGvGi4Y&dib_tag=se&qid=1756098048&refinements=p_n_g-101014971069111%3A119653281011&s=electronics&sr=1-9558,True
"Humminbird XPLORE 10 GPS Fish Finder with Transducer, MEGA Side Imaging+ & HD Touchscreen Display",Marine & GPS,True,,Marine & GPS,Monitors & Displays,1999.99,Humminbird,/Humminbird-Transducer-Imaging-Touchscreen-Display/dp/B0DKLT3YV4/ref=sr_1_9525?dib=eyJ2IjoiMSJ9.BXi_CzLiEf8pBRZpfF2AOw_se6yoDXAdXIZWoHEzBYOOuLsHPGkVlE4HslXZ7AH3AemLnQnIOAeHC937OdxUIoUocpAaV-PQcaifiEsKvEaBUrvhJbpmRmBSBLy1r-iXoqc9l2JhannVqCgEbkR33gC3sfTCxqXo18KxQAtU21h3vxLT3xWiEfwzOafCJncCXKLkc1cAneEY4VL3r6gb2uEuSN5lnlz9KyqgzwOsxMuzE9a-vWMlXje39S1xU9uaDlf-F33O2FbC5hJb2QUOnvUDrpjZBX0ZElYsXR3lr_g.fF7AKrARc9mx1e79EO7F30zjpngrLhF2f1FCEr8tD4U&dib_tag=se&qid=1756098034&refinements=p_n_g-101014971069111%3A119653281011&s=electronics&sr=1-9525,True
"Belkin USB C Hub, 6-in-1 MultiPort Adapter Dock with 4K HDMI, USB-C 100W PD Pass-Through Charging, 2 x USB A, Gigabit Ethernet Ports and SD Slot for MacBook Pro, Air, iPad Pro, XPS and More",Cables & Charging,True,,Cables & Charging,Computers & Laptops,67.81,Belkin,/Belkin-1-MultiPort-Adapter-Pass-Through-Charging-Ethernet/dp/B08PXVLQPM/ref=sr_1_9487?dib=eyJ2IjoiMSJ9.6B81m0tKMdKAGKud-qWWnzuIsRQ1zMwE7T13mpVAEKfc8XyzonQ0FHZWWJ69Q02jbjVQr4ahch39aSwIkbIXwKaZ_nyhDyveeNJn1VwCaS2tDPvoMhp_L9xyyBDQdZoFK7WXC_sEc-LkEilgVm7uscg72LzdvUCYvIyp9cC618TJQ_7Z3Knheqmx19-lvX9IdsrrOsbhDOzPE7a8py-Ko0vSrPnzF7_ASK9a0vWBjP9WTN_2khC-wou6fx5FUEtwUntiqVQl7EECfEKg4WSzBU8-FBw4AhiN88vRWtV66ZE.MjjDuiY6YQA0LZGCm7OE3VC7niRItlEei3y3KdnLw8w&dib_tag=se&qid=1756098023&refinements=p_n_g-101014971069111%3A119653281011&s=electronics&sr=1-9487,True
Texas Instruments TI-Nspire CX Graphing Calculator,Office & School Supplies,True,,Office & School Supplies,Office & School Supplies,249.89,Texas Instruments,/Texas-Instruments-TI-Nspire-Graphing-Calculator/dp/B004NBZAW0/ref=sr_1_9486?dib=eyJ2IjoiMSJ9.6B81m0tKMdKAGKud-qWWnzuIsRQ1zMwE7T13mpVAEKfc8XyzonQ0FHZWWJ69Q02jbjVQr4ahch39aSwIkbIXwKaZ_nyhDyveeNJn1VwCaS2tDPvoMhp_L9xyyBDQdZoFK7WXC_sEc-LkEilgVm7uscg72LzdvUCYvIyp9cC618TJQ_7Z3Knheqmx19-lvX9IdsrrOsbhDOzPE7a8py-Ko0vSrPnzF7_ASK9a0vWBjP9WTN_2khC-wou6fx5FUEtwUntiqVQl7EECfEKg4WSzBU8-FBw4AhiN88vRWtV66ZE.MjjDuiY6YQA0LZGCm7OE3VC7niRItlEei3y3KdnLw8w&dib_tag=se&qid=1756098023&refinements=p_n_g-101014971069111%3A119653281011&s=electronics&sr=1-9486,True
"TUMI - Alpha Bravo Expedition Flap Backpack - Large Carry On Backpack - 21.0"" X 12.5"" X 7.5"" - Fits up to 17"" Laptop - Black Onyx",Bags & Cases,True,,Bags & Cases,Bags & Cases,678.99,Tumi,/TUMI-Alpha-Expedition-Backpack-Laptop/dp/B0DSLZMM4P/ref=sr_1_9484?dib=eyJ2IjoiMSJ9.6B81m0tKMdKAGKud-qWWnzuIsRQ1zMwE7T13mpVAEKfc8XyzonQ0FHZWWJ69Q02jbjVQr4ahch39aSwIkbIXwKaZ_nyhDyveeNJn1VwCaS2tDPvoMhp_L9xyyBDQdZoFK7WXC_sEc-LkEilgVm7uscg72LzdvUCYvIyp9cC618TJQ_7Z3Knheqmx19-lvX9IdsrrOsbhDOzPE7a8py-Ko0vSrPnzF7_ASK9a0vWBjP9WTN_2khC-wou6fx5FUEtwUntiqVQl7EECfEKg4WSzBU8-FBw4AhiN88vRWtV66ZE.MjjDuiY6YQA0LZGCm7OE3VC7niRItlEei3y3KdnLw8w&dib_tag=se&qid=1756098023&refinements=p_n_g-101014971069111%3A119653281011&s=electronics&sr=1-9484,True
DYMO Monochrome LabelWriter 450 Twin Turbo,Office & School Supplies,True,,Printers & Ink,Office & School Supplies,244.49,Dymo,/DYMO-LabelWriter-450-Twin-Turbo/dp/B002ZSW08A/ref=sr_1_9464?dib=eyJ2IjoiMSJ9.s4LY5sfeZMiYxU2KvA-2sml7U3Z6iw9KnivcQN0_j6PRCmg3WKm3JUobstVrUQI6ui2aNjrbk2WgBHG6c244kFWRw9HT1P-neCFAJjHra_YpW3Nta5ijAvaaEZB9jUC9fy6FeKVRziJ_ZeUaUrFLxw-MJ01dKbwtrgVC35TVWWB82P636FbqGh9L7ul_IZmE23CulPNz60dRfQ406vAesHPv-bh8ahHSQrYf5KVQ09Pkguvkx47eiApsNYt3A0wN8FD18gvrHJrrf0zUrgwJjwYFWoNX01Ask7FhjzZWYho.dSWdWxTo_UgnY3PCziTfRAj9NTxHhYAufmnATu6ZTTM&dib_tag=se&qid=1756098009&refinements=p_n_g-101014971069111%3A119653281011&s=electronics&sr=1-9464,False
"SAMSUNG Galaxy S24 Ultra Anti-Reflecting Phone Screen Protector, Front Display Protective Film Shield, Anti Scratch Protection, Dustproof, US Version, EF-US928CTEGUS, Transparent",Phone & Tablet Accessories,True,,Phone & Tablet Accessories,Monitors & Displays,23.43,Samsung,/SAMSUNG-Anti-Reflecting-Protective-EF-US928CTEGUS-Transparent/dp/B0CPQ9DQM6/ref=sr_1_9460?dib=eyJ2IjoiMSJ9.s4LY5sfeZMiYxU2KvA-2sml7U3Z6iw9KnivcQN0_j6PRCmg3WKm3JUobstVrUQI6ui2aNjrbk2WgBHG6c244kFWRw9HT1P-neCFAJjHra_YpW3Nta5ijAvaaEZB9jUC9fy6FeKVRziJ_ZeUaUrFLxw-MJ01dKbwtrgVC35TVWWB82P636FbqGh9L7ul_IZmE23CulPNz60dRfQ406vAesHPv-bh8ahHSQrYf5KVQ09Pkguvkx47eiApsNYt3A0wN8FD18gvrHJrrf0zUrgwJjwYFWoNX01Ask7FhjzZWYho.dSWdWxTo_UgnY3PCziTfRAj9NTxHhYAufmnATu6ZTTM&dib_tag=se&qid=1756098009&refinements=p_n_g-101014971069111%3A119653281011&s=electronics&sr=1-9460,True
"Intermatic WH40 Electric Water Heater Timer, Gray",Power Strips & Surge Protectors,True,,Other,Other,,Intermatic,/Intermatic-WH40-Timer-7-75-inches/dp/B00004W4XI/ref=sr_1_9489?dib=eyJ2IjoiMSJ9.6B81m0tKMdKAGKud-qWWnzuIsRQ1zMwE7T13mpVAEKfc8XyzonQ0FHZWWJ69Q02jbjVQr4ahch39aSwIkbIXwKaZ_nyhDyveeNJn1VwCaS2tDPvoMhp_L9xyyBDQdZoFK7WXC_sEc-LkEilgVm7uscg72LzdvUCYvIyp9cC618TJQ_7Z3Knheqmx19-lvX9IdsrrOsbhDOzPE7a8py-Ko0vSrPnzF7_ASK9a0vWBjP9WTN_2khC-wou6fx5FUEtwUntiqVQl7EECfEKg4WSzBU8-FBw4AhiN88vRWtV66ZE.MjjDuiY6YQA0LZGCm7OE3VC7niRItlEei3y3KdnLw8w&dib_tag=se&qid=1756098023&refinements=p_n_g-101014971069111%3A119653281011&s=electronics&sr=1-9489,False
Viper 5706V 2-Way Car Security with Remote Start System,Car Electronics,True,,Other,Other,299.95,Viper,/Viper-5706V-Security-Remote-System/dp/B00GT2GA6Q/ref=sr_1_9518?dib=eyJ2IjoiMSJ9.BXi_CzLiEf8pBRZpfF2AOw_se6yoDXAdXIZWoHEzBYOOuLsHPGkVlE4HslXZ7AH3AemLnQnIOAeHC937OdxUIoUocpAaV-PQcaifiEsKvEaBUrvhJbpmRmBSBLy1r-iXoqc9l2JhannVqCgEbkR33gC3sfTCxqXo18KxQAtU21h3vxLT3xWiEfwzOafCJncCXKLkc1cAneEY4VL3r6gb2uEuSN5lnlz9KyqgzwOsxMuzE9a-vWMlXje39S1xU9uaDlf-F33O2FbC5hJb2QUOnvUDrpjZBX0ZElYsXR3lr_g.fF7AKrARc9mx1e79EO7F30zjpngrLhF2f1FCEr8tD4U&dib_tag=se&qid=1756098034&refinements=p_n_g-101014971069111%3A119653281011&s=electronics&sr=1-9518,False
Motorola Solutions RMU2040 2-Pack Two-Way Radio Digital Non-Display 99 UHF Business Exclusive Frequencies,Audio,True,,Audio,Monitors & Displays,504.0,Motorola,/Motorola-RMU2040-Business-Channels-Military/dp/B016QOR0PG/ref=sr_1_9509?dib=eyJ2IjoiMSJ9.BXi_CzLiEf8pBRZpfF2AOw_se6yoDXAdXIZWoHEzBYOOuLsHPGkVlE4HslXZ7AH3AemLnQnIOAeHC937OdxUIoUocpAaV-PQcaifiEsKvEaBUrvhJbpmRmBSBLy1r-iXoqc9l2JhannVqCgEbkR33gC3sfTCxqXo18KxQAtU21h3vxLT3xWiEfwzOafCJncCXKLkc1cAneEY4VL3r6gb2uEuSN5lnlz9KyqgzwOsxMuzE9a-vWMlXje39S1xU9uaDlf-F33O2FbC5hJb2QUOnvUDrpjZBX0ZElYsXR3lr_g.fF7AKrARc9mx1e79EO7F30zjpngrLhF2f1FCEr8tD4U&dib_tag=se&qid=1756098034&refinements=p_n_g-101014971069111%3A119653281011&s=electronics&sr=1-9509,True
"Garmin® quatix® 8, 51 mm, Marine GPS Smartwatch, Bright AMOLED Display, Chartplotter Controls, Built-in Flashlight, 24/7 Health & Wellness Features",Smart Home & Wearables,False,marine-specific smartwatch; overlaps Marine & GPS but the product IS a smartwatch,Smart Home & Wearables,Marine & GPS,1299.99,Garmin,/Smartwatch-Chartplotter-Controls-Flashlight-Wellness/dp/B0FFHJGBVM/ref=sr_1_9508?dib=eyJ2IjoiMSJ9.BXi_CzLiEf8pBRZpfF2AOw_se6yoDXAdXIZWoHEzBYOOuLsHPGkVlE4HslXZ7AH3AemLnQnIOAeHC937OdxUIoUocpAaV-PQcaifiEsKvEaBUrvhJbpmRmBSBLy1r-iXoqc9l2JhannVqCgEbkR33gC3sfTCxqXo18KxQAtU21h3vxLT3xWiEfwzOafCJncCXKLkc1cAneEY4VL3r6gb2uEuSN5lnlz9KyqgzwOsxMuzE9a-vWMlXje39S1xU9uaDlf-F33O2FbC5hJb2QUOnvUDrpjZBX0ZElYsXR3lr_g.fF7AKrARc9mx1e79EO7F30zjpngrLhF2f1FCEr8tD4U&dib_tag=se&qid=1756098034&refinements=p_n_g-101014971069111%3A119653281011&s=electronics&sr=1-9508,True
"Pioneer AVH-521EX 6.8"" Resistive Touchscreen, Double Din – Bluetooth, Backup Camera, SiriusXM, USB, FLAC Playback, MIXTRAX, 13-Band EQ, AM/FM Radio Preouts",Car Electronics,True,,Monitors & Displays,Car Electronics,369.99,Pioneer,/PIONEER-AVH-521EX/dp/B01MA6JO57/ref=sr_1_9499?dib=eyJ2IjoiMSJ9.6B81m0tKMdKAGKud-qWWnzuIsRQ1zMwE7T13mpVAEKfc8XyzonQ0FHZWWJ69Q02jbjVQr4ahch39aSwIkbIXwKaZ_nyhDyveeNJn1VwCaS2tDPvoMhp_L9xyyBDQdZoFK7WXC_sEc-LkEilgVm7uscg72LzdvUCYvIyp9cC618TJQ_7Z3Knheqmx19-lvX9IdsrrOsbhDOzPE7a8py-Ko0vSrPnzF7_ASK9a0vWBjP9WTN_2khC-wou6fx5FUEtwUntiqVQl7EECfEKg4WSzBU8-FBw4AhiN88vRWtV66ZE.MjjDuiY6YQA0LZGCm7OE3VC7niRItlEei3y3KdnLw8w&dib_tag=se&qid=1756098023&refinements=p_n_g-101014971069111%3A119653281011&s=electronics&sr=1-9499,False
"NETGEAR 24-Port Gigabit Ethernet Smart Switch (GS724T) - Managed, Optional 1 Year Insight Cloud Management, with 2 x 1G SFP, Desktop or Rackmount, and Limited Lifetime Protection",Networking,True,,Networking,Computers & Laptops,,Netgear,/NETGEAR-24-Port-Gigabit-Ethernet-Switch/dp/B0D954PJBM/ref=sr_1_9501?dib=eyJ2IjoiMSJ9.6B81m0tKMdKAGKud-qWWnzuIsRQ1zMwE7T13mpVAEKfc8XyzonQ0FHZWWJ69Q02jbjVQr4ahch39aSwIkbIXwKaZ_nyhDyveeNJn1VwCaS2tDPvoMhp_L9xyyBDQdZoFK7WXC_sEc-LkEilgVm7uscg72LzdvUCYvIyp9cC618TJQ_7Z3Knheqmx19-lvX9IdsrrOsbhDOzPE7a8py-Ko0vSrPnzF7_ASK9a0vWBjP9WTN_2khC-wou6fx5FUEtwUntiqVQl7EECfEKg4WSzBU8-FBw4AhiN88vRWtV66ZE.MjjDuiY6YQA0LZGCm7OE3VC7niRItlEei3y3KdnLw8w&dib_tag=se&qid=1756098023&refinements=p_n_g-101014971069111%3A119653281011&s=electronics&sr=1-9501,True
Poly Studio X52 All-in-One Video Bar with TC10 Controller Kit,Audio,False,video conferencing bar combines camera+speaker+mic; no exact category,Gaming,Gaming,2949.0,Poly,/Poly-Studio-X52-Video-Controller/dp/B0CY3T5YXD/ref=sr_1_11568?dib=eyJ2IjoiMSJ9.sEIvLWA9DzfQmQC94iRHGBwEreN_vd1zFc6-I7brhizC_tUXOGBHhP846a3JK1WEIE7z9swx_nVfKLw4zMoEMxIvfMOgjHVU5W0IgHT-O7sEQNE6qkbHlSLX54LLaZi8LMxiAAuD4jrrwi8EtUJe0fyLZBiJnsOwYcrfn7WiAHS6qCenX45fQJS2bqBvLV2W9IxIcchyHMMLPkyTURi-bW9Uv7hxA1eZ1jSMuV0n4rkfQ1hAxF09Gi9w_4zmMfp0ogzfqRiNzrYtOLFmXlGCwt6qdI20_GOMK-m6UvOJ0dU.kOXP3pVz1agoV6SJcH9I-BlTqt_I5btMIrBBXRLfOj8&dib_tag=se&qid=1756099071&refinements=p_n_g-101014971069111%3A119653281011&s=electronics&sr=1-11568,False
Humminbird 600033-1 AutoChart Zero Line North America Map SD Card,Storage & Memory Cards,True,,Storage & Memory Cards,Marine & GPS,70.91,Humminbird,/Humminbird-600033-1-AutoChart-North-America/dp/B00S3TU2F8/ref=sr_1_11567?dib=eyJ2IjoiMSJ9.sEIvLWA9DzfQmQC94iRHGBwEreN_vd1zFc6-I7brhizC_tUXOGBHhP846a3JK1WEIE7z9swx_nVfKLw4zMoEMxIvfMOgjHVU5W0IgHT-O7sEQNE6qkbHlSLX54LLaZi8LMxiAAuD4jrrwi8EtUJe0fyLZBiJnsOwYcrfn7WiAHS6qCenX45fQJS2bqBvLV2W9IxIcchyHMMLPkyTURi-bW9Uv7hxA1eZ1jSMuV0n4rkfQ1hAxF09Gi9w_4zmMfp0ogzfqRiNzrYtOLFmXlGCwt6qdI20_GOMK-m6UvOJ0dU.kOXP3pVz1agoV6SJcH9I-BlTqt_I5btMIrBBXRLfOj8&dib_tag=se&qid=1756099071&refinements=p_n_g-101014971069111%3A119653281011&s=electronics&sr=1-11567,True
"RØDE Charge Case for the Wireless GO II With Two Full Recharges, Rugged Enclosure and Zip System",Cables & Charging,False,charging case for a mic accessory; could also be Bags & Cases,Other,Other,,Røde,/Charge-Case-Wireless-Recharges-Enclosure/dp/B0C68T3JT7/ref=sr_1_11561?dib=eyJ2IjoiMSJ9.sEIvLWA9DzfQmQC94iRHGBwEreN_vd1zFc6-I7brhizC_tUXOGBHhP846a3JK1WEIE7z9swx_nVfKLw4zMoEMxIvfMOgjHVU5W0IgHT-O7sEQNE6qkbHlSLX54LLaZi8LMxiAAuD4jrrwi8EtUJe0fyLZBiJnsOwYcrfn7WiAHS6qCenX45fQJS2bqBvLV2W9IxIcchyHMMLPkyTURi-bW9Uv7hxA1eZ1jSMuV0n4rkfQ1hAxF09Gi9w_4zmMfp0ogzfqRiNzrYtOLFmXlGCwt6qdI20_GOMK-m6UvOJ0dU.kOXP3pVz1agoV6SJcH9I-BlTqt_I5btMIrBBXRLfOj8&dib_tag=se&qid=1756099071&refinements=p_n_g-101014971069111%3A119653281011&s=electronics&sr=1-11561,False
"Canon FAXPHONE L100 - Monochrome Laser Fax with Copier, 30 Sheet Auto Document Feeder, 1 Year Limited Warranty, 19 PPM, White",Printers & Ink,True,,Printers & Ink,Cameras & Photography,,Canon,/Canon-FAXPHONE-L100-Multifunction-Machine/dp/B007HK0L00/ref=sr_1_11558?dib=eyJ2IjoiMSJ9.sEIvLWA9DzfQmQC94iRHGBwEreN_vd1zFc6-I7brhizC_tUXOGBHhP846a3JK1WEIE7z9swx_nVfKLw4zMoEMxIvfMOgjHVU5W0IgHT-O7sEQNE6qkbHlSLX54LLaZi8LMxiAAuD4jrrwi8EtUJe0fyLZBiJnsOwYcrfn7WiAHS6qCenX45fQJS2bqBvLV2W9IxIcchyHMMLPkyTURi-bW9Uv7hxA1eZ1jSMuV0n4rkfQ1hAxF09Gi9w_4zmMfp0ogzfqRiNzrYtOLFmXlGCwt6qdI20_GOMK-m6UvOJ0dU.kOXP3pVz1agoV6SJcH9I-BlTqt_I5btMIrBBXRLfOj8&dib_tag=se&qid=1756099071&refinements=p_n_g-101014971069111%3A119653281011&s=electronics&sr=1-11558,True
Insta360 Multi Mount,Cameras & Photography,True,,Other,Other,40.99,Insta360,/Insta360-CINSTAV-F-Multi-Mount/dp/B0CNKKY9NH/ref=sr_1_11555?dib=eyJ2IjoiMSJ9.sEIvLWA9DzfQmQC94iRHGBwEreN_vd1zFc6-I7brhizC_tUXOGBHhP846a3JK1WEIE7z9swx_nVfKLw4zMoEMxIvfMOgjHVU5W0IgHT-O7sEQNE6qkbHlSLX54LLaZi8LMxiAAuD4jrrwi8EtUJe0fyLZBiJnsOwYcrfn7WiAHS6qCenX45fQJS2bqBvLV2W9IxIcchyHMMLPkyTURi-bW9Uv7hxA1eZ1jSMuV0n4rkfQ1hAxF09Gi9w_4zmMfp0ogzfqRiNzrYtOLFmXlGCwt6qdI20_GOMK-m6UvOJ0dU.kOXP3pVz1agoV6SJcH9I-BlTqt_I5btMIrBBXRLfOj8&dib_tag=se&qid=1756099071&refinements=p_n_g-101014971069111%3A119653281011&s=electronics&sr=1-11555,False
Shakespeare 5206-N White 8' Marine Antenna,Marine & GPS,True,,Other,Other,,Shakespeare,/Shakespeare-5206-N-White-Marine-Antenna/dp/B0000AYAXG/ref=sr_1_11956?dib=eyJ2IjoiMSJ9.aLOao9Q8gVrdnj5ULU16cSJJY6SA_oebTPHi9SnY63xItj370w7KcW7A71lKJaBWLe1hV4JReDRk28B6EOkPs2ZBiPvdrtTsMu7420LOSC0KklPaR9W5pm6qrTUIxgR1wK1R3qG1q6XD6KiGiDn3G43mqK26tI0sNZ1BDOtTXNZbFc2BWRuHrTLzCcKmSKrN8t189Giv8QFS3xC4gtwRJD7MBCtjjtygtnd4qd4y9fwi1CIZGvezjXl9YTJ8ukSShttnsk6_nYy4_9JeAtNCoCW4uUiZz8Wi0HuRURk8tcc.gs_5lPIG55y-7D2DhaQwWPHXGwmF1xChC-VTBR46vD8&dib_tag=se&qid=1756099264&refinements=p_n_g-101014971069111%3A119653281011&s=electronics&sr=1-11956,False
"Thrustmaster TCA Yoke Boeing Edition (Compatible with Xbox Series X/S, PC)",Gaming,True,,Other,Gaming,399.99,Thrustmaster,/Thrustmaster-Flight-Yoke-Boeing-Windows-x/dp/B09D17TTWF/ref=sr_1_12940?dib=eyJ2IjoiMSJ9.If2M1zMJavwdrV__lT_mS2fNCU-47q3oab8FbbzhwNJUDto3PDNiqvYL-sOVYloRBZgEYiKAAJA3MisiC9NLpPvExqZW7P9liqvhL5hgslNEnIaph5Z8wmhJ3QcqVkEMe0GfCY7VH1MGH_lxOAnuv4708SixekSfRa18UN91X3IZ-UynM8d2V2SdN4L76rXWHmozFIEVhljL7AYcpKJ1tKFbIGcCCPre7QVFhnDaeKWl--DM0gCzkUO8NoWgGZN4EeE4E8crj_8LndBRH9ev_d2j7Ic8S7JjSLq67sqZ2ic.IiuuR2UIf6C9Zz-KwiMR3jp0dIKdlwE6VIKpQBcTWAI&dib_tag=se&qid=1756099810&refinements=p_n_g-101014971069111%3A119653281011&s=electronics&sr=1-12940,False
"LISEN for iPhone 16 Charger Cord 240W USB C to USB C Cable Type C Charger Fast Charging Cord USB C Cable for iPhone 16e 15 iPad MacBook Air Pro Samsung A17 S25 Switch 2, 6.6ft/2 Pack/Midnight",Cables & Charging,True,,Computers & Laptops,Computers & Laptops,9.99,Lisen,/sspa/click?ie=UTF8&spc=MToxODc3Njk0NzAzNTA5OTU0OjE3NTYxMDAwODc6c3BfbXRmX2Jyb3dzZTozMDA2Nzc4OTIyMjA1MDI6OjA6Og&url=%2FCharging-MacBook-iPhone15-15ProMax-Compatible%2Fdp%2FB0CG1LGWR6%2Fref%3Dsr_1_13506_sspa%3Fdib%3DeyJ2IjoiMSJ9.fyL4nezz5SK6hF7kPU5hKbwtDRzEZ_fUtOn-TC2TH3Xux4Ub7OFtJs0hI6foqv6diBRH6Ra1zt9BajhkezNllQ-4LFRFxoR8QFgUNuRMneSrwknjdbOkS9AeKCjBAymaozp_S3oY8X9QpvazTL24cs-_X0dnMyLVPwKwm5DqJdVBE1Z6A_PhWZeqGCiMuH5q54wgJT83hE7LGaenIT80JBrFDYKE9A62Shidnm0HLpaQ5vNsx6wD3e1WJAqEH9hLy9p0nr0rXqJhyopIVJhvQLbN3tJzf2nMUNYyabliyvs.zXaf0mDmEaWvcU0s9nvJDvEPEKtzvZ4WtZh-dwMihq4%26dib_tag%3Dse%26qid%3D1756100087%26refinements%3Dp_n_g-101014971069111%253A119653281011%26s%3Delectronics%26sr%3D1-13506-spons%26sp_csd%3Dd2lkZ2V0TmFtZT1zcF9tdGZfYnJvd3Nl%26psc%3D1,False
NITECORE BB Nano Portable Versatile Electronic Photography Air Blower with NITECORE Tag,Cameras & Photography,True,,Other,Other,29.95,Nitecore,/sspa/click?ie=UTF8&spc=MToxODc3Njk0NzAzNTA5OTU0OjE3NTYxMDAwODc6c3BfYnRmX2Jyb3dzZTozMDAxMzMwNjk0Njc5MDI6OjA6Og&url=%2FNITECORE-BB-Versatile-Electronic-Photography%2Fdp%2FB0CSK7ZF7R%2Fref%3Dsr_1_13520_sspa%3Fdib%3DeyJ2IjoiMSJ9.fyL4nezz5SK6hF7kPU5hKbwtDRzEZ_fUtOn-TC2TH3Xux4Ub7OFtJs0hI6foqv6diBRH6Ra1zt9BajhkezNllQ-4LFRFxoR8QFgUNuRMneSrwknjdbOkS9AeKCjBAymaozp_S3oY8X9QpvazTL24cs-_X0dnMyLVPwKwm5DqJdVBE1Z6A_PhWZeqGCiMuH5q54wgJT83hE7LGaenIT80JBrFDYKE9A62Shidnm0HLpaQ5vNsx6wD3e1WJAqEH9hLy9p0nr0rXqJhyopIVJhvQLbN3tJzf2nMUNYyabliyvs.zXaf0mDmEaWvcU0s9nvJDvEPEKtzvZ4WtZh-dwMihq4%26dib_tag%3Dse%26qid%3D1756100087%26refinements%3Dp_n_g-101014971069111%253A119653281011%26s%3Delectronics%26sr%3D1-13520-spons%26sp_csd%3Dd2lkZ2V0TmFtZT1zcF9idGZfYnJvd3Nl%26psc%3D1,False
"Elgato Flex Arm L, Premium 4-Section Articulated Arm for easy Mounting and Adjusting of Lights, Cameras, and Microphones, for Streaming, Videoconferencing, and Studios, requires Multi Mount Essential",Cameras & Photography,True,,Cameras & Photography,Audio,49.99,Elgato,/Elgato-4-Section-Articulated-Microphones-Videoconferencing/dp/B07X49967Y/ref=sr_1_13774?dib=eyJ2IjoiMSJ9.fyL4nezz5SK6hF7kPU5hKbwtDRzEZ_fUtOn-TC2TH3Xux4Ub7OFtJs0hI6foqv6diBRH6Ra1zt9BajhkezNllQ-4LFRFxoR8QFgUNuRMneSrwknjdbOkS9AeKCjBAymaozp_S3oY8X9QpvazTL24cs-_X0dnMyLVPwKwm5DqJdVBE1Z6A_PhWZeqGCiMuH5q54wgJT83hE7LGaenIT80JBrFDYKE9A62Shidnm0HLpaQ5vNsx6wD3e1WJAqEH9hLy9p0nr0rXqJhyopIVJhvQLbN3tJzf2nMUNYyabliyvs.s7QvoVJWeNybVZmhIro-13PXH4uMYWGWVNKd6nehAQk&dib_tag=se&qid=1756100227&refinements=p_n_g-101014971069111%3A119653281011&s=electronics&sr=1-13774,True
"IRIS USA 5"" x 7"" Photo Storage Box Craft Keeper Cases, 10-Pack, Organization Task Holders for Pictures, Tasks, Scrapbooking, Stationery Storage, Stickers & Art Supplies, Clear",Non-Electronics,True,,Other,Other,25.49,Iris,/IRIS-Scrapbooking-Stationery-Protection-Organization/dp/B00GLQX40K/ref=sr_1_13792?dib=eyJ2IjoiMSJ9.fyL4nezz5SK6hF7kPU5hKbwtDRzEZ_fUtOn-TC2TH3Xux4Ub7OFtJs0hI6foqv6diBRH6Ra1zt9BajhkezNllQ-4LFRFxoR8QFgUNuRMneSrwknjdbOkS9AeKCjBAymaozp_S3oY8X9QpvazTL24cs-_X0dnMyLVPwKwm5DqJdVBE1Z6A_PhWZeqGCiMuH5q54wgJT83hE7LGaenIT80JBrFDYKE9A62Shidnm0HLpaQ5vNsx6wD3e1WJAqEH9hLy9p0nr0rXqJhyopIVJhvQLbN3tJzf2nMUNYyabliyvs.Z29freEuXAKYS01vI9TPEe11kTJqN_US6_QRqvUt-6I&dib_tag=se&qid=1756100241&refinements=p_n_g-101014971069111%3A119653281011&s=electronics&sr=1-13792,False
"Google Coral USB Accelerator: ML Accelerator, USB 3.0 Type-C, Debian Linux Compatible",Computers & Laptops,True,,Other,Other,,Google,/Google-G950-01456-01-Coral-USB-Accelerator/dp/B07S214S5Y/ref=sr_1_13784?dib=eyJ2IjoiMSJ9.fyL4nezz5SK6hF7kPU5hKbwtDRzEZ_fUtOn-TC2TH3Xux4Ub7OFtJs0hI6foqv6diBRH6Ra1zt9BajhkezNllQ-4LFRFxoR8QFgUNuRMneSrwknjdbOkS9AeKCjBAymaozp_S3oY8X9QpvazTL24cs-_X0dnMyLVPwKwm5DqJdVBE1Z6A_PhWZeqGCiMuH5q54wgJT83hE7LGaenIT80JBrFDYKE9A62Shidnm0HLpaQ5vNsx6wD3e1WJAqEH9hLy9p0nr0rXqJhyopIVJhvQLbN3tJzf2nMUNYyabliyvs.Z29freEuXAKYS01vI9TPEe11kTJqN_US6_QRqvUt-6I&dib_tag=se&qid=1756100241&refinements=p_n_g-101014971069111%3A119653281011&s=electronics&sr=1-13784,False
Motorola Solutions RMU2040 6-Pack Two-Way Radio Digital Non-Display 99 UHF Business Exclusive Frequencies,Audio,True,,Audio,Monitors & Displays,1512.0,Motorola,/Motorola-Solutions-Non-Display-Exclusive-Frequencies/dp/B00THCHBN6/ref=sr_1_13782?dib=eyJ2IjoiMSJ9.fyL4nezz5SK6hF7kPU5hKbwtDRzEZ_fUtOn-TC2TH3Xux4Ub7OFtJs0hI6foqv6diBRH6Ra1zt9BajhkezNllQ-4LFRFxoR8QFgUNuRMneSrwknjdbOkS9AeKCjBAymaozp_S3oY8X9QpvazTL24cs-_X0dnMyLVPwKwm5DqJdVBE1Z6A_PhWZeqGCiMuH5q54wgJT83hE7LGaenIT80JBrFDYKE9A62Shidnm0HLpaQ5vNsx6wD3e1WJAqEH9hLy9p0nr0rXqJhyopIVJhvQLbN3tJzf2nMUNYyabliyvs.Z29freEuXAKYS01vI9TPEe11kTJqN_US6_QRqvUt-6I&dib_tag=se&qid=1756100241&refinements=p_n_g-101014971069111%3A119653281011&s=electronics&sr=1-13782,True
"SAMSUNG Blu-ray DVD Disc Player With Built-in Wi-Fi 1080p & Full HD Upconversion, Plays Blu-ray Discs, DVDs & CDs, Plus CubeCable 6Ft High Speed HDMI Cable, Black Finish (Renewed)",TV & Home Entertainment,True,,TV & Home Entertainment,Networking,129.91,Samsung,/Samsung-Upconversion-CubeCable-Certified-Refurbished/dp/B07F9DVX9V/ref=sr_1_13781?dib=eyJ2IjoiMSJ9.fyL4nezz5SK6hF7kPU5hKbwtDRzEZ_fUtOn-TC2TH3Xux4Ub7OFtJs0hI6foqv6diBRH6Ra1zt9BajhkezNllQ-4LFRFxoR8QFgUNuRMneSrwknjdbOkS9AeKCjBAymaozp_S3oY8X9QpvazTL24cs-_X0dnMyLVPwKwm5DqJdVBE1Z6A_PhWZeqGCiMuH5q54wgJT83hE7LGaenIT80JBrFDYKE9A62Shidnm0HLpaQ5vNsx6wD3e1WJAqEH9hLy9p0nr0rXqJhyopIVJhvQLbN3tJzf2nMUNYyabliyvs.Z29freEuXAKYS01vI9TPEe11kTJqN_US6_QRqvUt-6I&dib_tag=se&qid=1756100241&refinements=p_n_g-101014971069111%3A119653281011&s=electronics&sr=1-13781,True
Fellowes AutoMax Micro-Cut 100M Commercial Office Auto Feed 2-in-1 Paper Shredder with 100-Sheet Capacity,Office & School Supplies,True,,Office & School Supplies,Office & School Supplies,269.0,Fellowes,/Fellowes-Micro-Cut-100M-Commercial-100-Sheet/dp/B07NZ885DT/ref=sr_1_13873?dib=eyJ2IjoiMSJ9.mKH3jgFLYt3a4UE6uDmKxWVMGMVEHXNqUTC9hBKv-axAK2YgqIhF2tcbTJp410_0io476k1K69ajw-trdB8YFEihvMbJSrvmaawXRrC87PEoOfEDymeIZlaHL9bNOISRqdsg0UAgtEdgg5NdCLfokEAdKZO_uIC7foiGdCnL9fC4H3gwwtXnStikp8dWohWoA1H51ZBsO6wCtL1jdGuISzPvGwzioL0ah32j-x07jsmp6ifB7yIdy_cGB4whFzIcWS3pZ67eDdebtPzwbWaJ_G3cf0W6AhmQb9JWnIBoD8g.n2igylaVV4dbRgdLaSl7P45BmIWZB4a8bx03o3Cho0M&dib_tag=se&qid=1756100398&refinements=p_n_g-101014971069111%3A119653281011&s=electronics&sr=1-13873,True
"AKG Pro Audio K371 Wired Over-Ear, Closed-Back, Foldable Professional Recording Studio Headphones, Studio Monitor Mixing, Podcast, DJ Stereo Headsets, Black",Audio,True,,Audio,Monitors & Displays,144.99,Akg,/AKG-Pro-Audio-Headphones-K371/dp/B07WZH7WM9/ref=sr_1_13868?dib=eyJ2IjoiMSJ9.mKH3jgFLYt3a4UE6uDmKxWVMGMVEHXNqUTC9hBKv-axAK2YgqIhF2tcbTJp410_0io476k1K69ajw-trdB8YFEihvMbJSrvmaawXRrC87PEoOfEDymeIZlaHL9bNOISRqdsg0UAgtEdgg5NdCLfokEAdKZO_uIC7foiGdCnL9fC4H3gwwtXnStikp8dWohWoA1H51ZBsO6wCtL1jdGuISzPvGwzioL0ah32j-x07jsmp6ifB7yIdy_cGB4whFzIcWS3pZ67eDdebtPzwbWaJ_G3cf0W6AhmQb9JWnIBoD8g.n2igylaVV4dbRgdLaSl7P45BmIWZB4a8bx03o3Cho0M&dib_tag=se&qid=1756100398&refinements=p_n_g-101014971069111%3A119653281011&s=electronics&sr=1-13868,True
Motorola 56531 Multi Unit Charger / Cloning Station,Cables & Charging,True,,Cables & Charging,Cables & Charging,199.99,Motorola,/Motorola-56531-Charger-Cloning-Station/dp/B00028HBCA/ref=sr_1_13856?dib=eyJ2IjoiMSJ9.mKH3jgFLYt3a4UE6uDmKxWVMGMVEHXNqUTC9hBKv-axAK2YgqIhF2tcbTJp410_0io476k1K69ajw-trdB8YFEihvMbJSrvmaawXRrC87PEoOfEDymeIZlaHL9bNOISRqdsg0UAgtEdgg5NdCLfokEAdKZO_uIC7foiGdCnL9fC4H3gwwtXnStikp8dWohWoA1H51ZBsO6wCtL1jdGuISzPvGwzioL0ah32j-x07jsmp6ifB7yIdy_cGB4whFzIcWS3pZ67eDdebtPzwbWaJ_G3cf0W6AhmQb9JWnIBoD8g.n2igylaVV4dbRgdLaSl7P45BmIWZB4a8bx03o3Cho0M&dib_tag=se&qid=1756100398&refinements=p_n_g-101014971069111%3A119653281011&s=electronics&sr=1-13856,True
Maxell 190135 Protective Thin Clear Plastic Easy Storage CD & DVD Sleeves White 50 Pack (Paper),Storage & Memory Cards,False,"plastic sleeves for CD/DVD storage, borderline non-electronic packaging",Other,Other,6.5,Maxell,/Maxell-190135-Protective-Plastic-Storage/dp/B000EUHPO0/ref=sr_1_17642?dib=eyJ2IjoiMSJ9.m8yMGvO1-LMMIZ38DrS_2rr6IwOzAD7zVMDbYKW6SOS8UVexdTZL0Q6pvcGwm949Rrb-Dm1Lu_gY9arhZrJ0MBMc4ZfmfsAV0Wp7Ft5E9ffjGV4W4TEdTISokvkxnaAAvYqwOhjxdI4-A-_nG0moq3U4Ak6-FR58mq9W6MWLkqMeZfIk5tM9hb8-DNmLQG-sfubSF642IqSZqVyofMEyHjrZwjHEvWJVyFkwDdJVM9igUpbHwFoFEdRh-Aw0TBagT-MLtW8ig8Fp0-_lAlFVsAIjoCsDzU3U4oT7hfqmdRw.qZdA0or5WE3zUAlLzxifzWeaLzunYEoXxH1hKPKpPiU&dib_tag=se&qid=1756145873&refinements=p_n_g-101014971069111%3A119653281011&s=electronics&sr=1-17642,False
"Anker USB-C Car Charger, iPhone 16 Car Charger, 67W 3-Port Compact Fast Charger, 535 Car Adapter with PIQ 3.0 for iPhone 16/15, Galaxy S23, MacBook, iPad Air, and More (USB-C to C Cable Included)",Cables & Charging,True,,Cables & Charging,Phone & Tablet Accessories,31.99,Anker,/sspa/click?ie=UTF8&spc=MTozNzUxMzYyODkxMTkwNTM3OjE3NTYxNDYyMDA6c3BfYnRmX2Jyb3dzZTozMDA2MjYxNTkxODk2MDI6OjA6Og&url=%2FAnker-Charger-Compact-Adapter-Included%2Fdp%2FB0BSVB93DK%2Fref%3Dsr_1_18320_sspa%3Fdib%3DeyJ2IjoiMSJ9.IO2qV7Ej-ic7B12_zBLZPNUNm4oOFkt6H711oAMmL3xC94dONglZFl4HJfpgvNYdSGdWJHdC_uPR6_4HJocc_09wcr-5OhFz-QJCDBuiOOtWfPKFFzCy6OqEKGdguXsfOhISBrf7Yz5q51S_xiCZBZAc5zkk6gxtXmxA1Wa6U0TUnkegPo_s5vrUvaiIANkpuDpKbVKzTZwPjJbad6omeiEZuplUpZLxx4003g5jxKzn8qfTvvaAcwwfvm6djGmCWV0wdSzl3-lFLjU5Jmv9mA6HfnXTFkXzR8_7x8BHAPI.Cbo6hWOC5XyxyiPhX3IKcssRi8kDn9FIeGaWbSe56ps%26dib_tag%3Dse%26qid%3D1756146200%26refinements%3Dp_n_g-101014971069111%253A119653281011%26s%3Delectronics%26sr%3D1-18320-spons%26sp_csd%3Dd2lkZ2V0TmFtZT1zcF9idGZfYnJvd3Nl%26psc%3D1,True
OtterBox Wireless Charging Stand for MagSafe (MFi Approved -15W) - Includes 20W Wall Charger & 2M (6.6FT) USB-C to USB-C Cable - Brilliant Opera (White),Cables & Charging,True,,Phone & Tablet Accessories,Cables & Charging,24.95,Otterbox,/OtterBox-Wireless-Charging-MagSafe-Approved/dp/B0DS1K2DTS/ref=sr_1_18724?dib=eyJ2IjoiMSJ9.dUpKirNXrbus-ma7EAOT5Yjptx5IfwnvAaXsT5eooZ2un6wj5RILi_6ADuseErB5mZg7N_UeIhiV8GCiQ6b1lj96iWAdJO6Us-daTrs6tTzZoiOVgMz3YPHhrqrH43M2aLBSlepYjUCgYvoktE2UAQBLkmlqjRrXlYHNL9CpXoXu9LFhrWE1B3ftBZ1AW2JfWppzyoWxhd9XJ87LymznshyT-Nc1WVWzDSxHfsg031shPeOPSdGySbl134QDT9w5JYq-xSnbBXQODjJVlGjbbrUuYOj-Xf5A1U68h3wC2BQ.ATlIy8fJZwENdR5ZXa95wVGwnFGLU2NoLCqWjrUKZCA&dib_tag=se&qid=1756146431&refinements=p_n_g-101014971069111%3A119653281011&s=electronics&sr=1-18724,False
Toshiba N300 PRO 22TB Large-Sized Business NAS (up to 24 Bays) 3.5-Inch Internal Hard Drive - Up to 300 TB/Year Workload Rate CMR SATA 6 Gb/s 7200 RPM 512 MB Cache - HDWG62CXZSTB,Storage & Memory Cards,True,,Computers & Laptops,Storage & Memory Cards,418.99,Toshiba,/sspa/click?ie=UTF8&spc=MTo3NzEzNDIzOTkzNzk3NzgzOjE3NTYzMDU1OTg6c3BfYnRmX2Jyb3dzZTozMDA0MjIwNDY0NTUxMDI6OjA6Og&url=%2FToshiba-Large-Sized-Business-3-5-Inch-Internal%2Fdp%2FB0CYQJPN96%2Fref%3Dsr_1_19209_sspa%3Fdib%3DeyJ2IjoiMSJ9.YuKjB91QeOoxiTJ3MjvO8HcbQt18E2R3DkNLePvq9nva0h9HK6RhGsGPp9ZoK9A2mOQ9uF_3hHBqBFtZCDfyoOiwaZvbDB0paY73nCKxD4uPfV4rfpQdA6IKfIOcJHODcxMzz6xrcvfw6soOhRQKS5WLqOB7aQseD0l2bSjin9T0Qh4RdfVgkACdkZfqFT0t7nuVeSxHtA_DeHE1UqCqSVBVHNmdYdWdtGAJo5k8Mvjp8C61Th0yCLKbuoDScm7W3c6DTx85O2xICCHCpM44CG_wzsoR8atcJCEJ4y8Ax_U.JblP8Jnd3GmUi0CN2Czsx8cQzz1oen1NYS6Nv6uJMTY%26dib_tag%3Dse%26qid%3D1756305598%26refinements%3Dp_n_g-101014971069111%253A119653281011%26s%3Delectronics%26sr%3D1-19209-spons%26sp_csd%3Dd2lkZ2V0TmFtZT1zcF9idGZfYnJvd3Nl%26psc%3D1,False
"SanDisk 32GB Ultra SDHC UHS-I Class 10 Camera Card 120MB/s U1, Full HD, SD. C10 SDSDUN4-032G (10 Pack) Bundle with (1) GoRAM USB 3.0 Reader (32GB)",Storage & Memory Cards,True,,Storage & Memory Cards,Cameras & Photography,,Sandisk,/SanDisk-Memory-Camera-SDSDUN4-032G-Bundle/dp/B0CKM4ZF4Q/ref=sr_1_22158?dib=eyJ2IjoiMSJ9._J2ujxrQnUFwhM7dsrEXna3V9_b5y27QvdtOXNCJHTFcVfTHsgq2_kW2Hf-6GWz6Jsyytvn2dy9Swv2P8xa4b-CcfZ1560SrT0XNwKWS-2YPA7k1YhTmMXBbx8mFmIgCNfC6Un5kw1Fd5i7VZcDV1twwPhV3N2mQT3B3lfF2Jg1bmaOGzEU5dyrsIDfK8WXrIwpK57LP51c8vpAvWFJ4fAEA8PSgWBK_t1ttKD2m30-zXUXWEVPBHipNzVvY928LwZe4HWezEGIr-KHkqR7U2ZiaCooa3Q8S4X-6DkbD3ik.UiH6F1yOvFDtcFY0pn9PpNS9_zKdSzxnSuAU4gQ2UO4&dib_tag=se&qid=1756307116&refinements=p_n_g-101014971069111%3A119653281011&s=electronics&sr=1-22158,True
Humminbird LakeMaster Premium Minnesota V1 Map SD Card for Fish Finders,Storage & Memory Cards,True,,Storage & Memory Cards,Marine & GPS,157.11,Humminbird,/Humminbird-602006-1-LakeMaster-Premium-Minnesota/dp/B0BG6GMQWZ/ref=sr_1_22148?dib=eyJ2IjoiMSJ9._J2ujxrQnUFwhM7dsrEXna3V9_b5y27QvdtOXNCJHTFcVfTHsgq2_kW2Hf-6GWz6Jsyytvn2dy9Swv2P8xa4b-CcfZ1560SrT0XNwKWS-2YPA7k1YhTmMXBbx8mFmIgCNfC6Un5kw1Fd5i7VZcDV1twwPhV3N2mQT3B3lfF2Jg1bmaOGzEU5dyrsIDfK8WXrIwpK57LP51c8vpAvWFJ4fAEA8PSgWBK_t1ttKD2m30-zXUXWEVPBHipNzVvY928LwZe4HWezEGIr-KHkqR7U2ZiaCooa3Q8S4X-6DkbD3ik.UiH6F1yOvFDtcFY0pn9PpNS9_zKdSzxnSuAU4gQ2UO4&dib_tag=se&qid=1756307116&refinements=p_n_g-101014971069111%3A119653281011&s=electronics&sr=1-22148,True
Blackmagic Design Davinci Resolve Speed Editor Bundle with Davinci Resolve 18 Studio (Activation Card),Keyboards & Mice,True,,Other,Other,475.0,Blackmagic,/Blackmagic-Design-Davinci-Bluetooth-Activation/dp/B08QLN4ZZN/ref=sr_1_22153?dib=eyJ2IjoiMSJ9._J2ujxrQnUFwhM7dsrEXna3V9_b5y27QvdtOXNCJHTFcVfTHsgq2_kW2Hf-6GWz6Jsyytvn2dy9Swv2P8xa4b-CcfZ1560SrT0XNwKWS-2YPA7k1YhTmMXBbx8mFmIgCNfC6Un5kw1Fd5i7VZcDV1twwPhV3N2mQT3B3lfF2Jg1bmaOGzEU5dyrsIDfK8WXrIwpK57LP51c8vpAvWFJ4fAEA8PSgWBK_t1ttKD2m30-zXUXWEVPBHipNzVvY928LwZe4HWezEGIr-KHkqR7U2ZiaCooa3Q8S4X-6DkbD3ik.UiH6F1yOvFDtcFY0pn9PpNS9_zKdSzxnSuAU4gQ2UO4&dib_tag=se&qid=1756307116&refinements=p_n_g-101014971069111%3A119653281011&s=electronics&sr=1-22153,False
"DEWALT Heavy Duty 72W 5 Port USB Car Charger Multiport, iPhone 16 Multi USB Car Charger, Fast Charge PD & QC3.0 Cigarette Lighter Adapter w/ 6FT Cable, Type C Front/Back Charging for Multiple Devices",Cables & Charging,True,,Cables & Charging,Phone & Tablet Accessories,29.99,Dewalt,/sspa/click?ie=UTF8&spc=MToxOTQ5MjkyMjAzNTEzNDExOjE3NTY0ODk0ODU6c3BfbXRmX2Jyb3dzZTozMDA4MjM2MjUwNjUwMDI6OjA6Og&url=%2FDEWALT-Multiport-Charging-Cigarette-Multiple%2Fdp%2FB0821R4DVK%2Fref%3Dsr_1_22914_sspa%3Fdib%3DeyJ2IjoiMSJ9.UvEYVknd-mx0bQ3vQJnRhTL9Ck9y-LIhPp4e2seeNkM8RM4mBuRe55VownpdyxPDa466AWPuGZI3EVF78thPdo1soj1PVKqP2DxxIlOJLkxxAz270SQ39Ii9vQ6aH9vUx2mRZDPSW9SQ099diP4EOD9E-sgkoKukJsGbZlr1WfOfCoz4cc5MSZWlhrp_lInrO1K3mscViLmd1LnuX_wBxrehPTvT1sFKUUqGJmZVPoMhBQx8jn-i8Ipmmq9bySbcO2JuZmTPtFJDeYOc04mKvmk23yjCmjoXXjri7stZk2k.pWmpkauecHgQJIs0nTYcbGTZdhLbHDsgMdfQs2mzjR0%26dib_tag%3Dse%26qid%3D1756489485%26refinements%3Dp_n_g-101014971069111%253A119653281011%26s%3Delectronics%26sr%3D1-22914-spons%26sp_csd%3Dd2lkZ2V0TmFtZT1zcF9tdGZfYnJvd3Nl%26psc%3D1,True
Gator Cases Guitar Effects Pedal Power,Cables & Charging,False,power supply unit for guitar pedals; musical-gear edge case,Other,Other,18.99,Gator,/sspa/click?ie=UTF8&spc=MTozMjMyNTIyNzUxNTc2MDg2OjE3NTY0OTA1NDA6c3BfYnRmX2Jyb3dzZTozMDAxNjQ1NjYzODg0MDI6OjA6Og&url=%2FGator-Adapter-Guitar-Effects-Pedalboard%2Fdp%2FB08JXM5ZNB%2Fref%3Dsr_1_24872_sspa%3Fdib%3DeyJ2IjoiMSJ9.h0Bdi3UCLDaRlInzNal9hxZ1sGwY1BeLh7o-_HsFsiGxiNCzsffri1c_JBNJPtHmSOfm1iovXz_O4CthuyDS2n1yRzjFBF9gfXSKil-7Aw_FHEOmY8NIs-4eWrfnnBQMsBP9IHpZjVYb1w3hKzrLGWYGLM1c-fxI_ft116dIYzw5mUEBKnJyihxYnBodR9-IyDGMv0rVryWYecG4SvCXMGPpkjxk-cG-QyWmrjP5wrugmTazYVZRc5IbnzbE-O0VR3yErwpne0liOkvad5xTSk2A6xPWDv5Ql1SPtBGMzoU.FzYxft_mg_AKLiv1gzefFK5PSm-9Qw2kWzd5MQVgkPc%26dib_tag%3Dse%26qid%3D1756490540%26refinements%3Dp_n_g-101014971069111%253A119653281011%26s%3Delectronics%26sr%3D1-24872-spons%26sp_csd%3Dd2lkZ2V0TmFtZT1zcF9idGZfYnJvd3Nl%26psc%3D1,False
"Alienware 16 Area-51 Gaming Laptop • NVIDIA GeForce RTX 5080 16GB GDDR7 • Intel Ultra 9 275HX • 16.0"" QHD+ 240Hz Display • Backlit KB • Win 11 Pro • Wi-Fi 7 • w/Accessories • 32GB DDR5 • 1 TB SSD",Computers & Laptops,True,,Computers & Laptops,Computers & Laptops,3999.99,Alienware,/sspa/click?ie=UTF8&spc=MToxMDU3ODYyNDIxOTQ4NTIwOjE3NTY0OTA2NzM6c3BfYnRmX2Jyb3dzZTozMDA4ODM3MDM0MDk3MDI6OjA6Og&url=%2FAlienware-Area-51-Gaming-Laptop-Accessories%2Fdp%2FB0FMJJDPCR%2Fref%3Dsr_1_25113_sspa%3Fdib%3DeyJ2IjoiMSJ9.Ppk-Eb1lPelNkin5f6w79hdbAwRV8Ny6LGI8ExTGu4Fboctq6raoHo2ynKylggCvmRzYGdzwLMipgIe-Sz5-nb-50i6jCMrepNJhqGvkCdQKjdLmTo767ESYpe1kgULEK4tWvgUnZE-MI4KSyJNSH4Ozy-jIYJW4whajolXQpv5FAU1aXQIarm0Z3i_WFlnCTBx_7GuhY897Jg5hbqgEv9F-PD8mY_tbqVa9iXxGQNLfEgrrEpVU0do3C1ViMYTrRcqv1xJEkuWwZH1WtCiBE3Qq8yieUNtOJ-7iamrh8dc.dhm807cJFASF0b1ihfQ1b-txTTyyT5sXiVLQG73v6sE%26dib_tag%3Dse%26qid%3D1756490673%26refinements%3Dp_n_g-101014971069111%253A119653281011%26s%3Delectronics%26sr%3D1-25113-spons%26sp_csd%3Dd2lkZ2V0TmFtZT1zcF9idGZfYnJvd3Nl%26psc%3D1,True
"VMP Wall Mount Electronic Component Shelf, Large (CH-002B)",Other,False,"generic wall-mount shelf for electronic components, no exact category",Other,Other,81.24,Vmp,/sspa/click?ie=UTF8&spc=MToxMDU3ODYyNDIxOTQ4NTIwOjE3NTY0OTA2NzM6c3BfYXRmX2Jyb3dzZTozMDA4NjMyOTUwMDU2MDI6OjA6Og&url=%2FMount-Electronic-Component-Shelf-Large%2Fdp%2FB00IIVAS6O%2Fref%3Dsr_1_25082_sspa%3Fdib%3DeyJ2IjoiMSJ9.Ppk-Eb1lPelNkin5f6w79hdbAwRV8Ny6LGI8ExTGu4Fboctq6raoHo2ynKylggCvmRzYGdzwLMipgIe-Sz5-nb-50i6jCMrepNJhqGvkCdQKjdLmTo767ESYpe1kgULEK4tWvgUnZE-MI4KSyJNSH4Ozy-jIYJW4whajolXQpv5FAU1aXQIarm0Z3i_WFlnCTBx_7GuhY897Jg5hbqgEv9F-PD8mY_tbqVa9iXxGQNLfEgrrEpVU0do3C1ViMYTrRcqv1xJEkuWwZH1WtCiBE3Qq8yieUNtOJ-7iamrh8dc.dhm807cJFASF0b1ihfQ1b-txTTyyT5sXiVLQG73v6sE%26dib_tag%3Dse%26qid%3D1756490673%26refinements%3Dp_n_g-101014971069111%253A119653281011%26s%3Delectronics%26sr%3D1-25082-spons%26sp_csd%3Dd2lkZ2V0TmFtZT1zcF9hdGZfYnJvd3Nl%26psc%3D1,True
"Sony BRAVIA Theater Bar 6, 3.1.2ch Sound bar with Powerful Wireless subwoofer, Surround Sound by Dolby Atmos®/DTS:X® Compatible HT-B600",Audio,True,,TV & Home Entertainment,Audio,498.0,Sony,/sspa/click?ie=UTF8&spc=MToyODE2MzYxMjU1NTI2MjYzOjE3NTY0OTA4NzY6c3BfYnRmX2Jyb3dzZTozMDA3NzczOTE1ODAwMDI6OjA6Og&url=%2FSony-Powerful-Wireless-subwoofer-Surround%2Fdp%2FB0DYWPJYF1%2Fref%3Dsr_1_25496_sspa%3Fdib%3DeyJ2IjoiMSJ9.Ppk-Eb1lPelNkin5f6w79hdbAwRV8Ny6LGI8ExTGu4Fboctq6raoHo2ynKylggCvmRzYGdzwLMipgIe-Sz5-nb-50i6jCMrepNJhqGvkCdQKjdLmTo767ESYpe1kgULEK4tWvgUnZE-MI4KSyJNSH4Ozy-jIYJW4whajolXQpv5FAU1aXQIarm0Z3i_WFlnCTBx_7GuhY897Jg5hbqgEv9F-PD8mY_tbqVa9iXxGQNLfEgrrEpVU0do3C1ViMYTrRcqv1xJEkuWwZH1WtCiBE3Qq8yieUNtOJ-7iamrh8dc.fAjK9K5x_cZX23q9g0T38oeQBuj-7ITEUVzxVex3xPo%26dib_tag%3Dse%26qid%3D1756490876%26refinements%3Dp_n_g-101014971069111%253A119653281011%26s%3Delectronics%26sr%3D1-25496-spons%26sp_csd%3Dd2lkZ2V0TmFtZT1zcF9idGZfYnJvd3Nl%26psc%3D1,False
"LISEN for iPhone 16 Charger Cord 240W USB C to USB C Cable Type C Charger Fast Charging Cord for iPhone 16e 15 Pro Max iPad MacBook Air Pro Samsung A 17 S25, 6.6ft/2 Pack/Midnight",Cables & Charging,True,,Computers & Laptops,Computers & Laptops,9.99,Lisen,/sspa/click?ie=UTF8&spc=MTo4NDgxNDI0OTY0OTE1MDUyOjE3NTY0OTA4Mjg6c3BfYnRmX2Jyb3dzZTozMDA2Nzc4OTIyMjA1MDI6OjA6Og&url=%2FCharging-MacBook-iPhone15-15ProMax-Compatible%2Fdp%2FB0CG1LGWR6%2Fref%3Dsr_1_25401_sspa%3Fdib%3DeyJ2IjoiMSJ9.h0Bdi3UCLDaRlInzNal9hxZ1sGwY1BeLh7o-_HsFsiGxiNCzsffri1c_JBNJPtHmSOfm1iovXz_O4CthuyDS2n1yRzjFBF9gfXSKil-7Aw_FHEOmY8NIs-4eWrfnnBQMsBP9IHpZjVYb1w3hKzrLGWYGLM1c-fxI_ft116dIYzw5mUEBKnJyihxYnBodR9-IyDGMv0rVryWYecG4SvCXMGPpkjxk-cG-QyWmrjP5wrugmTazYVZRc5IbnzbE-O0VR3yErwpne0liOkvad5xTSk2A6xPWDv5Ql1SPtBGMzoU.lnlwqF_I8gVTWX-zrAw2NDTeZz90vp5QycuhVsMh8Qo%26dib_tag%3Dse%26qid%3D1756490828%26refinements%3Dp_n_g-101014971069111%253A119653281011%26s%3Delectronics%26sr%3D1-25401-spons%26sp_csd%3Dd2lkZ2V0TmFtZT1zcF9idGZfYnJvd3Nl%26psc%3D1,False
"DEWALT Heavy Duty 24W USB Car Charger Adapter, Cigarette Lighter Adapter USBA Charger, Fast Charging Car Lighter USB Adapters, Cell Phone Automobile Chargers for iPhone, Samsung Galaxy, iPad",Cables & Charging,True,,Cables & Charging,Phone & Tablet Accessories,15.1905,Dewalt,/sspa/click?ie=UTF8&spc=MTo5NDY1MTEyMDUyNzA2MDE6MTc1NjQ5MjA1NzpzcF9idGZfYnJvd3NlOjMwMDgyMzMwNzk1MDQwMjo6MDo6&url=%2FDEWALT-Cigarette-Charging-Adapters-Automobile%2Fdp%2FB0821SDCGJ%2Fref%3Dsr_1_27679_sspa%3Fdib%3DeyJ2IjoiMSJ9.nbVk8ocLGxkv_mLfTRmFR_qPgsPZvvrnvfp9RBjU3Skn6Ne135p-MBXNaGzGF4F928HQlz4cEtahiUWsi2UibRUSNghwwGRm9DfDrpwBfEIS22wuosfShRxG_VIcmwcJZgtw3EnTaZtXLh0wRY9tAy7DHWCa7MslEr0VTSvyBRjwMNCayFjiKHQiDLcBB4GJVL9x_Jpv8cDIrcxnZmOVs9k9UMm9stJZ0oRETyjOHm0XefJ_QEKjjdJ8TMoZ3kyr4zqv0DMCTZ3m6F-P_P4-5P46CqIgYoESvvB5uxaG90w.OOfrwSkaMA4p8MHd7xhhOrRp4SMedKUumhd7jDQZYQY%26dib_tag%3Dse%26qid%3D1756492057%26refinements%3Dp_n_g-101014971069111%253A119653281011%26s%3Delectronics%26sr%3D1-27679-spons%26sp_csd%3Dd2lkZ2V0TmFtZT1zcF9idGZfYnJvd3Nl%26psc%3D1,True
"Targus - Numeric Keypad with USB Connection - Plug and Play Device - Connect with Laptop, Desktop and Electronic USB-A Devices - AKP1OUS",Keyboards & Mice,True,,Keyboards & Mice,Computers & Laptops,19.99,Targus,/sspa/click?ie=UTF8&spc=MTozNTAzNDEyNDMzNTE5MjExOjE3NTY0OTI1MjY6c3BfYXRmX2Jyb3dzZToyMDAwNzIyMzEzMzgzOTg6OjA6Og&url=%2FTargus-Numeric-Keypad-Black-AKP10US%2Fdp%2FB002NURRL0%2Fref%3Dsr_1_28491_sspa%3Fdib%3DeyJ2IjoiMSJ9.7QpGkh_pyQzmagMeVy9SZ-HS_M2skhJccyK3T_CCt7pko67FEQc8m5nuu4kJLjAniFC-_A3MC9IXNOas9o_g769l5UEFCQ9ybv08PEd9ljQ6f1k-ZoJ0RYtirI8mZW0-emOQMJ0GqIlR9F3N683LDVdfZjdjjDnUNgvnBu-y6iXcjqJNMRaw4Wfil0GhcMbqCjm36H0x9HbL6ulkDj8Aq3t89atrqUKfee0iG2olJrdufyHuz6uAE2PMAo1frrfcHi9eOFmD-W0E1GjzEjsk6xBu8vqRg-zGXWLjPRVPIYE.CS4RLmn5NMxMRGfeoiougUHC3rDISjYBIfPOJ-YzyJ0%26dib_tag%3Dse%26qid%3D1756492526%26refinements%3Dp_n_g-101014971069111%253A119653281011%26s%3Delectronics%26sr%3D1-28491-spons%26sp_csd%3Dd2lkZ2V0TmFtZT1zcF9hdGZfYnJvd3Nl%26psc%3D1,True
"SIRIUSXM SXWB1V1 SiriusXM Tour Dock & Play Radio with 360L, Vehicle Dock, and Bluetooth",Audio,True,,Audio,Computers & Laptops,,Siriusxm,/SiriusXM-SXWB1V1-Satellite-Included-Streaming/dp/B08C7Z6SYL/ref=sr_1_28710?dib=eyJ2IjoiMSJ9.7QpGkh_pyQzmagMeVy9SZ-HS_M2skhJccyK3T_CCt7pko67FEQc8m5nuu4kJLjAniFC-_A3MC9IXNOas9o_g769l5UEFCQ9ybv08PEd9ljQ6f1k-ZoJ0RYtirI8mZW0-emOQMJ0GqIlR9F3N683LDVdfZjdjjDnUNgvnBu-y6iXcjqJNMRaw4Wfil0GhcMbqCjm36H0x9HbL6ulkDj8Aq3t89atrqUKfee0iG2olJrdufyHuz6uAE2PMAo1frrfcHi9eOFmD-W0E1GjzEjsk6xBu8vqRg-zGXWLjPRVPIYE.4alYRBX4liag1j2JXHUcy6zHKkGfSIMl8HVOizITmWg&dib_tag=se&qid=1756492626&refinements=p_n_g-101014971069111%3A119653281011&s=electronics&sr=1-28710,True
Insta360 Motorcycle Selfie Stick Support Clamp,Cameras & Photography,True,,Phone & Tablet Accessories,Cameras & Photography,48.99,Insta360,/Insta360-Motorcycle-Selfie-Stick-Support/dp/B0CRKXW3Q9/ref=sr_1_28922?dib=eyJ2IjoiMSJ9.h0Bdi3UCLDaRlInzNal9hxZ1sGwY1BeLh7o-_HsFsiGxiNCzsffri1c_JBNJPtHmSOfm1iovXz_O4CthuyDS2n1yRzjFBF9gfXSKil-7Aw_FHEOmY8NIs-4eWrfnnBQMsBP9IHpZjVYb1w3hKzrLGWYGLM1c-fxI_ft116dIYzw5mUEBKnJyihxYnBodR9-IyDGMv0rVryWYecG4SvCXMGPpkjxk-cG-QyWmrjP5wrugmTazYVZRc5IbnzbE-O0VR3yErwpne0liOkvad5xTSk2A6xPWDv5Ql1SPtBGMzoU.wlIzFSzr9NrSZ1-xOj0Q6rAJSjGu9rMaIRkgInkvNkw&dib_tag=se&qid=1756492747&refinements=p_n_g-101014971069111%3A119653281011&s=electronics&sr=1-28922,False
Sennheiser HD 25 Monitor Headphones with Headphone Case & Padded Holder Bundle,Audio,True,,Audio,Monitors & Displays,,Sennheiser,/Sennheiser-Monitor-Headphones-Headphone-Padded/dp/B0862DBWTB/ref=sr_1_28910?dib=eyJ2IjoiMSJ9.h0Bdi3UCLDaRlInzNal9hxZ1sGwY1BeLh7o-_HsFsiGxiNCzsffri1c_JBNJPtHmSOfm1iovXz_O4CthuyDS2n1yRzjFBF9gfXSKil-7Aw_FHEOmY8NIs-4eWrfnnBQMsBP9IHpZjVYb1w3hKzrLGWYGLM1c-fxI_ft116dIYzw5mUEBKnJyihxYnBodR9-IyDGMv0rVryWYecG4SvCXMGPpkjxk-cG-QyWmrjP5wrugmTazYVZRc5IbnzbE-O0VR3yErwpne0liOkvad5xTSk2A6xPWDv5Ql1SPtBGMzoU.wlIzFSzr9NrSZ1-xOj0Q6rAJSjGu9rMaIRkgInkvNkw&dib_tag=se&qid=1756492747&refinements=p_n_g-101014971069111%3A119653281011&s=electronics&sr=1-28910,True
Kicker 46CXA3604 CXA3604-4x90-Watt 4-Channel Full-Range Amp,Audio,True,,Other,Other,206.96,Kicker,/Kicker-46CXA3604-CXA3604-4x90-Watt-Full-Range/dp/B07ZTB7WRG/ref=sr_1_28903?dib=eyJ2IjoiMSJ9.h0Bdi3UCLDaRlInzNal9hxZ1sGwY1BeLh7o-_HsFsiGxiNCzsffri1c_JBNJPtHmSOfm1iovXz_O4CthuyDS2n1yRzjFBF9gfXSKil-7Aw_FHEOmY8NIs-4eWrfnnBQMsBP9IHpZjVYb1w3hKzrLGWYGLM1c-fxI_ft116dIYzw5mUEBKnJyihxYnBodR9-IyDGMv0rVryWYecG4SvCXMGPpkjxk-cG-QyWmrjP5wrugmTazYVZRc5IbnzbE-O0VR3yErwpne0liOkvad5xTSk2A6xPWDv5Ql1SPtBGMzoU.wlIzFSzr9NrSZ1-xOj0Q6rAJSjGu9rMaIRkgInkvNkw&dib_tag=se&qid=1756492747&refinements=p_n_g-101014971069111%3A119653281011&s=electronics&sr=1-28903,False
Anker SOLIX Car Charging Cable (Male Car Outlet to Female XT60),Cables & Charging,True,,Cables & Charging,Power Strips & Surge Protectors,34.99,Anker,/Anker-SOLIX-Charging-Outlet-Female/dp/B0DGQHZ8Y4/ref=sr_1_28943?dib=eyJ2IjoiMSJ9.0ikzcgIs2WzRgOC5VIf2E-Pw9oKj2YPUjLoXz_qzXK4XPCYGyhN6FHp8hpvfIuFo7m6S4J0Y48iQks2TaClP6Vq29A_vLq6uWAmE-vG7b0r53U6TOOHjfBXCgTy-z1yZnyE4IjsORSFLX7F7snvq9wZ3Am1zySFN6cmZRrTI4H0skVX6iE1zNpsMTH1uX9Yl1905NVOohMpRFTlCb_dDyCmQJgahr7mcA_QQk-UskjoKq2cKSYB9nxgwLhdFf8PtLSAyUT-G-DW8KKj2wQfmR3_8XLMCPusTLm0t1XhsnGE.CylbyH8vTbWeMsPhZ0WyRFKsr8lQ3ZdblSJMMhPfpdI&dib_tag=se&qid=1756492761&refinements=p_n_g-101014971069111%3A119653281011&s=electronics&sr=1-28943,True
MEM 2 * 16G|GSK F5-6000J3636F16GX2-FX5,Computers & Laptops,True,,Computers & Laptops,Other,77.0,Mem,/MEM-2-16G-GSK-F5-6000J3636F16GX2-FX5/dp/B0BN4PPQ16/ref=sr_1_28935?dib=eyJ2IjoiMSJ9.0ikzcgIs2WzRgOC5VIf2E-Pw9oKj2YPUjLoXz_qzXK4XPCYGyhN6FHp8hpvfIuFo7m6S4J0Y48iQks2TaClP6Vq29A_vLq6uWAmE-vG7b0r53U6TOOHjfBXCgTy-z1yZnyE4IjsORSFLX7F7snvq9wZ3Am1zySFN6cmZRrTI4H0skVX6iE1zNpsMTH1uX9Yl1905NVOohMpRFTlCb_dDyCmQJgahr7mcA_QQk-UskjoKq2cKSYB9nxgwLhdFf8PtLSAyUT-G-DW8KKj2wQfmR3_8XLMCPusTLm0t1XhsnGE.CylbyH8vTbWeMsPhZ0WyRFKsr8lQ3ZdblSJMMhPfpdI&dib_tag=se&qid=1756492761&refinements=p_n_g-101014971069111%3A119653281011&s=electronics&sr=1-28935,True
CyberPower RCCARD100 Cloud Monitoring Card,Power Strips & Surge Protectors,True,,Other,Other,68.95,Cyberpower,/CyberPower-RCCARD100-Cloud-Monitoring-Card/dp/B093TXQX2V/ref=sr_1_28934?dib=eyJ2IjoiMSJ9.0ikzcgIs2WzRgOC5VIf2E-Pw9oKj2YPUjLoXz_qzXK4XPCYGyhN6FHp8hpvfIuFo7m6S4J0Y48iQks2TaClP6Vq29A_vLq6uWAmE-vG7b0r53U6TOOHjfBXCgTy-z1yZnyE4IjsORSFLX7F7snvq9wZ3Am1zySFN6cmZRrTI4H0skVX6iE1zNpsMTH1uX9Yl1905NVOohMpRFTlCb_dDyCmQJgahr7mcA_QQk-UskjoKq2cKSYB9nxgwLhdFf8PtLSAyUT-G-DW8KKj2wQfmR3_8XLMCPusTLm0t1XhsnGE.CylbyH8vTbWeMsPhZ0WyRFKsr8lQ3ZdblSJMMhPfpdI&dib_tag=se&qid=1756492761&refinements=p_n_g-101014971069111%3A119653281011&s=electronics&sr=1-28934,False
"SAMSUNG Galaxy A14 5G A Series Cell Phone, Factory Unlocked Android Smartphone, 64GB w/Expandable Storage, Long Battery Life, 13MP Camera, 6.6"" Infinite Display Screen, US Version, 2023, Black",Phone & Tablet Accessories,True,,Phone & Tablet Accessories,Monitors & Displays,,Samsung,/SAMSUNG-Unlocked-Smartphone-Expandable-Infinite/dp/B0BLW47H3M/ref=sr_1_28930?dib=eyJ2IjoiMSJ9.0ikzcgIs2WzRgOC5VIf2E-Pw9oKj2YPUjLoXz_qzXK4XPCYGyhN6FHp8hpvfIuFo7m6S4J0Y48iQks2TaClP6Vq29A_vLq6uWAmE-vG7b0r53U6TOOHjfBXCgTy-z1yZnyE4IjsORSFLX7F7snvq9wZ3Am1zySFN6cmZRrTI4H0skVX6iE1zNpsMTH1uX9Yl1905NVOohMpRFTlCb_dDyCmQJgahr7mcA_QQk-UskjoKq2cKSYB9nxgwLhdFf8PtLSAyUT-G-DW8KKj2wQfmR3_8XLMCPusTLm0t1XhsnGE.CylbyH8vTbWeMsPhZ0WyRFKsr8lQ3ZdblSJMMhPfpdI&dib_tag=se&qid=1756492761&refinements=p_n_g-101014971069111%3A119653281011&s=electronics&sr=1-28930,True
"Corsair RS120-R ARGB 120mm PWM ARGB Reverse Fans – Reverse Rotor, +5V ARGB Connections, Eight RGB LEDs, High Static Pressure, Daisy-Chain, Magnetic Dome Bearing, Zero RPM Mode – Triple Pack – Black",Computers & Laptops,True,,Other,Other,49.99,Corsair,/Corsair-RS120-R-ARGB-120mm-Reverse/dp/B0F8QY1NKY/ref=sr_1_29639?dib=eyJ2IjoiMSJ9.apz9SXre9G0aUQPjBHnIPmE1v6H_XYdcHJdVvnqn3zLYVZohKX_3313WgRlCFIg2j3VO2DAylEQGAQOr105bxBy79gIjkQ_rnHmQjJ0WTQXvZ-Er9_1gM3f4Plw4SBAKHpTY-SpurOVpgrrPFn2Q1HYUfV4BliwblRgfll2iG46sy4Z0v-O3z1dbHowmDCj3BNllthI3LAFLMV98hwrsIDMQZ9sbZAe7VExrLhlWB2iS9HLQwzfzv22tU6k7wMymIhv5bmG-WhN2oyD_8cf9tmHgLuaYIpazdBvd-G-W2t4.V9fv7X30H782d8oY6ruQp8mCZgLWeNHOx5_Io3N7nxY&dib_tag=se&qid=1756537757&refinements=p_n_g-101014971069111%3A119653281011&s=electronics&sr=1-29639,False
"Energizer EN55-12IT, 12 Volt 55 Amp Hr, Long Lasting Sealed Lead Acid AGM Rechargeable Battery Ideal for Use in Electric Scooters, Wheelchairs, Emergency Lighting, Backup Power, and More",Batteries,True,,Batteries,Batteries,179.99,Energizer,,True
"Tilta Hydra Alien Mini Electronic Suction Cup Kit - Titanium Gray | Compatible with DJI Pocket 3, and Other Action cams/Smartphones | Hydraulic Damping | Adjustable Arm",Cameras & Photography,True,,Other,Other,160.65,Tilta,/sspa/click?ie=UTF8&spc=MTo0OTg3MjczNjY4MzY1NzY2OjE3NTY1MzgyOTk6c3BfbXRmX2Jyb3dzZTozMDA4NjAwNTI5OTAxMDI6OjA6Og&url=%2FTilta-Hydra-Alien-Electronic-Suction%2Fdp%2FB0DJRNVG7L%2Fref%3Dsr_1_30592_sspa%3Fdib%3DeyJ2IjoiMSJ9.OJAyGgVt5uPmTNlI68dJmAaBJytK9Y-lSP175Y1QF7hslXOjXRZXh0YNRQpSaP7FWR6E1Ome_PW-vx3tFp54WLg3lm1_TVXAXIKj9C95PUHFxiirtlzbjR1iV-CF5QOwiSKNHQIpbzO0HTy9Bhr6YF2C2q0zIGvSSVlof7o50BXpBIrbYdlX7_tLTKTa6RFKXvZ_xsU4b7n1f4NMbGM5zsm4LzLiDzdzXLGBOiNZ293wEnsvLinZgi3oMJ_Xu1Ze8YMBqeaAcUiVodH4A_X0PeVOc-fCYNAFBXsqsgU6oiA.ZS1DUEXMY0hfE4iMQQVVB3kHQ6MZzndGwcbAmBmY72g%26dib_tag%3Dse%26qid%3D1756538299%26refinements%3Dp_n_g-101014971069111%253A119653281011%26s%3Delectronics%26sr%3D1-30592-spons%26sp_csd%3Dd2lkZ2V0TmFtZT1zcF9tdGZfYnJvd3Nl%26psc%3D1,False
iOttie Velox Pro MagSafe Compatible Dash & Windshield Car Mount with Wireless Charging & CryoFlow™ Cooling Compatible with MagSafe Phones Including iPhone 12/13/14/15/16 Series (Car Charger Included),Phone & Tablet Accessories,True,,Phone & Tablet Accessories,Cables & Charging,79.95,Iottie,/sspa/click?ie=UTF8&spc=MTo0ODg5MzM2NzE2MTk2NjkzOjE3NTY1Mzg0MzU6c3BfYnRmX2Jyb3dzZToyMDAxNjI5NTk1NTQ0OTg6OjA6Og&url=%2FiOttie-Velox-Pro-Compatible-Windshield%2Fdp%2FB0C15NG7V6%2Fref%3Dsr_1_30871_sspa%3Fdib%3DeyJ2IjoiMSJ9.9y437UjatD5NOw7mRJVzzG7c9hEp0Kcf7SMSE9xaNZ5by-Bm-Hx_lvfmlP09UqfjOuFmHOLg21Bnuq1hx_z8-JUq7cv5WOryGk55AOkZD6aQv7078XT4ah-sgg3RlTt9j2ULUPdE7ibjP_5R8bnCrKWrui8lK9WkGwtEMmRBWr0J1k9TYnexlSWqy0oT3MEw8Ba3pzA8OpSuGTvhvLuAUkvgKvoYSLWVxdI8RAHikBnyNSnQCBuh_Ae0nN4NbufRsAg_WKPSOmatgXELNFGZ_ZW3Xd-KFl4MxbRtFsgNM-E.4icf5fIOxj30tm4vIG28ITsOK_boB30TQvQnIoG6qfI%26dib_tag%3Dse%26qid%3D1756538435%26refinements%3Dp_n_g-101014971069111%253A119653281011%26s%3Delectronics%26sr%3D1-30871-spons%26sp_csd%3Dd2lkZ2V0TmFtZT1zcF9idGZfYnJvd3Nl%26psc%3D1,True
"Westinghouse Roku TV - 43 Inch Smart TV, 1080P FHD Television with Wi-Fi Connectivity and Mobile App, Flat Screen, Bluetooth, Compatible with Apple AirPlay, Alexa and Google Assistant",TV & Home Entertainment,True,,TV & Home Entertainment,Networking,,Westinghouse,/Westinghouse-Roku-Connectivity-Compatible-Assistant/dp/B0CCRC1PP2/ref=sr_1_32327?dib=eyJ2IjoiMSJ9.R4ORQ7hkhI6X9fBtTuUnlgU5VHmX7UKFLxb8r3wgCLEgi4mYwWB7MkL4yDNEnDfZQIFjHrDupIgnoxnDzylrCXPG6SZ8JMza5Oepe8uRXNrTWwwAKD-SeESq--wUzUrBVRQhU--1XhxLP1yQMLpFhCC2S0X30RkAL_1HPqBzjC50RwetTT2-UBpRc6DQ_kA58Q12NJxlXXdixsoJbOII-EgKm4s1TkSdG8Ip3AVsDwKS-IU2kyRQ7QvHPqa6Zf7WmT_9yy3DfsQQw9C26rKpzFMJGK20E6kvndDdFYFxxYg.-FZsbeDeMnkfrdiAiHNdv2u1yvz15yIeo-gVIZatJac&dib_tag=se&qid=1756539225&refinements=p_n_g-101014971069111%3A119653281011&s=electronics&sr=1-32327,True
"Transformers Over The Ear Earbuds Wireless Bluetooth 5.4 LED Power Display Earbuds with Earhooks 65H Playtimes Deep Bass IPX5 Waterproof Ear Buds for Sports/Workout, TF-T26 Optimus Prime",Audio,True,,Audio,Monitors & Displays,14.19,Transformers,/sspa/click?ie=UTF8&spc=MTo1Mzk2ODYzMTc2MDU3NTk6MTc1NjUzOTI2NjpzcF9tdGZfYnJvd3NlOjMwMDg3Mzg1MjMyNjQwMjo6MDo6&url=%2FTRANSFORMERS-Wireless-Bluetooth-Headphones-Earphones%2Fdp%2FB0D7BKYR8Q%2Fref%3Dsr_1_32394_sspa%3Fdib%3DeyJ2IjoiMSJ9.t7JsBwh808FPY1e8_LOwPaZbsKoxkMW4xvuuefVjk-fQUMaeMZIgLS8Fr3WwnIMxkCXM3QivHVyg31H2Ci0WuY8AtFtcS3JjE3BOfTcAd58-MmN6tORUuY9ff9td9cksvj47ry3MjtFrDoU5UjH4nSwzJ88AW1Xy9NaPsUcsl-KRkKDeRp6MUsjVdUfqC4KU4kuAp9dVaW74r2gsMla7MplmB4IphoUhU4qrwg0hhqsGqgBgV6gvuT_W81qXHikLdlSdor21Nd46q1g1PaE7ffqGkGuJqIgNLUpNqqCJPGA.AS46cQYbQ8veMjtEty40HvXkmGKUJci_ubfxdADR-K8%26dib_tag%3Dse%26qid%3D1756539266%26refinements%3Dp_n_g-101014971069111%253A119653281011%26s%3Delectronics%26sr%3D1-32394-spons%26sp_csd%3Dd2lkZ2V0TmFtZT1zcF9tdGZfYnJvd3Nl%26psc%3D1,True
"Monster Open Ear AC360, Wireless Bluetooth Rotary Earphone, with Lanyard, Upgraded Bluetooth 6.0, Touch Control, 24h Long Battery Life, IPX5 Waterproof,Long-Lasting Wear Without Fatigue",Audio,True,,Audio,Batteries,29.99,Monster,/sspa/click?ie=UTF8&spc=MTozMzE0MDQyMDAxMzkxNjk5OjE3NTY1MzkzODA6c3BfbXRmX2Jyb3dzZTozMDA3NjY5MzI1MDE5MDI6OjA6Og&url=%2FMonster-Wireless-Bluetooth-Waterproof-Long-Lasting%2Fdp%2FB0FKSY7D4D%2Fref%3Dsr_1_32610_sspa%3Fdib%3DeyJ2IjoiMSJ9.BHIL_QS3ujjMdSWcMkE9pISFVB03MS_i8bzQdTHRjXwXRbQBXvJ3r3ACGcCFmf07KZPvFjnatGCunx3dHZ0vgl-P2Ot-XNvleUGSQX5erzIC0-fcSue1tMSaSTa0SBkABBDzpazFtSCOHXyF5VqhcAZusodb3krlaWzVid78sObgC2_j86jCY6Jkx_e0_k3HoWLP_-DyGozHDRDlQy8exnphvaVTaKHcSmqHqgcP0-PxVZIR45MqJA4xPyn7DQKX--GWC2GRlH3UvJ7vM8D_jbbdCZGrSQxRNGogCMRiGws.OHAw4Sx15tTHp5ewJw63_z12Wi8xWhLkjeUTBBVijXI%26dib_tag%3Dse%26qid%3D1756539380%26refinements%3Dp_n_g-101014971069111%253A119653281011%26s%3Delectronics%26sr%3D1-32610-spons%26sp_csd%3Dd2lkZ2V0TmFtZT1zcF9tdGZfYnJvd3Nl%26psc%3D1,True
"Sony WH-1000XM6 The Best Wireless Noise Canceling Headphones, HD NC Processor QN3, 12 Microphones, Adaptive NC Optimizer, Mastered by Engineers, Studio-Quality, 30-Hour Battery, Midnight Blue",Audio,True,,Audio,Computers & Laptops,448.0,Sony,/sspa/click?ie=UTF8&spc=MTozMTAxOTE2Njc1NDk3Nzc4OjE3NTY1Mzk5MTY6c3BfbXRmX2Jyb3dzZTozMDA3NzE2MTE5NDcxMDI6OjA6Og&url=%2FSony-WH-1000XM6-Headphones-Microphones-Studio-Quality%2Fdp%2FB0F3PT1VBL%2Fref%3Dsr_1_33570_sspa%3Fdib%3DeyJ2IjoiMSJ9.m1ypRH74BLG4eVGjFNHm_Hd5-AjCAIpbuZQQWCqA-1s4yPbC2w6UoFxbfgXZYWVi-qeKUgusdYouZvgx6PSDYBZ72QpzHfFMSetxM4MUGVBqjHN5ABcThz5QMY-vNC2vrTsVzFkcGKTC3vzaZ3lobqmk7NSYrysONiAcIcUTCAsIgYIcVMNzNMeW3sau_i1XgNd9uT4SyZiMnMyBHiX67a7Dt1Y7_6oKppFVyhGJFhWZd8zolcDuLj5zqvSdjEAqqauK-HtISccHWQruVMeEELbozTJVKU1uhApruY8GKgI.kfxi85d54lfH1XmlbxSEmYPrGBwAgnBM6gyDuSRKiFg%26dib_tag%3Dse%26qid%3D1756539916%26refinements%3Dp_n_g-101014971069111%253A119653281011%26s%3Delectronics%26sr%3D1-33570-spons%26sp_csd%3Dd2lkZ2V0TmFtZT1zcF9tdGZfYnJvd3Nl%26psc%3D1,True
"Belkin MagSafe-Compatible 3-in-1 Wireless Charger Stand 15W - Qi2-Certified Wireless Charging Station, Fast Charging of iPhone 16, AirPods, & Apple Watch - 36W Included - Black",Cables & Charging,True,,Cables & Charging,Audio,109.99,Belkin,/sspa/click?ie=UTF8&spc=MTo4NTYwMjc2MzAwODYzODYwOjE3NTY1Mzk5Njg6c3BfbXRmX2Jyb3dzZTozMDA1NDMwMTEwMTE0MDI6OjA6Og&url=%2FBelkin-MagSafe-Compatible-Wireless-Charging%2Fdp%2FB0CYDDTB8W%2Fref%3Dsr_1_33665_sspa%3Fdib%3DeyJ2IjoiMSJ9.BHIL_QS3ujjMdSWcMkE9pISFVB03MS_i8bzQdTHRjXwXRbQBXvJ3r3ACGcCFmf07KZPvFjnatGCunx3dHZ0vgl-P2Ot-XNvleUGSQX5erzIC0-fcSue1tMSaSTa0SBkABBDzpazFtSCOHXyF5VqhcAZusodb3krlaWzVid78sObgC2_j86jCY6Jkx_e0_k3HoWLP_-DyGozHDRDlQy8exnphvaVTaKHcSmqHqgcP0-PxVZIR45MqJA4xPyn7DQKX--GWC2GRlH3UvJ7vM8D_jbbdCZGrSQxRNGogCMRiGws.6iwe5NzcQ0Kz1xYV4tpiU0xaBWu2MiL28SdztyIEZ5Y%26dib_tag%3Dse%26qid%3D1756539968%26refinements%3Dp_n_g-101014971069111%253A119653281011%26s%3Delectronics%26sr%3D1-33665-spons%26sp_csd%3Dd2lkZ2V0TmFtZT1zcF9tdGZfYnJvd3Nl%26psc%3D1,True
"NETGEAR 28-Port PoE Gigabit Ethernet Smart Switch (GS728TP) - Managed, Optional Insight Cloud Management, 24 x PoE+ @ 190W, 4 x 1G SFP, Desktop or Rackmount, and Limited Lifetime Protection",Networking,True,,Networking,Computers & Laptops,399.99,Netgear,/sspa/click?ie=UTF8&spc=MTo4NTYwMjc2MzAwODYzODYwOjE3NTY1Mzk5Njg6c3BfYnRmX2Jyb3dzZTozMDAzNjk4NTA0MDA3MDI6OjA6Og&url=%2FNETGEAR-28-Port-Gigabit-Ethernet-GS728TP%2Fdp%2FB0C2JK1GSQ%2Fref%3Dsr_1_33681_sspa%3Fdib%3DeyJ2IjoiMSJ9.BHIL_QS3ujjMdSWcMkE9pISFVB03MS_i8bzQdTHRjXwXRbQBXvJ3r3ACGcCFmf07KZPvFjnatGCunx3dHZ0vgl-P2Ot-XNvleUGSQX5erzIC0-fcSue1tMSaSTa0SBkABBDzpazFtSCOHXyF5VqhcAZusodb3krlaWzVid78sObgC2_j86jCY6Jkx_e0_k3HoWLP_-DyGozHDRDlQy8exnphvaVTaKHcSmqHqgcP0-PxVZIR45MqJA4xPyn7DQKX--GWC2GRlH3UvJ7vM8D_jbbdCZGrSQxRNGogCMRiGws.6iwe5NzcQ0Kz1xYV4tpiU0xaBWu2MiL28SdztyIEZ5Y%26dib_tag%3Dse%26qid%3D1756539968%26refinements%3Dp_n_g-101014971069111%253A119653281011%26s%3Delectronics%26sr%3D1-33681-spons%26sp_csd%3Dd2lkZ2V0TmFtZT1zcF9idGZfYnJvd3Nl%26psc%3D1,True
JBL - PartyBox 310 - Black JBLPARTYBOX310AM (Renewed),Audio,True,,Other,Other,,Jbl,/JBL-PartyBox-Black-JBLPARTYBOX310AM-Renewed/dp/B08N1N9D5K/ref=sr_1_33824?dib=eyJ2IjoiMSJ9.mgqG-oMiC708KJa_5GGObWhndSovyGJxT8z71-afOh8Uw13aYjzH2C-qhBpbmQvpWxLI-e06Fda_NNeTAtM9NdVrvpKqMuxITYn5PyzXSEy2_Jl5sCDle7g7S5io8rOXJ9NFv2RBYH6FvdXYzaDAkp9Lx5m7c5Vu-1BOlxxOPKgVxhiWcj2M0yQZwkG32WfR-AJEsgmgGTGz0rT-ay60bcUTvGrDTg00ep1_BxdZYpVqnP1Jet70bRpRA-MEecg-YTW_of9dh1wcl1W-eqffMhUlZj_Thh_mboXoY6C8mGo.CrbczKSEMa4io2F2QXFp1wXfZI7qyeFDpDVZpRe3gPs&dib_tag=se&qid=1756540056&refinements=p_n_g-101014971069111%3A119653281011&s=electronics&sr=1-33824,False
Humminbird 407860-1 HDR 650 In Dash Digital Depth Sounder,Marine & GPS,True,,Audio,Marine & GPS,141.85,Humminbird,/Humminbird-407860-1-Digital-Discontinued-Manufacturer/dp/B00417HG3W/ref=sr_1_33823?dib=eyJ2IjoiMSJ9.mgqG-oMiC708KJa_5GGObWhndSovyGJxT8z71-afOh8Uw13aYjzH2C-qhBpbmQvpWxLI-e06Fda_NNeTAtM9NdVrvpKqMuxITYn5PyzXSEy2_Jl5sCDle7g7S5io8rOXJ9NFv2RBYH6FvdXYzaDAkp9Lx5m7c5Vu-1BOlxxOPKgVxhiWcj2M0yQZwkG32WfR-AJEsgmgGTGz0rT-ay60bcUTvGrDTg00ep1_BxdZYpVqnP1Jet70bRpRA-MEecg-YTW_of9dh1wcl1W-eqffMhUlZj_Thh_mboXoY6C8mGo.CrbczKSEMa4io2F2QXFp1wXfZI7qyeFDpDVZpRe3gPs&dib_tag=se&qid=1756540056&refinements=p_n_g-101014971069111%3A119653281011&s=electronics&sr=1-33823,False
"Amazon Basics 6-in-1 USB-C 3.2 (10G) Hub, 1 USB-C 100W PD Input, 2 USB-A, 1 USB-C, HDMI 4K, Ethernet, Light Grey, 11.94 x 4.6 x 1.5cm",Cables & Charging,True,,Cables & Charging,Networking,29.98,Amazon,/Amazon-Basics-USB-C-Input-Ethernet/dp/B0CP58HPYH/ref=sr_1_33864?dib=eyJ2IjoiMSJ9.BHIL_QS3ujjMdSWcMkE9pISFVB03MS_i8bzQdTHRjXwXRbQBXvJ3r3ACGcCFmf07KZPvFjnatGCunx3dHZ0vgl-P2Ot-XNvleUGSQX5erzIC0-fcSue1tMSaSTa0SBkABBDzpazFtSCOHXyF5VqhcAZusodb3krlaWzVid78sObgC2_j86jCY6Jkx_e0_k3HoWLP_-DyGozHDRDlQy8exnphvaVTaKHcSmqHqgcP0-PxVZIR45MqJA4xPyn7DQKX--GWC2GRlH3UvJ7vM8D_jbbdCZGrSQxRNGogCMRiGws.I_SLPoA5GLSQCR2KCgHtOTKf-aCjHbjD-MYMXYiICp8&dib_tag=se&qid=1756540107&refinements=p_n_g-101014971069111%3A119653281011&s=electronics&sr=1-33864,True
"REOLINK Elite Floodlight WiFi, 4K 8MP 180° Panoramic Wired Floodlight Camera, Adjustable 3000 Lumens, Local AI Video Search, Perimeter Detection, Dual-Band Wi-Fi 6, 24/7 Recording, No Monthly Fees",Cameras & Photography,True,,Networking,Cameras & Photography,186.99,Reolink,/sspa/click?ie=UTF8&spc=MTozMjU5Njk3NzQ3MTkxOTYwOjE3NTY2MDg1OTQ6c3BfbXRmX2Jyb3dzZTozMDA4NzU0OTUwMzkzMDI6OjA6Og&url=%2FREOLINK-Elite-Floodlight-WiFi-Adjustable%2Fdp%2FB0DWSJVXJH%2Fref%3Dsr_1_35896_sspa%3Fdib%3DeyJ2IjoiMSJ9.lzrb6lH3ZWp4QH-DU5ysdspKWOdtuRlVewZvHH2CnOfc1CwQQ0VrLumlpxAoRibjJuSY1Q_QvPoCRkI22WiKBHauOIQJpwZwn0j1QbT8wVwAa8i5wUIccqDttsDtvQOhTuuf_zvrPR5HUR1sEv-6BszERKHg_1MDRYYYGMXKfYSHa-FzoZHwpcuEimlElEhKSarmtkfiGczyWfkOZnUtUcy2d6Y23jBKU3WZ_iPuBQSZnd1f4nO2HKMELIb1RWaQG_dwqV9IAY1ebZQUmLky1y71OAirqXK3J3G1w0okRvY.FcJ6XDo5n9e-f4tYuSrSbrg9ysAAKMtL5L_0iLZRDtQ%26dib_tag%3Dse%26qid%3D1756608594%26refinements%3Dp_n_g-101014971069111%253A119653281011%26s%3Delectronics%26sr%3D1-35896-spons%26sp_csd%3Dd2lkZ2V0TmFtZT1zcF9tdGZfYnJvd3Nl%26psc%3D1,False
"Mighty Max Battery ML210-6GC2-6 Volt 210 AH, Dual Terminal, Rechargeable SLA AGM Battery for Golf Cart",Batteries,True,,Batteries,Batteries,239.99,Mighty,/sspa/click?ie=UTF8&spc=MTo2NTMzMjE1ODc4OTU3NTcyOjE3NTY2MDg3MDg6c3BfYXRmX2Jyb3dzZTozMDA3OTg5NTIzNzY4MDI6OjA6Og&url=%2FMighty-Max-Battery-ML210-6GC2-6-Rechargeable%2Fdp%2FB0CZ7HG7R9%2Fref%3Dsr_1_36097_sspa%3Fdib%3DeyJ2IjoiMSJ9.ou_Uy7EBRLzn7Uon8wO_GqP3thr-dWaEe-w3bcUfX0O3vaO8DzaDlouejESG1t9OlnY32UhJNPqsL3DHEVbg-H0IjRdSvyE9FIDpWThrFm36QqEMbHHdRB5m8d2_tEVuDFxqkkI-HWHNTnaitpvbwE3C2JqK-A2xfdU-m3ChB605QHIcmuO-uXKsVbTcGjK9nm19tehzykPpfrNtgsTK_EC9AKpmePD1cB8ccRV-bwAGHZZMsFNi9FcvLnv3BXntID8VCVESTqWe-uNwQXRdTHmfaYfdZYVMnnNzCGd2TgU.l6eHqEkyf1_jXGxRaK0HW89edFSiFfLCZxC1Cvgg698%26dib_tag%3Dse%26qid%3D1756608708%26refinements%3Dp_n_g-101014971069111%253A119653281011%26s%3Delectronics%26sr%3D1-36097-spons%26sp_csd%3Dd2lkZ2V0TmFtZT1zcF9hdGZfYnJvd3Nl%26psc%3D1,True
"Harman Kardon Onyx Studio 8 (Renewed), Black",Audio,True,,Audio,Other,,Harman,/Harman-Kardon-Studio-Renewed-Black/dp/B0BX76S5B5/ref=sr_1_36460?dib=eyJ2IjoiMSJ9.y3E33iRhk0XRdkldMJKWIhCjaN7m_UphS1Y21sru2mOb30BZ1OsQO0TC0RImOPjvx2zyd2NejpjqYym5UZBkAUSZYCHmjdh4qaoW-TZ4DW59s_-R9mqTn3HA4aTa29r4tuH71gHBKsDmadOKGjn8NxywGa2bqP_NIRtbUArVN3-ZlxwpmXjdFnaKqUq5TMdsrS5FppsFW3NcqmQ0tz3Tgbd0IOGZbAVqIfmX9v9NJ34ikLZgPZDtZffev27haVajGH9-oJ-JrsRqyPh-B-XWJsHv0UDq-sV4i39Ne246nFQ.xpvG4vlQFDxzLR2dvBWTrvoAPYlXULHlscGmvoX8MCI&dib_tag=se&qid=1756608890&refinements=p_n_g-101014971069111%3A119653281011&s=electronics&sr=1-36460,True
"TRX Training 6 Month On-Demand Membership - Unlimited Access to Expert-Led Workouts, Personalized Programs, Strength, Cardio & Recovery - Train Anytime",Non-Electronics,True,,Other,Other,49.95,Trx,/sspa/click?ie=UTF8&spc=MToyMDA5NDQ0MTc3MjY0OTM2OjE3NTY2MDg4NjU6c3BfbXRmX2Jyb3dzZTozMDA3ODczMzA4MzUxMDI6OjA6Og&url=%2FTRX-Training-Month-Demand-Membership%2Fdp%2FB0DSCFVFZ5%2Fref%3Dsr_1_36401_sspa%3Fdib%3DeyJ2IjoiMSJ9.y3E33iRhk0XRdkldMJKWIhCjaN7m_UphS1Y21sru2mOb30BZ1OsQO0TC0RImOPjvx2zyd2NejpjqYym5UZBkAUSZYCHmjdh4qaoW-TZ4DW59s_-R9mqTn3HA4aTa29r4tuH71gHBKsDmadOKGjn8NxywGa2bqP_NIRtbUArVN3-ZlxwpmXjdFnaKqUq5TMdsrS5FppsFW3NcqmQ0tz3Tgbd0IOGZbAVqIfmX9v9NJ34ikLZgPZDtZffev27haVajGH9-oJ-JrsRqyPh-B-XWJsHv0UDq-sV4i39Ne246nFQ.73-Mx8EAAxB3kp1dAKZGvzOCuEM1QggGiVZcjpaIB8E%26dib_tag%3Dse%26qid%3D1756608865%26refinements%3Dp_n_g-101014971069111%253A119653281011%26s%3Delectronics%26sr%3D1-36401-spons%26sp_csd%3Dd2lkZ2V0TmFtZT1zcF9tdGZfYnJvd3Nl%26psc%3D1,False
Sprayground PACMAN GHOST GANG SHARMOUTH,Non-Electronics,True,,Audio,Other,,Sprayground,/Sprayground-PACMAN-GHOST-GANG-SHARMOUTH/dp/B0FDGXCV1Z/ref=sr_1_36519?dib=eyJ2IjoiMSJ9.ou_Uy7EBRLzn7Uon8wO_GqP3thr-dWaEe-w3bcUfX0O3vaO8DzaDlouejESG1t9OlnY32UhJNPqsL3DHEVbg-H0IjRdSvyE9FIDpWThrFm36QqEMbHHdRB5m8d2_tEVuDFxqkkI-HWHNTnaitpvbwE3C2JqK-A2xfdU-m3ChB605QHIcmuO-uXKsVbTcGjK9nm19tehzykPpfrNtgsTK_EC9AKpmePD1cB8ccRV-bwAGHZZMsFNi9FcvLnv3BXntID8VCVESTqWe-uNwQXRdTHmfaYfdZYVMnnNzCGd2TgU.HITPDch-LQLcFIOODsYkVZS1Z3QvkbXi-kD01VFtM0A&dib_tag=se&qid=1756608991&refinements=p_n_g-101014971069111%3A119653281011&s=electronics&sr=1-36519,False
"Uniden Bearcat BCD160DN Handheld Digital Scanner, Exclusive Features, Band Scope Rapid System/Channel Number Tagging, Narrow-Band Reception, and Search Features to Detect Signals Faster Than Ever",Audio,True,,Printers & Ink,Audio,245.0,Uniden,/Uniden-BCD160DN-Exclusive-Narrow-Band-Reception/dp/B0CV9SK2VC/ref=sr_1_36513?dib=eyJ2IjoiMSJ9.ou_Uy7EBRLzn7Uon8wO_GqP3thr-dWaEe-w3bcUfX0O3vaO8DzaDlouejESG1t9OlnY32UhJNPqsL3DHEVbg-H0IjRdSvyE9FIDpWThrFm36QqEMbHHdRB5m8d2_tEVuDFxqkkI-HWHNTnaitpvbwE3C2JqK-A2xfdU-m3ChB605QHIcmuO-uXKsVbTcGjK9nm19tehzykPpfrNtgsTK_EC9AKpmePD1cB8ccRV-bwAGHZZMsFNi9FcvLnv3BXntID8VCVESTqWe-uNwQXRdTHmfaYfdZYVMnnNzCGd2TgU.HITPDch-LQLcFIOODsYkVZS1Z3QvkbXi-kD01VFtM0A&dib_tag=se&qid=1756608991&refinements=p_n_g-101014971069111%3A119653281011&s=electronics&sr=1-36513,False
