Title,source,eval_set,label,label_now
"KICKER DSC650 6.5-Inch (160-165mm) Coaxial Speakers, 4-Ohm (Pair)",user,random_250,Audio,Audio
"SAMSUNG Galaxy Tab A7 Lite 8.7"" 32GB WiFi Android Tablet, Compact, Portable, Slim Design, Kid Friendly, Sturdy Metal Frame, Expandable Storage, Long Lasting Battery, US Version, 2021, Gray",user,random_250,Phones & Tablets,Phones & Tablets
Seagate Skyhawk AI 20TB Video Internal Hard Drive HDD – 3.5 Inch SATA 6Gb/s 512MB Cache for DVR NVR Security Camera System with in-House Rescue Services (ST20000VE003),user,random_250,Storage & Memory Cards,Storage & Memory Cards
"SAMSUNG Galaxy FIT 3 [2024] 1.6"" AMOLED Display | 14 Days Battery Life | 100+ Watchfaces | 100+ Exercise Modes | International Model - (Pink)",user,random_250,Smart Home & Wearables,Smart Home & Wearables
"Canon PGI-280 Genuine Pigment Black Ink Tank, Compatible with TR8520, TS9120,TS8120, TS6120, TS9521C/a, TS9520/a, TS8220, TS6220, TS8320, TS6320, TS702/a, and TR8620/a Series Printers",user,random_250,Printers & Ink,Printers & Ink
"TP-Link Deco X55 AX3000 WiFi 6 Mesh System - Covers up to 6500 Sq.Ft, Replaces Wireless Router and Extender, 3 Gigabit Ports per Unit, Supports Ethernet Backhaul, Deco X55(3-Pack)",user,random_250,Networking,Networking
Sony Alpha FX3 ILME-FX3 | Full-frame Cinema Line Camera,user,random_250,Cameras & Photography,Cameras & Photography
"Google Nest Cam Outdoor or Indoor, Battery 2nd Generation - Snow (Renewed)",user,random_250,Cameras & Photography,Cameras & Photography
"Canon PG-260 Genuine Black Ink Cartridge, Compatible with TS5320/6420/6420a,TR7020/7020a",user,random_250,Printers & Ink,Printers & Ink
"Fitbit Charge 6 Fitness Tracker Smartwatch with Heart Rate, GPS, Health Tools and More Obsidian/Black Bundle with Cleaning Cloth and Charger",user,random_250,Smart Home & Wearables,Smart Home & Wearables
"HP 147A Black Toner Cartridge for HP Printers | Works with Printer Series: LaserJet Enterprise M610, M611, M612, LaserJet Enterprise MFP M634, M635, M636 | W1470A",user,random_250,Printers & Ink,Printers & Ink
"VTech IS8151-5 Super Long Range 5 Handset DECT 6.0 Cordless Phone for Home with Answering Machine, 2300 ft Range, Call Blocking, Bluetooth, Headset Jack, Power Backup, Intercom, Expandable to 12 HS",user,random_250,Phones & Tablets,Phones & Tablets
"SAMSUNG Galaxy Watch 5 40mm Bluetooth Smartwatch w/Body, Health, Fitness and Sleep Tracker, Improved Battery, Sapphire Crystal Glass, Enhanced GPS Tracking, US Version, Gray (Renewed)",user,random_250,Smart Home & Wearables,Smart Home & Wearables
"Power Wheels 12-Volt Rechargeable Battery, Replacement Battery For Power Wheels Ride-On Vehicles",user,random_250,Batteries,Batteries
Dell WD19TB Thunderbolt Docking Station with 180W AC Power Adapter (130W Power Delivery),user,random_250,Computers & Laptops,Computers & Laptops
Nikon Z5 II | Full-Frame mirrorless Stills/Video Camera | Nikon USA Model,user,random_250,Cameras & Photography,Cameras & Photography
Sony Playstation PS4 1TB Black Console,user,random_250,Gaming,Gaming
"Apple Pencil (2nd Generation): Device Compatibility Check Required - Pixel-Perfect Precision, Perfect for Note-Taking, Drawing, and Signing documents. Attaches, Charges, and Pairs magnetically.",user,random_250,Phone & Tablet Accessories,Phone & Tablet Accessories
"Monster Open AC601 Wireless Earbuds, Crystal Clear Call, USB-C Charging, Bluetooth 5.4 Open Earphones with ENC, IPX5 Waterproof Wireless Clip-on Earbud, 32H Playtime Earbuds (White)",user,random_250,Audio,Audio
"Sharp ELECTRONICS Standard Function Calculator (EL2630PIII), White, 8 7/8 x 12 7/8",user,random_250,Office & School Supplies,Office & School Supplies
"SAMSUNG Galaxy S25 Ultra Anti-Reflecting Film, Phone Screen Protector, Increased Visibility, Dust and Fingerprint Protection, Anti-Scratch, US Version, EF-US938CTEGUS",user,random_250,Phone & Tablet Accessories,Phone & Tablet Accessories
"Lenovo IdeaPad 1 Laptop, 15.6” FHD Display, AMD Ryzen 5 5500U, 8GB RAM, 512GB SSD, Windows 11 Home, 720p Camera w/Privacy Shutter, Smart Noise Cancelling, Cloud Grey",user,random_250,Computers & Laptops,Computers & Laptops
"Arlo Pro SmartHub - WiFi Base Station for Arlo Cameras (VMB4540) - Compatible with Ultra 2, Ultra, Pro 5S, Pro 4, Floodlight, Essential (Gen 1), Video Doorbell - Brand Certified Accessory",user,random_250,Networking,Networking
"Amazon Basics 12W One Port USB-A Wall Charger (2.4A) for Phones (iPhone 15/14/13/12/11/X, Samsung, and more), Pack of 2, White",user,random_250,Cables & Charging,Cables & Charging
"Xbox Wireless Gaming Headset – Over Ear Headphones – Spatial Audio with Dolby Atmos, Windows Sonic Series X|S, One, Windows PC, Mobile – Carbon Black",user,random_250,Audio,Audio
Apple iPhone FineWoven Wallet with MagSafe - Taupe,user,random_250,Phone & Tablet Accessories,Phone & Tablet Accessories
"NETGEAR Orbi 870 Series Tri-Band WiFi 7 Mesh System (RBE873) - Router + 2 Satellite Extenders, Security Features, Up to 21 Gbps, Covers Up to 9,000 Sq. Ft., 150 Devices, 10 Gig Internet Port, BE21000",user,random_250,Networking,Networking
Bushnell Falcon 10x50 Wide Angle Binoculars (Black),user,random_250,Optics,Optics
"Targus 15-16 Inch Classic Slim Laptop Bag, Black - Ergonomic Briefcase and Messenger Bag - Spacious Foam Padded Laptop Bag for 16"" Laptops and Under (TCT027US)",user,random_250,Bags & Cases,Bags & Cases
"Duracell MN9100/E90/LR1 Medical Battery 1.5 V Card 2 Size N - 2 Count, 2 Pack - 4 Batteries Total,2 Count (Pack of 2)",user,random_250,Batteries,Batteries
acer Nitro 27 Inch 1500R Curved Zero-Frame Full HD (1920 x 1080) Gaming Monitor | AMD FreeSync Premium | Up to 280Hz Refresh | 1ms VRB | One Display Port 1.4 and Two HDMI 2.0 Ports | XZ270,user,random_250,Monitors & Displays,Monitors & Displays
Renata 390 SR1130SW Batteries - 1.55V Silver Oxide 390 Watch Battery (2 Count),user,random_250,Batteries,Batteries
"Xiaomi Smart Band 9 Global Version (2024) 1.62"" Amoled Display | 233 mAh Battery | up to 21 Days of Battery Life | Over 150 Workout Modes | BT 5.4 | 50M Water Resistant - Midnight Black",user,random_250,Smart Home & Wearables,Smart Home & Wearables
"Kensington MP14 Magnetic MacBook Pro Privacy Screen for 14 inch MacBook Pro (2021-2024, M1, M2, M3, M4, Pro, Max), Removable Laptop Privacy Screen, Anti Glare Blue Light MacBook Mac Screen Protector",user,random_250,Computers & Laptops,Computers & Laptops
"JanSport Right Pack Backpack - Durable Daypack with Padded 15"" Laptop Sleeve, Spacious Main Compartment & Integrated Water Bottle Pocket - Black",user,random_250,Bags & Cases,Bags & Cases
"Shure GLXD16+ Dual Band Pro Digital Wireless System with Pedal Receiver for Guitar & Bass - 12-Hour Battery Life, 100 ft Range | Includes WA305 Premium Cable with 1/4"" Jack (GLXD16+-Z3)",user,random_250,Audio,Audio
"Dell UltraSharp Webcam - WB7022 - 4K UHD - Large Sony STARVISTM CMOS sensor, Advanced AI auto framing",user,random_250,Cameras & Photography,Cameras & Photography
"Fujifilm Instax Mini Instant Film BLACK FRAME 3-PACK BUNDLE SET , Film Black Frame ( 10 x 3 ) for Mini 90 8 70 7s 50s 25 300 Camera SP-1 Printer",user,random_250,Cameras & Photography,Cameras & Photography
Meta Quest 3 512GB — The Most Powerful Quest — Ultimate Mixed Reality Experiences — Get a 3-Month Trial of Meta Horizon+ Included,user,random_250,Gaming,Gaming
"OtterBox iPhone 12 & iPhone 12 Pro Symmetry Series Series Case - Clear, Ultra-Sleek, Wireless Charging Compatible, Raised Edges Protect Camera & Screen",user,random_250,Phone & Tablet Accessories,Phone & Tablet Accessories
"AT&T BL102-2 DECT 6.0 2-Handset Cordless Phone for Home with Answering Machine, Call Blocking, Caller ID Announcer, Audio Assist, Intercom, and Unsurpassed Range, Silver/Black",user,random_250,Phone & Tablet Accessories,Phones & Tablets
"Apple MacBook Air MJVM2LL/A 11.6-Inch Laptop (1.6 GHz Intel Core i5, 128 GB Hard Drive, Integrated Intel HD Graphics 6000, Mac OS X 10.10 Yosemite) (Renewed)",user,random_250,Computers & Laptops,Computers & Laptops
"Skullcandy Hesh Evo Wireless Over-Ear Bluetooth Headphones with Charging Cable, Noise Isolating, Up to 36 Hours Battery, Foldable Lightweight Design, Microphone for iPhone Android - True Black",user,random_250,Audio,Audio
"Fujifilm QuickSnap Flash 400 One Time Use 35mm Camera with Flash, 27 Exposures, 8-Pack",user,random_250,Cameras & Photography,Cameras & Photography
"Apple iPhone 13 Pro, 128GB, Graphite - Unlocked (Renewed)",user,random_250,Phones & Tablets,Phones & Tablets
"SENNHEISER HD 599 Open Back Headphone, Ivory",user,random_250,Audio,Audio
"Xbox Elite Series 2 Core Wireless Gaming Controller – Black – Xbox Series X|S, Xbox One, Windows PC, Android, and iOS",user,random_250,Gaming,Gaming
"Samsung Galaxy Watch 6 Classic 43mm Smartwatch with Rotating Bezel, Fitness Tracker, Advanced Sleep Coaching, Heart Monitor - Silver (Renewed)",user,random_250,Smart Home & Wearables,Smart Home & Wearables
Thrustmaster T-Flight Hotas One Microsoft Flight Sim 2024 Collectors Edition (compatible with Xbox Series X|S and PC),user,random_250,Gaming,Gaming
"Apple Watch Series 7 (GPS + Cellular, 45mm) Blue Aluminum Case with Abyss Blue Sport Band, Regular (Renewed)",user,random_250,Smart Home & Wearables,Smart Home & Wearables
"VIVO 500ft Bulk Cat6 Wire, Full Copper Ethernet Cable, 23 AWG, UTP Pull Box, LAN Network, Blue, CABLE-V017",user,random_250,Networking,Networking
"Garmin 010-01689-00 Forerunner 35; Easy-to-Use GPS Running Watch, Black",user,random_250,Smart Home & Wearables,Smart Home & Wearables
"NETGEAR Nighthawk WiFi 6E Router (RAXE500) - Security Features, 12-Stream Gigabit Router AXE11000 Tri-Band Wireless Speed (Up to 10.8Gbps), New 6GHz Band, Coverage up to 3,500 sq. ft, 60 Devices",user,random_250,Networking,Networking
"Logitech G PRO X SUPERLIGHT Wireless Gaming Mouse, Ultra-Lightweight, HERO 25K Sensor, 25,600 DPI, 5 Programmable Buttons, Long Battery Life, Compatible with PC / Mac - White",user,random_250,Keyboards & Mice,Keyboards & Mice
"UGREEN USB C to Ethernet Adapter, Plug and Play 1Gbps Ethernet Adapter, Aluminum Case, (Thunderbolt 4/3 Compatible) to RJ45 Network Dongle, Compatible for MacBook Pro/Air, iPhone 16 Pro/Max, iPad, XPS",user,random_250,Networking,Networking
"Amazon Basics 8-Pack Rechargeable AA NiMH Batteries, 2000 mAh, 1.2V, Recharge up to 1000x Times, Pre-Charged",user,random_250,Batteries,Batteries
"Apple AirPods 4 Wireless Earbuds, Bluetooth Headphones, Personalized Spatial Audio, Sweat and Water Resistant, USB-C Charging Case, H2 Chip, Up to 30 Hours of Battery Life, Effortless Setup for iPhone",user,random_250,Audio,Audio
"Lenovo Legion M410 Wireless RGB Gaming Mouse – 6 Button Palm Grip Mouse with 16,000 DPI, 53 Hour Rechargeable Battery, 2-Zone RGB Lighting, NVIDIA Reflex Compatible",user,random_250,Keyboards & Mice,Keyboards & Mice
FEELWORLD P6XL Camera Field Touchscreen Monitor 6 Inch 1200 Nit Bright Built-in Battery with Aluminium Housing 1920x1080 IPS 3D LUT HDR Waveform DSLR Camera for Sony Canon Nikon Fuji Photography,user,random_250,Monitors & Displays,Monitors & Displays
GoPro Floaty (HERO12 Black/HERO11 Black/HERO10 Black/HERO9 Black) - Official GoPro Accessory,user,random_250,Cameras & Photography,Cameras & Photography
"Apple iPhone 16 Pro Max, 256GB, Black Titanium - T-Mobile (Renewed)",user,random_250,Phones & Tablets,Phones & Tablets
Humminbird LakeMaster Premium Minnesota V1 Map SD Card for Fish Finders,user,random_250,Storage & Memory Cards,Storage & Memory Cards
"CORSAIR Nautilus 360 RS ARGB Liquid CPU Cooler – 360mm AIO – Low-Noise – Direct Motherboard Connection – Daisy-Chain – Intel LGA 1851/1700, AMD AM5/AM4 – 3X RS120 ARGB Fans Included – Black",user,random_250,Computers & Laptops,Computers & Laptops
"Lenovo IdeaPad Slim 3 Chromebook Laptop (14"" FHD Touchscreen, 8-Core MediaTek Kompanio 520, 4GB RAM, 128GB (64GB eMMC+64GB SD)), Anti-Glare, Webcam, 13-Hr Long Battery Life, IST HUB, Chrome OS, Blue",user,random_250,Computers & Laptops,Computers & Laptops
CORSAIR iCUE Link LX120 RGB 120mm PWM Fans Triple Pack – Dual Light Loops – Includes iCUE Link System Hub – CORSAIR AirGuide Technology – Black,user,random_250,Computers & Laptops,Computers & Laptops
"Canon imageCLASS MF751Cdw - Wireless Duplex Color Laser Printer, Multifunction with Copier, Scanner, Automatic Document Feeder, Mobile Ready, 3 Year Limited Warranty, 35 PPM, White",user,random_250,Printers & Ink,Printers & Ink
"WD_BLACK 8TB SN850X NVMe Internal Gaming SSD Solid State Drive - Gen4 PCIe, M.2 2280, Up to 7,200 MB/s - WDS800T2X0E",user,random_250,Computers & Laptops,Storage & Memory Cards
"ESR for iPad Air 11 Inch Case M3/M2 (2025/2024), iPad Air 5th/4th Gen(2022/2020), Slim&Light, Yellowing Resistant, Transparent Back Cover, Supports Pencil Pro&Pencil (USB-C), Zero Series, Clear",user,random_250,Phone & Tablet Accessories,Phone & Tablet Accessories
"SAMSUNG Galaxy Buds 3 Pro AI True Wireless Bluetooth Earbuds, Noise Cancelling, Sound Optimization, Real-Time Interpreter, Redesigned Comfort Fit Latin American Version (Silver)",user,random_250,Audio,Audio
"HP 210X Black High-Yield Toner Cartridge | Works Color Laserjet Pro 4201, Color Laserjet Pro MFP 4301 Series | W2100X",user,random_250,Printers & Ink,Printers & Ink
"ARCTIC MX-4 (4 g) - Premium Performance Thermal Paste for All Processors (CPU, GPU - PC), Very high Thermal Conductivity, Long Durability, Safe Application, Non-Conductive",user,random_250,Computers & Laptops,Computers & Laptops
"GIGABYTE Z390 UD (LGA 1151 (300 Series) Intel Z390 SATA 6Gb/s ATX Intel Motherboard for Cryptocurrency Mining with above 4G Decoding, 6 x PCIe Slots)",user,random_250,Computers & Laptops,Computers & Laptops
"ARRIS (SB6183-RB) Cable Modem - Fast DOCSIS 3.0 16x4 Gigabit Cable Modem, For Comcast Xfinity, Cox, Spectrum and more, 1 Gbps Port, 400 Mbps Max Internet Speed, 2 Year Warranty - Renewed",user,random_250,Networking,Networking
"Dell OptiPlex 7070 SFF Desktop Computer PC, Intel 8 Core i7-9700 3.0GHz up to 4.70GHz,32GB DDR4 Ram New 1TB NVMe M.2 SSD,AX210 Built-in WiFi 6E,Windows 11 Pro, Wireless Keyboard & Mouse (Renewed)",user,random_250,Computers & Laptops,Computers & Laptops
"SABRENT 4 Port USB 3.0 Hub with Individual LED Lit Power Switches, Includes 5V/2.5A Power Adapter (HB-UMP3)",user,random_250,Cables & Charging,Cables & Charging
"Belkin 3.5mm Audio Splitter – Dual Headphone and Speaker Jack Adapter for Sharing Music or Videos – Compatible with iPhone, iPad, Laptops, Tablets, and Other Devices with AUX Port – Black",user,random_250,Audio,Audio
Casio SL-300SV Standard Function Desktop Calculator | General Purpose | Large 8-Digit Display | Pocket Size | Basic Math Functions| Ideal for Home & Office,user,random_250,Office & School Supplies,Office & School Supplies
"Pyle Marine Radio Receiver Speaker Set 12v Single Din Style Bluetooth Compatible Waterproof Digital Boat In Dash Console System with Mic 4 Speakers, Remote Control, Wiring Harness PLMRKT38W (White)",user,random_250,Marine & GPS,Marine & GPS
Spigen Rugged Armor Designed for Samsung Galaxy Note 20 Ultra 5G Case (2020) - Matte Black,user,random_250,Phone & Tablet Accessories,Phone & Tablet Accessories
Canon Battery Pack LP-E6P,user,random_250,Cameras & Photography,Cameras & Photography
"UGREEN USB C to Ethernet Adapter 2.5G, Ethernet Adapter for Laptop, Aluminum, Type C (Thunderbolt 4/3 Compatible) to RJ45 Network Internet, Compatible for NAS, MacBook Air/Pro, XPS, iPhone 15 Pro/Max",user,random_250,Networking,Networking
"HP 26X Black High-yield Toner Cartridges (2-pack) | Works with HP LaserJet Pro M402 Series, HP LaserJet Pro MFP M426 Series | CF226XD",user,random_250,Printers & Ink,Printers & Ink
"KENWOOD ProTalk PKT-300 Compact UHF Two Way Radio, 2W Power, 6 Channels, VOX and Privacy Talk, 10 Call Alerts, Rugged MIL-STD 810, IP52 Weather-Resistant, 16-Hour Battery, 6-Mile Range, LCD Display",user,random_250,Audio,Audio
ThinkPad Universal USB-C Dock-US LDA-KP,user,random_250,Computers & Laptops,Computers & Laptops
"Garmin Dash Cam™ Mini 3, Ultracompact 1080p HD Dash Cam with a 140-degree Field of View, Built in Clarity™ Polarizer, Voice Controlled, Automatic Recording",user,random_250,Car Electronics,Car Electronics
"VIVO Dual Vertically Stacked Monitor Desk Mount, Extra Tall Adjustable Stand for 2 Ultrawides up to 34 inches, 22 lbs Capacity, Black, STAND-V002T",user,random_250,Monitors & Displays,Monitors & Displays
"Seagate Storage Expansion Card 2TB Solid State Drive - NVMe SSD for Xbox Series X|S, Quick Resume, Plug & Play, Licensed (STJR2000400) Black",user,random_250,Computers & Laptops,Storage & Memory Cards
Texas Instruments TI-503 SV Standard Function Calculator,user,random_250,Office & School Supplies,Office & School Supplies
"Avery Printable Address Labels with Sure Feed, 1"" x 2-5/8"", Matte Clear, 300 Blank Mailing Labels (18660)",user,random_250,Office & School Supplies,Office & School Supplies
"Brother Monochrome Laser Printer with 32 PPM Speed and Automatic 2-Sided Printing for Home Office, Fast Black and White Output, Compact Design with 250-Sheet Capacity (HL-L2400D)",user,random_250,Printers & Ink,Printers & Ink
"Amazon Basics Manila File Folders with Fasteners for Organized Filing, Letter Size, Beige, 50-Pack",user,random_250,Office & School Supplies,Non-Electronics
"Klipsch Reference Series 5.1 Home Theater Pack with 2X R-625FA Floorstanding Speakers, R-52C Center Channel Speaker, 2X R-41M Bookshelf Speakers (Speaker System + Subwoofer)",user,random_250,Audio,Audio
"2018 Apple iPad (9.7-inch, Wi-Fi, 128GB) - Silver (Renewed)",user,random_250,Phones & Tablets,Phones & Tablets
"Canon Genuine 067 Cyan Toner Cartridge High Capacity Compatible with LBP633Cdw, LBP632Cdw, MF652Cdw, MF653Cdw, MF654Cdw, MF656Cdw",user,random_250,Printers & Ink,Printers & Ink
"Fender Professional Series Instrument Cable, Guitar Cable 10 ft, Guitar Accessories, Stage Ready with Anti-Kinking Design, Black",user,random_250,Audio,Audio
"Synology HAT3300 4TB Plus Series SATA HDD 3.5"" (HAT3300-4T)",user,random_250,Computers & Laptops,Storage & Memory Cards
TACTACAM Defend Cellular Security Camera,user,random_250,Cameras & Photography,Cameras & Photography
"SAMSUNG 12.2"" FHD 2-in-1 Touchscreen Chromebook Plus Laptop for Business&Students, Intel Dual-Core, 4GB RAM, 224GB Storage(64GB eMMC+160GB Docking Station Set), Stylus Pen, Wireless Mouse, Silver",user,random_250,Computers & Laptops,Computers & Laptops
"Lenovo ThinkPad P14s Gen 5 AMD AMD Ryzen™ 7 PRO 8840HS Processor, 14"" WUXGA (1920 x 1200), IPS, Anti-Glare, 1 TB SSD, 32 GB DDR5 Windows 11 Pro 64, 21ME001LUS",user,random_250,Computers & Laptops,Computers & Laptops
"GoPro Hero - Compact Waterproof Action Camera with 4K Ultra HD Video, 12MP Photo, Touch Screen",user,random_250,Cameras & Photography,Cameras & Photography
"DJI Mini 4 Pro (DJI RC 2), Folding Mini-Drone with 4K HDR Video Camera for Adults, Under 0.549 lbs/249 g, 34 Mins Flight Time, 20 km Max Video Transmission Distance, Omnidirectional Vision Sensing",user,random_250,Cameras & Photography,Cameras & Photography
Ubiquiti UniFi G4 5 Megapixel 2K Network Camera - Color,user,random_250,Cameras & Photography,Cameras & Photography
"Escort MAX 4 Radar Detector – 2X The Filtering Accuracy, AutoLearn Intelligence, Advanced Detection Range, Built-in GPS and Bluetooth Connectivity, Apple CarPlay and Android Auto Compatible",user,random_250,Car Electronics,Car Electronics
"Skullcandy Jib True 2 Wireless Earbuds, Bluetooth Headphones, Up to 33 Hours Battery with Charging Case, Noise Isolating Fit, Sweat and Water Resistant, Microphone for iPhone Android - True Black",user,random_250,Audio,Audio
Blackmagic Micro Converter BiDirect SDI/HDMI 3G PSU (CONVBDC/SDI/HDMI03G/PS),user,random_250,Cameras & Photography,Cameras & Photography
"SAMSUNG 49” Odyssey G9 Series DQHD 1000R Curved Gaming Monitor, 1ms(GtG), VESA DisplayHDR 1000, 240Hz, AMD FreeSync Premium Pro, Height Adjustable Stand, Ultrawide Screen, LS49CG954ENXZA, 2024",user,random_250,Monitors & Displays,Monitors & Displays
"SAMSUNG AKG Earbuds Original USB Type C in-Ear Earbud Headphones with Remote & Mic for Galaxy A53 5G, S22, S21 FE, S20 Ultra, Note 10, Note 10+, S10 Plus - Braided - includes Velvet Pouch - Black",user,random_250,Audio,Audio
"Apple iPad (10.2-inch, Wi-Fi, 128GB, 8th Generation)- Space Gray (Renewed)",user,random_250,Phones & Tablets,Phones & Tablets
"Avery Waterproof Labels with UltraHold Permanent Adhesive, 2"" x 4"", 500 Labels for Laser Printers (5523)",user,random_250,Office & School Supplies,Office & School Supplies
"Kasa Smart 3 Way Switch HS210 KIT, Needs Neutral Wire, 2.4GHz Wi-Fi Light Switch works with Alexa and Google Home, UL Certified, No Hub Required, White,2 Count (Pack of 1)",user,random_250,Smart Home & Wearables,Smart Home & Wearables
"JLab JBuds Ergonomic Vertical Mouse, Reduce Strain, Connect Via Bluetooth or USB Wireless Dongle, Multi-Device Toggle Up to Three Devices, Custom User Profiles, Adjustable Tracking, Rechargeable",user,random_250,Keyboards & Mice,Keyboards & Mice
"SteelSeries Arctis Nova Pro Multi-System Gaming Headset - Premium Drivers - Hi-Res Spatial Audio - GameDAC Gen 2 - ESS Quad-DAC - ClearCast Mic - PC, PS5, PS4, Switch (Renewed)",user,random_250,Audio,Audio
"KODAK Dock ERA Plus 4PASS Instant Photo Printer, 4x6 inches, 90 Sheets Bundle",user,random_250,Printers & Ink,Printers & Ink
"UGREEN Revodok Pro 209 USB C Docking Station, DisplayLink 9-in-1 Dual 4K@60hz Monitor Dock for MacBook & Windows with 2 DP & 2 HDMI, 10 Gbps USB C & USB-A Data Ports, 100W PD, Gigabit Ethernet",user,random_250,Computers & Laptops,Computers & Laptops
TP-Link TL-SM5310-T | 10GBase-T RJ45 SFP+ Module | 10G Copper SFP+ Transceiver | SFP+ to Ethernet | Plug and Play | Hot Pluggable | Up to 30m distance| | Durable Metal Casing | Versatile Compatibility,user,random_250,Networking,Networking
"Yamaha HPH-50B Compact Closed-Back Headphones, Black",user,random_250,Audio,Audio
G.SKILL Trident Z Neo Series DDR4 RAM (XMP) 32GB (2x16GB) 3600MT/s CL16-19-19-39 1.35V Intel AMD Desktop Computer Memory U-DIMM (F4-3600C16D-32GTZNC),user,random_250,Computers & Laptops,Computers & Laptops
"VIVO 1,000ft Bulk Cat5e Wire, CCA Ethernet Cable, 24 AWG, UTP Pull Box, LAN Network, Gray, CABLE-V001",user,random_250,Networking,Networking
"Panasonic Headphones, Lightweight Over the Ear Wired Headphones with Clear Sound and XBS for Extra Bass, Long Cord, 3.5mm Jack for Phones and Laptops – RP-HT161-K (Black)",user,random_250,Audio,Audio
DYMO Rhino Industrial Flexible Nylon Labels | 12 mm x 3.5 m | Black Print on White | Self-Adhesive | for Rhino & LabelManager Label Makers,user,random_250,Office & School Supplies,Office & School Supplies
FiiO FT1 32Ω Large Dynamic Driver Headphones with Solid Wood Cups,user,random_250,Audio,Audio
"Brother PTE110 Entry Level Industrial Handheld Labeling Tool Kit - Up to 12mm Labels, Orange",user,random_250,Office & School Supplies,Office & School Supplies
Brother Printer LC71BK Standard Yield Black Ink,user,random_250,Printers & Ink,Printers & Ink
"ASUS ZenWiFi XT9 AX7800 Tri-Band WiFi6 Mesh WiFiSystem (2Pack), 802.11ax, up to 5700 sq ft & 6+ Rooms, AiMesh, Lifetime Free Internet Security, Parental Controls, 2.5G WAN Port, UNII 4, Charcoal",user,random_250,Networking,Networking
"StarTech.com Standalone Hard Drive Duplicator, External Dual Bay HDD/SSD Cloner/Copier, USB to SATA III Docking Station",user,random_250,Storage & Memory Cards,Storage & Memory Cards
"Hisense 55"" Class U7 Mini-LED ULED 4K UHD Google Smart TV (55U75QG, 2025 Model) - QLED, Native 165Hz, VRR 288, Up to 3000 Nits, HDR10+, Dolby Vision IQ · Atmos, IMAX Enhanced, 2.1.2 Ch Surround",user,random_250,TV & Home Entertainment,TV & Home Entertainment
"Elgato Wave Neo – USB Condenser Microphone, Tap to Mute, for Gaming, Streaming, Meetings, Voice Recording on Teams/Zoom/OBS/Twitch/YouTube & more, Plug-’n-Play, Works on Laptop, PC, Mac, iPad, iPhone",user,random_250,Audio,Audio
"Canon IP8720 Wireless Printer, AirPrint and Cloud Compatible, Black",user,random_250,Printers & Ink,Printers & Ink
"Logitech Rally bar mini and tap IP Bundle, 1920 Pixels x 1080 Pixels, Graphite",user,random_250,Cameras & Photography,Cameras & Photography
"OtterBox Defender Series Case for iPad Pro 13-inch (M4) (2024) - BLACK, Rugged, Durable, Multi-Layer Protection (single unit ships in polybag, ideal for business customers)",user,random_250,Phone & Tablet Accessories,Phone & Tablet Accessories
"Lowrance TripleShot Skimmer Transducer for Hook Reveal and HOOK2 Fish Finders, Black",user,random_250,Marine & GPS,Marine & GPS
"Goodyear Retractable Extension Cord Reel – Heavy-Duty Commercial Cable with Triple Tap Connector, Auto-Rewind & Wall/Ceiling Mountable (Enclosed, 12AWG x 65 ft)",user,random_250,Power Strips & Surge Protectors,Power Strips & Surge Protectors
"HP Victus 15.6 i5 Gaming Laptop, 15.6"" FHD 1920*1080 144Hz, Intel Core i5-12450H, NVIDIA GeForce RTX 3050, 16GB RAM, 1TB SSD, Backlit KB, Touchpad, SD Card Reader, Webcam, HDMI, Wi-Fi 6, W11 H, Blue",user,random_250,Computers & Laptops,Computers & Laptops
"NETGEAR Nighthawk Dual-Band WiFi 7 Router (RS200) – Security Features, BE6500 Wireless Speed (up to 6.5 Gbps) - Covers up to 2,500 sq. ft., 80 Devices – 2.5 Gig Internet Port - Free Expert Help",user,random_250,Networking,Networking
"EPSON 220 DURABrite Ultra Ink Standard Capacity Color Combo Pack (T220520-S) Works with WorkForce WF-2630, WF-2650, WF-2660, WF-2750, WF-2760, Expression XP-320, XP-420, XP-424",user,random_250,Printers & Ink,Printers & Ink
"APC UPS 1000VA Sine Wave UPS Battery Backup and Surge Protector, BR1000MS Backup Battery Power Supply with AVR, (2) USB Charger Ports",user,random_250,Batteries,Power Strips & Surge Protectors
"Amazon Basics Expanding File Folder Organizer with Pockets, Letter Size, 3.5-Inch Expansion, 25-Pack, 9.5 x 11.75 Inches, Brown",user,random_250,Office & School Supplies,Non-Electronics
beyerdynamic DT 900 PRO X Open-Back Studio Headphones with Stellar.45 Driver for Mixing and Mastering,user,random_250,Audio,Audio
CORSAIR 4000D RS Frame Modular High Airflow Mid-Tower PC Case – 3X CORSAIR RS Fans – InfiniRail Fan Mounting System – Fits Multiple 360mm Radiators – Reverse Connector Motherboard Compatible – Black,user,random_250,Computers & Laptops,Computers & Laptops
"OtterBox DEFENDER FOR BUSINESS W/ KICKSTAND/HANDSTRAP for iPad (A16) & iPad 10th Gen V2 - BLACK, No Screen Protector Included (Single unit ships in Polybag, Ideal for Business Customer)",user,random_250,Phone & Tablet Accessories,Phone & Tablet Accessories
"SAMSUNG Galaxy Watch Ultra Trail Band, Smartwatch Replacement Strap for Men and Women, One Click Attachment, ET-SVL70MBEGUJ, Dark Gray",user,random_250,Smart Home & Wearables,Smart Home & Wearables
"Lenovo Tab M8 Gen 4-2024 - Family Tablet - Google Kids Space - 8"" HD Touch Display - 2 GB Memory - 32 GB Storage - MediaTek Helio A22 - Arctic Grey - Folio with Stand",user,random_250,Phone & Tablet Accessories,Phone & Tablet Accessories
"Baofeng Walkie Talkies 888S Rechargeable Long Range with Earpieces for Adults, 16 Channel Professional Radio Handheld Two Way Radios Li-ion Battery and Charger Included (10pack with 10earpiece)",user,random_250,Audio,Audio
"UGREEN USB C Extension 10Gbps USB 3.2, USB-C Extension Cable 100W/4K 60Hz Compatible with iPhone 16/15, M3 MacBook Pro/Air, iPad Air 2024, Galaxy S24 Ultra Switch Consoles etc. (Grey, 1 m)",user,random_250,Cables & Charging,Cables & Charging
"Seagate Expansion Card for Xbox Series X/S, 1TB Solid State Drive, NVMe (STJR1000400)",user,random_250,Storage & Memory Cards,Storage & Memory Cards
"Brother Genuine High Yield Color Ink Cartridge, LC2033PKS, Replacement Color Ink Three Pack, Includes 1 Cartridge Each of Cyan, Magenta & Yellow, Page Yield Up To 550 Pages, Amazon Dash Replenishment Cartridge, LC203",user,random_250,Printers & Ink,Printers & Ink
ZEBRA ZD421 Thermal Transfer Desktop Printer 300 dpi Print Width 4-inch USB Ethernet ZD4A043-301E00EZ,user,random_250,Printers & Ink,Printers & Ink
"HP Laptop for Business and Student, 15.6"" HD Touchscreen, Intel 6-Core i3-1215U Processor, 16GB RAM, 512GB SSD, lntel UHD Graphics, Windows 11 Home, with Microsoft Office Lifetime License",user,random_250,Computers & Laptops,Computers & Laptops
"HP 935 Cyan, Magenta, Yellow Ink Cartridges (3-pack) | Works with HP OfficeJet 6810; OfficeJet Pro 6230, 6830 Series | N9H65FN",user,random_250,Printers & Ink,Printers & Ink
"Tapo by TP-Link 2K QHD Security Camera Indoor/Outdoor, 2024 PCMag Editor's Choice, Color Night Vision, Free Person/Pet/Vehicle Detection, Baby Monitor, Local/Cloud Storage, IP66, Dual-Spotlight(C120)",user,random_250,Cameras & Photography,Cameras & Photography
"Marshall Woburn III Bluetooth Wireless Speaker,Black",user,random_250,Audio,Audio
"OnePlus Pad 3 Storm Blue, 13.2″ 3.4K LCD 144 Hz Display, Snapdragon 8 Elite, 12 GB/256 GB, 12,140 mAh Battery with 80 W Charge, 8‑Speaker Dolby Atmos, Slim 5.97 mm Aluminum Body",user,random_250,Phones & Tablets,Phones & Tablets
"soundcore by Anker, Earbuds Travel Case, Fits Multiple soundcore Earbuds, Anti-Scratch, Portable, Magnetic Closure, Black",user,random_250,Audio,Audio
"Garmin inReach® Messenger Handheld Satellite Communicator, Global Two-Way Messaging",user,random_250,Marine & GPS,Marine & GPS
"KICKER 46KISLOC K-Series Interconnect, Speaker to RCA W/Line-Out Converter",user,random_250,Audio,Audio
"ASUS Chromebook Flip CX1 Convertible Laptop, 14"" FHD NanoEdge 360-degree Touchscreen, Intel Celeron N4500 Processor, 128GB eMMC Storage, 8GB RAM, ChromeOS, Transparent Silver, CX1400FKA-AS88FT",user,random_250,Computers & Laptops,Computers & Laptops
"Epson Ultrachrome PRO10 - -Ink - Light Gray (T770920), Standard",user,random_250,Printers & Ink,Printers & Ink
Nintendo Switch with Neon Blue and Neon Red Joy‑Con,user,random_250,Gaming,Gaming
"HP 936 Black Ink Cartridge Printers | Works with Printer Series: OfficeJet 9120, OfficeJet Pro 9110, 9120, 9130 Series, Wide Format 9730 | Eligible for Instant Ink | 4S6V2LN",user,random_250,Printers & Ink,Printers & Ink
"SABRENT 10-Port 60W USB 3.0 Hub with Individual Power Switches and LEDs, Includes 60W 12V/5A Power Adapter (HB-BU10)",user,random_250,Cables & Charging,Cables & Charging
"[Older Version] SanDisk 64GB Extreme PRO SDXC UHS-I Card - C10, U3, V30, 4K UHD, SD Card - SDSDXXY-064G-GN4IN",user,random_250,Storage & Memory Cards,Storage & Memory Cards
"Corsair Premium 600W PCIe 5.0 12VHPWR PSU Cable RMX, RMX Shift, RMe, HXi, SF and SF-L PSU's only – Requires 2X Type-4 Connectors – 12+4pin Connector – Mesh Paracord Sleeving – Black",user,random_250,Cables & Charging,Cables & Charging
"EPSON 522 EcoTank Ink Ultra-high Capacity Bottle Black (T522120-S) Works with EcoTank ET-2720, ET-2800, ET-2803, ET-2840, ET-4700, ET-4800, ET-4810",user,random_250,Printers & Ink,Printers & Ink
"OtterBox iPhone 13 Pro (ONLY) Defender Series Case - Fort Blue, Rugged & Durable, with Port Protection, Includes Holster Clip Kickstand",user,random_250,Phone & Tablet Accessories,Phone & Tablet Accessories
"Amazon Basics File Folders with Tabs for Filing, 1/3-Cut Tab, Assorted Positions, 8.5x11 inches, Letter Size, Manila, Pack of 100",user,random_250,Office & School Supplies,Non-Electronics
"Lenovo USA ThinkPad Thunderbolt 3 Dock Gen 2 135W (40AN0135US) Dual UHD 4K Display Capability, 2 HDMI, 2 DP, USB-C, USB 3.1, Black",user,random_250,Computers & Laptops,Computers & Laptops
JBL - PartyBox 310 - Black JBLPARTYBOX310AM (Renewed),user,random_250,Audio,Audio
"Elgato Master Mount L - Premium Desk Clamp with Pole extendable up to 125cm/49in and 1/4 inch Thread to Mount Lights, Cameras, and Microphones, perfect for Streaming, Videoconferencing, and Studios",user,random_250,Other,Cameras & Photography
SABRENT SATA to USB Cable - USB 3.0 to 2.5” SATA I/II/III Hard Drive Adapter - External Converter for SSD/HDD Data Transfer (EC-SSHD),user,random_250,Storage & Memory Cards,Storage & Memory Cards
"Garmin 010-02550-00 Striker Vivid 4cv, Easy-to-Use 4-inch Color Fishfinder and Sonar Transducer, Vivid Scanning Color Palettes",user,random_250,Marine & GPS,Marine & GPS
"Logitech High-performance USB Headset H540 for Windows and Mac, Skype Certified",user,random_250,Audio,Audio
"Lenovo 2022 Ideapad 3 Laptop, 15.6"" HD Touchscreen, 11th Gen Intel Core i3-1115G4 Processor, 8GB DDR4 RAM, 256GB PCIe NVMe SSD, HDMI, Webcam, Wi-Fi 5, Bluetooth, Windows 11 Home, Almond",user,random_250,Computers & Laptops,Computers & Laptops
"Xerox Genuine B410 Black Standard Capacity Toner Cartridge (6,000 Pages) -006R04725",user,random_250,Printers & Ink,Printers & Ink
"Logitech Signature Slim MK955 Combo for Business | Copilot Edition, Microsoft Copilot, Copilot in Windows, Wireless Keyboard and Mouse, Quiet Typing, Secure Receiver, Bluetooth, Windows - Graphite",user,random_250,Keyboards & Mice,Keyboards & Mice
"BAGSMART 3 In 1 Laptop Bag for Men, Computer Briefcase 17.3 Inch Laptop Water-Repellent Shoulder Bag, Computer Bag Business Travel Office, Black",user,random_250,Bags & Cases,Bags & Cases
"Cooler Master MasterLiquid 360L Core 360mm Close-Loop AIO Liquid Cooler, ARGB Sync, Gen S Coldplate Pump, 120mm PWM, CryoFuze 14W/mK, AMD Ryzen AM5/AM4, Intel LGA1700/1200 (MLW-D36M-A18PZ-R1) , Black",user,random_250,Computers & Laptops,Computers & Laptops
Microsoft Type Cover for Surface Pro - Black (Renewed),user,random_250,Computers & Laptops,Computers & Laptops
"SABRENT Rocket 2230 1TB NVMe SSD – PCIe Gen4 M.2 2230 Internal SSD for Steam Deck, Surface Pro, Ultrabook, HTPC – DRAM-Less with HMB, Up to 5GB/s [SB-2130-1TB]",user,random_250,Computers & Laptops,Storage & Memory Cards
"Orion Cobalt Series CBA2500.4 High Efficiency 4-Channel Class A/B Amplifier for Car Audio Stereo – 2500W High Output, 2/4 Ohm Stable, Adjustable Low/High Pass, Bass Boost, MOSFET Power Supply",user,random_250,Car Electronics,Car Electronics
"Sony DVPSR510H DVD Player, with HDMI port (Upscaling)",user,random_250,TV & Home Entertainment,TV & Home Entertainment
Zebra Standard Black Wax Ribbon for Thermal Transfer Desktop Printers Width 4.33 in Length 242 ft 0.5 in Core Pack of 6 Rolls Compatible with Multiple Models 10031723SP,user,random_250,Computers & Laptops,Computers & Laptops
"Southwire X-treme Power Distribution Box, Temporary Power Box, 50-Amp, 125/250V, GFCI 6506UGSX",user,random_250,Power Strips & Surge Protectors,Power Strips & Surge Protectors
"Brother MFC-L2900DW XL Wireless Compact Monochrome All-in-One Laser Printer with Duplex Copy & Scan, Fax, Black & White | Up to 4,200 Pages of Toner Included(1), Amazon Dash Replenishment Ready",user,random_250,Printers & Ink,Printers & Ink
"Poly - Voyager 4320 UC Wireless Headset + Charge Stand (Plantronics) - Headphones w/Mic - Connect to PC/Mac via USB-C Bluetooth Adapter, Cell Phone via Bluetooth-Works w/Teams (Certified), Zoom&More",user,random_250,Audio,Audio
"Toshiba 1TB 5400RPM 8MB Cache SATA 3.0Gb/s 2.5 inch Notebook Hard Drive (MQ01ABD100V) - 1 Year Warranty,Usb",user,random_250,Storage & Memory Cards,Storage & Memory Cards
"MSI Thin A15 15.6” 144Hz FHD Gaming Laptop: Ryzen 7-7735HS, NVIDIA Geforce RTX 4050, 16GB DDR5, 512GB NVMe SSD, Cooler Boost 5, Win 11: Black B7VE-214US",user,random_250,Computers & Laptops,Computers & Laptops
Wyze Battery Charging Dock for Battery Cam Pro,user,random_250,Batteries,Batteries
"Canon EOS Rebel T7 DSLR Camera w/EF-S 18-55mm F/3.5-5.6 Zoom Lens + 420-800mm Super Telephoto Lens + 100S Sling Backpack + 64GB Memory Cards, Professional Photo Bundle (42pc Bundle) (Renewed)",user,random_250,Cameras & Photography,Cameras & Photography
"Uniden BearTracker Scanner (BCT15X) with 9,000 Channels, TrunkTracker III Technology, Base/Mobile Design, Close Call RF Capture Technology with Location-Based Scanning, - Black Color",user,random_250,Car Electronics,Car Electronics
"Sennheiser ACCENTUM Wireless Bluetooth Headphones - 50-Hour Battery Life, Audio, Hybrid Noise Cancelling (ANC), All-Day Comfort and Clear Voice Pick-up for Calls, Black",user,random_250,Audio,Audio
"adidas Primetime Large Backpack for Women and Men, Big Bag with Laptop Sleeve, Black/Gold Metallic, One Size",user,random_250,Bags & Cases,Bags & Cases
"Amazon Basics HDMI Cable, 3 Feet, HDMI 2.1 to HDMI Cable (48Gbps), 8K@60Hz 4K@120Hz Certified Ultra High Speed, Black, Compatible with PS5/Xbox/TV/Monitor",user,random_250,Cables & Charging,Cables & Charging
Canon 10x42 L is WP Image Stabilized Binoculars,user,random_250,Optics,Optics
"Apple 2018 iPad (9.7-inch, Wi-Fi, 32GB) - Gold (Renewed)",user,random_250,Phones & Tablets,Phones & Tablets
"Google Pixel 6 5G, US Version, 128GB, Sorta Seafoam - Unlocked (Renewed)",user,random_250,Phones & Tablets,Phones & Tablets
"HP 230 Wireless Keyboard - Wireless Connection - Low-Profile, Quiet Design - Windows & Mac OS - Laptop, PC Compatible - Shortcut Keys & Number Pad - Long Battery Life (‎3L1E7AA#ABA),Black",user,random_250,Keyboards & Mice,Keyboards & Mice
"THE NORTH FACE Jester Everyday Laptop Backpack, Midnight Petrol/Algae Blue, One Size",user,random_250,Bags & Cases,Bags & Cases
Milwaukee 2951-20 M12 Lithium-Ion Cordless Radio + Charger (Tool Only),user,random_250,Audio,Audio
"Canon PowerShot V1, Hybrid Camera, Built-in Ultra-Wide-Angle Zoom Lens, 4K Video, Vlogging, Live Streaming, Content Creation, Compact Design",user,random_250,Cameras & Photography,Cameras & Photography
Logitech Brio 4K Webcam,user,random_250,Cameras & Photography,Cameras & Photography
"Shure MV6 Gaming Microphone, Dynamic USB PC Mic for Video Games & Streaming - Desktop Stand, Background Noise Cancellation, Tap-to-Mute & 3.5mm Output for Real-Time Headphone Monitoring",user,random_250,Audio,Audio
"Scosche BTFM9 FM Bluetooth Transmitter Car, Dual 12W USB-C and USB-A Charging Ports, Fast Type C Car Charger, Wireless Radio Bluetooth Adapter, Hands-Free Kit for Calls, Siri and Google Assistant",user,random_250,Car Electronics,Car Electronics
"Energizer 2016 Batteries (2 Pack), 3V Lithium Coin Batteries With 3-in-1 Child Shield",user,random_250,Batteries,Batteries
"Brother P-Touch, PTD210, Easy-to-Use Label Maker Bundle (4 Label Tapes Included), White, Small",user,random_250,Office & School Supplies,Office & School Supplies
"Mounting Dream UL Listed TV Mount for Most 37-75 Inch TV, Universal Tilt TV Wall Mount Fit 16"", 18"", 24"" Stud with Loading Capacity 132lbs, Max Vesa 600 x 400mm, Low Profile Flat Wall Mount Bracket",user,random_250,TV & Home Entertainment,TV & Home Entertainment
"Philips Portable CD Player Boombox Bluetooth with Cassette Player All in one Powerful Stereo Boom Box CD Player for Home Mega Bass Reflex Speakers, Radio/USB/MP3/AUX Input with Backlight LCD Display",user,random_250,Audio,Audio
"Logitech G X56 H.O.T.A.S Throttle and Joystick Flight Simulator Game Controller, 4 Spring Options, +189 Programmable Controls, RGB Lighting, 2x USB, PC - Black",user,random_250,Gaming,Gaming
"Wyze Expandable MicroSDXC Card Class 10,Storage 128GB , Black",user,random_250,Storage & Memory Cards,Storage & Memory Cards
"Amazon Basics Blank Index Cards, White, 3"" x 5"", 1000 Count (10 Pack of 100)",user,random_250,Office & School Supplies,Non-Electronics
"UGREEN Revodok 7 in 1 USB C Hub Gigabit Ethernet Adapter 4K@60Hz HDMI, 100W PD Charging, USB A Data Ports, SD/TF Card Reader Compatible with Mac M1, M2, M3, iPad, iPhone 15 Pro/Pro Max, Steam Deck",user,random_250,Cables & Charging,Cables & Charging
"VIZIO 65 Inch 4K Smart TV, V-Series UHD LED HDR Television with Apple AirPlay and Chromecast Built-in",user,random_250,TV & Home Entertainment,TV & Home Entertainment
DualShock 4 Wireless Controller for PlayStation 4 - Jet Black (Renewed),user,random_250,Gaming,Gaming
"Lexar 128GB Professional 2000x SD Card, UHS-II, C10, U3, V90, Full HD, 8K, Up To 300MB/s Read SDXC Memory Card, for DSLR, Cinema-Quality Video Cameras (LSD2000128G-BNNNU)",user,random_250,Storage & Memory Cards,Storage & Memory Cards
"WD_BLACK 2TB SN850P NVMe M.2 SSD Officially Licensed Storage Expansion for PS5 Consoles, up to 7,300MB/s, with heatsink - WDBBYV0020BNC-WRSN",user,random_250,Computers & Laptops,Storage & Memory Cards
UGREEN Tablet Stand Holder Adjustable Portable Desktop Dock Office Compatible for iPad Pro 11 9.7 10.5 Air Mini 5 4 3 2 iPhone 16 15 14 13 12 Black,user,random_250,Phone & Tablet Accessories,Phone & Tablet Accessories
"Canon Genuine 126 Black Toner Cartridge Compatible with LBP6200d, LBP6230dw",user,random_250,Printers & Ink,Printers & Ink
"Apple iPhone 11 Pro, 64GB, Midnight Green - Unlocked (Renewed)",user,random_250,Phones & Tablets,Phones & Tablets
"HP 201A Black Toner Cartridge | Works with HP Color LaserJet Pro M252, HP Color LaserJet Pro MFP M277 Series | CF400A",user,random_250,Printers & Ink,Printers & Ink
"ASRock AMD B850 Pro A WiFi 6E Socket AM5 Ryzen 9000, 8000 and 7000 Series DDR5 up to 8000+ (OC) MHz 256GB ATX Motherboard M.2 SATA3 6.0 Gb/s PCIe 5.0 BIOS Flashback Realtek 2.5G LAN",user,random_250,Computers & Laptops,Computers & Laptops
"Canon imageFORMULA R40 - Office Document Scanner, Windows and Mac, Duplex Scanning, Easy Setup, Scans a Wide Variety of Documents, Scans to Cloud",user,random_250,Printers & Ink,Printers & Ink
Logitech for Creators Blue Snowball iCE USB Microphone - White,user,random_250,Audio,Audio
Fitbit Charge 3 Fitness Activity Tracker,user,random_250,Smart Home & Wearables,Smart Home & Wearables
"HP 218X Magenta High-Yield Toner Cartridge | Works with Color Laserjet Pro 3201, MFP 3301 Series | W2183X",user,random_250,Printers & Ink,Printers & Ink
"HP 215A Black Toner Cartridge for HP Printers | Works with Printer Series: Color LaserJet Pro M155, Color LaserJet Pro MFP M182, M183 | W2310A",user,random_250,Printers & Ink,Printers & Ink
Vic Firth Bluetooth Isolation Headphones,user,random_250,Audio,Audio
Klipsch CDT-5650-C II In-Ceiling Speaker - White (Each),user,random_250,Audio,Audio
"Crucial BX500 1TB 3D NAND SATA 2.5-Inch Internal SSD, up to 540MB/s - CT1000BX500SSD1, Solid State Drive",user,random_250,Storage & Memory Cards,Storage & Memory Cards
"HP DesignJet T210 Large Format 24-inch Plotter Printer, with Modern Compact Design (8AG32D) - New Model",user,random_250,Printers & Ink,Printers & Ink
Google 30W USB-C - Fast Charging Pixel Phone Charger - Compatible with Google Products and Other USB-C devices,user,random_250,Cables & Charging,Cables & Charging
kate spade new york Morgan Magnetic Phone Wallet/Card Holder - Compatible with MagSafe Phones and Cases - Cream,user,random_250,Phone & Tablet Accessories,Phone & Tablet Accessories
"WAVLINK Outdoor WiFi 6 Mesh Router, Long Range WiFi Access Point with PoE, Waterproof IP67, WiFi Extender Signal Booster for Starlink, Outdoor, Home, Garage and Hotel",user,random_250,Networking,Networking
"LISEN 2-Pack USB C Car Charger Adapter Fast Charge, 48W All Metal Cigarette Lighter USB Charger for iPhone 15 Smallest Flush Car Charger USB C for iPhone 14 Pro Max 13 12 Galaxy S23/22 iPad Pro-Red",user,random_250,Car Electronics,Car Electronics
"ASUS PRIME Z890-P WIFI Z890 LGA 1851 ATX motherboard, Intel® Core™ Ultra Series 2 Ready, Advanced AI PC-ready, 14+1+1+2 power stage, DDR5, PCIe® 5.0, Thunderbolt™ 4 USB Type-C®, 4x M.2, Wi-Fi 7, 2.5Gb",user,random_250,Computers & Laptops,Computers & Laptops
"Elgato Stream Deck Neo – 8 Customizable Keys, 2 Touch Points, Speed Through Tasks & Workflows - Control Word, Excel, PowerPoint, Teams, Zoom, Spotify and more, Drag-’n-Drop Setup - Works with Mac & PC",user,random_250,Keyboards & Mice,Keyboards & Mice
Canon RF 50mm F1.8 STM Lens,user,random_250,Cameras & Photography,Cameras & Photography
Klipsch The Fives Powered Bookshelf Speakers with HDMI-ARC in Walnut,user,random_250,Audio,Audio
"Canon imagePROGRAF Professional 13"" PRO-310 Wireless Inkjet Photo Printer with 3.0-Inch Color LCD Monitor, 9 Color Pigment-Based Ink System, Black",user,random_250,Printers & Ink,Printers & Ink
"Sony ZV-E10 Mirrorless Camera with 16-50mm Lens, 128GB Extreem Speed Memory,.43 Wide Angle & 2X Lenses, Case. Tripod, Filters, Hood, Grip,Spare Battery & Charger, Editing Software Kit -Deluxe Bundle",user,random_250,Cameras & Photography,Cameras & Photography
"DEWALT Heavy Duty NeverBlock USB Charger, Angled Dual Port 12W Wall Charger Adapter, Foldable Plug, Charging Box Brick, Cube for iPhone 15 14 13 12 11 Pro Max, Galaxy S22 S21 Note 20, HTC, Moto, LG",user,random_250,Cables & Charging,Cables & Charging
Lian Li Strimer Wireless 24 Pin with Controller (PW24-1W-T) - Addressable RGB Power Extension Cable - 2.4 GHz Wireless Control with 315mm; 12.4 Inch Length - Wireless Controller Included & Required,user,random_250,Gaming,Gaming
"HP 952XL Black High-yield Ink Cartridge for HP Printers | Works with HP OfficeJet 8702; HP OfficeJet Pro 7720, 7740, 8210, 8216, 8710, 8715, 8720, 8725, 8730, 8740 | Eligible for Instant Ink | F6U19AN",user,random_250,Printers & Ink,Printers & Ink
"EPSON 410 Claria Premium Ink High Capacity Photo Black Cartridge (T410XL120) Works with Expression Premium XP-530, XP-630, XP-640, XP-7100, XP-830",user,random_250,Printers & Ink,Printers & Ink
BAOFENG Microphone Handheld Heavy Speaker BF-850 Ham Radio Mic IP54 Waterproof Volume Adjustable Speaker Mic for UV-5R BF-F8HP PRO AR-5RM UV-21R UV-32for Kenwood Retevis Walkie Talkies,user,random_250,Audio,Audio
Genuine Original OEM 90w for Dell 0RT74M RT74M PA-1900-32D5 AC Adapter Exact 19.5v 4.62a,user,random_250,Cables & Charging,Cables & Charging
Matte Black Ink 55ml (PFI-030MBK) for Canon imagePROGRAF TA-20 and TA-30,user,random_250,Printers & Ink,Printers & Ink
"SAMSUNG Galaxy S23 5G, US Version, 128GB, Phantom Black - Unlocked (Renewed)",user,random_250,Phones & Tablets,Phones & Tablets
CORSAIR 3500X ARGB Mid-Tower ATX PC Case – Panoramic Tempered Glass – Reverse Connection Motherboard Compatible – 3X CORSAIR RS120 ARGB Fans Included – White,user,random_250,Computers & Laptops,Computers & Laptops
Metra 95-5812 Double DIN Installation Kit Fits Select 2004-2019 Ford Vehicles -Black,user,random_250,Car Electronics,Car Electronics
"ASUS VP229Q 21.5” Monitor, 1080P Full HD, 75Hz, IPS, FreeSync/Adaptive-Sync, Eye Care, HDMI DisplayPort VGA, Frameless, VESA Wall Mountable BLACK",user,random_250,Monitors & Displays,Monitors & Displays
"ORION XTR XTX654 High Efficiency 6.5"" Mid-Range Bullet Loudspeakers, 1400W Max Power, 350W RMS, 4 Ohm, 1.5"" Voice Coil - Pro Car Audio Stereo, Midrange Speakers (Pair)",user,random_250,Audio,Car Electronics
"Lasko Wind Machine Fan, Air Circulator Fan with 3 Speeds, 20"" Model 3300, Gray",user,,Other,Other
"Garmin 010-02376-00 Varia RTL515, Cycling Rearview Radar with Tail Light, Visual and Audible Alerts for Vehicles Up to 153 Yards Away",user,,Other,Other
"M-Audio SP-2 - Universal Sustain Pedal with Piano Style Action For MIDI Keyboards, Digital Pianos & More",user,,Audio,Audio
"SABRE 120 dB Wedge Door Stop Security Alarm, Extremely Loud Wireless Alarm Siren Audible Up To 1,500 Ft., Non-Skid Pad, Compact Alarm Great for Home, Travel, Apartment or Dorm",user,,Other,Other
"Logitech Rally Bar All-in-One Video Bar for Medium and Large Rooms, Graphite",user,,Cameras & Photography,Cameras & Photography
Maxell – Pro 190048 CD-340 Laser Lens Cleaner - Safe & Effective CD Player & Game Station Compact Disc Cleaner - Microfiber Brushes Eliminates Static & Dust - Easy to Use with No Chemicals,user,,Other,Other
Blackmagic Design ATEM Mini Pro HDMI Live Stream Switcher (SWATEMMINIBPR),user,,Cables & Charging,Cameras & Photography
"Woods E103 E-103 Wheel, Holds Up to 150 16/3 Extension 125 Feet of 14/3 Gauge Cord, Holiday, Rope, Hose Reel Storage and Light Wire, Heavy Duty Plastic, red and black",user,,Non-Electronics,Non-Electronics
"UGREEN HDMI Switch 3 in 1 Out 4K@60Hz, HDMI Splitter with Remote Supports HDR10+ CEC HDCP2.2 Compatible with Nintendo Switch PS5/4/3 Xbox Roku TV Fire Stick Blu-Ray Player",user,,Cables & Charging,Cables & Charging
"Garmin eLog, Compliant Electronic Logging Device (ELD), No-Subscription Fees, FMCSA Compliant, Supports 9-pin J1939 and 6-pin J1708 Diagnostic Ports (010-01876-00)",user,,Other,Other
"Fujifilm Instax Mini 99 Instant Film Camera with Instax Mini 99 Camera Case, Photo Album (108 Count) 2 Pack of Instant Film 40 Sheets Total Essential Bundle Set",gold,gold_1,Cameras & Photography,Cameras & Photography
"JBL Tune Buds - True wireless Noise Cancelling earbuds, JBL Pure Bass Sound, Bluetooth 5.3, 4-Mic technology for Crisp, Clear Calls, Up to 48 hours of battery life, Water and dust resistant (Black)",gold,gold_1,Audio,Audio
SANUS On-Wall Low Profile 1080J Fireproof Surge Protector with 6 AC Outlets & 3 Lines of Protection - Includes Power Signal Filtering Black,gold,gold_1,Power Strips & Surge Protectors,Power Strips & Surge Protectors
"Logitech Zone 300 Wireless Bluetooth Headset with Noise-Canceling Microphone, Compatible with Windows, Mac, Chrome, Linux, iOS, iPadOS, Android – Off-White",gold,gold_1,Audio,Audio
"Poly - Voyager 4320 UC Wireless Headset + Charge Stand (Plantronics) - Headphones with Boom Mic - Connect to PC/Mac via USB-A Bluetooth Adapter, Cell Phone via Bluetooth - Works with Teams, Zoom &More",gold,gold_1,Audio,Audio
2 x MAXELL SR626SW 377 1.55v Silver Oxide Button Cell Watch Battery - Official Genuine Maxell,gold,gold_1,Batteries,Batteries
"Ilford 1574577 HP5 Plus, Black and White Print Film, 35 mm, ISO 400, 36 Exposures (Pack of 3)",gold,gold_1,Cameras & Photography,Cameras & Photography
Sony Tough G Series SDXC UHS-II Memory Card 256GB,gold,gold_1,Storage & Memory Cards,Storage & Memory Cards
New BAOFENG DM32 Walkie Talkie DMR GPS 10W Programming Multi Band Wireless Copy Frequency Type-C DM-32UV Ham 2 Way Ra,gold,gold_1,Audio,Audio
"Rockford Fosgate M0-65 Marine Grade 6.5"" Coaxial Full Range Speakers - White (Pair)",gold,gold_1,Audio,Audio
"NETGEAR WiFi Range Extender (EX6120) - Add up to 1,500 sq. ft., 25 Devices - AC1200 Dual Band Wireless Signal Booster & Repeater (Up to 1.2 Gbps Speed), Compact Wall Plug Design – Free Expert Help",gold,gold_1,Networking,Networking
"Kensington Hi-Fi On-Ear Headphones with 9-Foot Cord, 3.5mm Jack Headset (K33137)",gold,gold_1,Audio,Audio
"Original HP 64 Tri-color / 64XL Black Ink Cartridges (2-Pack) | Works with HP ENVY Inspire 7250e, 7950e Series; HP ENVY Photo 6200, 7100, 7800 Series",gold,gold_1,Printers & Ink,Printers & Ink
"ARRIS (G34) - Cable Modem Router Combo - Fast DOCSIS 3.1 Gigabit WiFi 6 (AX3000), Approved for Comcast Xfinity, Cox, Spectrum & More, 1 Gbps Max Internet Speeds",gold,gold_1,Networking,Networking
"JBL Go 4 - Ultra-Portable, Waterproof and Dustproof Bluetooth Speaker, Big Pro Sound with Punchy bass, 7-Hour Built-in Battery, Made in Part with Recycled Materials (Black)",gold,gold_1,Audio,Audio
"MOSISO Compatible with MacBook Air 13 inch Case 2025 2024 2023 2022 M4 A3240 M3 A3113 M2 A2681, Plastic Hard Shell&Keyboard Cover&Screen Film&Type C for MacBook Air 13.6 inch Case, Emerald Green",gold,gold_1,Computers & Laptops,Computers & Laptops
"8BitDo All-Button Arcade Controller for Xbox Series X|S, Xbox One & PC, 2.4G Wireless, Low-profile Mechanical Switches, Programmable Buttons, Hot-swappable PCB, RGB Lighting - Officially Licensed",gold,gold_1,Gaming,Gaming
"HP 131A Magenta Toner Cartridge for HP Printers | Works with Printer Series: LaserJet Pro 200 color M251, LaserJet Pro 200 color MFP M276 | CF213A",gold,gold_1,Printers & Ink,Printers & Ink
"Klipsch The Three Plus Premium Bluetooth Speaker System, Walnut",gold,gold_1,Audio,Audio
"DYMO Industrial Label Maker & Carry-Case RhinoPRO 5200 Label Maker, for Job Sites and Heavy-Duty Labeling Jobs, Prints Fast, Includes 2 Rolls of DYMO Industrial Vinyl Labels",gold,gold_1,Office & School Supplies,Office & School Supplies
"Brother MFC-J1205W INKvestment -Tank Wireless Multi-Function Color Inkjet Printer with Up to 1-Year in Box, Works with Alexa",gold,gold_1,Printers & Ink,Printers & Ink
Ubiquiti UniFi U6 Enterprise Access Point | US Model | PoE Adapter not Included,gold,gold_1,Networking,Networking
"Uniden BEARCAT 880 CB Radio with 40 Channels and Large Easy-to-Read 7-Color LCD Display with Backlighting, Backlit Control Knobs/Buttons, NOAA Weather Alert, PA/CB Switch, and Wireless Mic Compatible",gold,gold_1,Audio,Audio
"Brother P-touch Label Maker, PC-Connectable Labeler, PTD600, Color Display, High-Resolution PC Printing, Black, Black/gray",gold,gold_1,Office & School Supplies,Office & School Supplies
HP 307A Magenta Toner Cartridge | Works with HP Color LaserJet Professional CP5225 Series | CE743A,gold,gold_1,Printers & Ink,Printers & Ink
Apple MacBook Pro 13.3in Retina Laptop Intel i5 Dual Core 2.6GHz 8GB 128GB SSD - MGX72LL/A (Renewed),gold,gold_1,Computers & Laptops,Computers & Laptops
"Logitech Combo Touch iPad Air (4th, 5th gen - 2020, 2022) Keyboard Case - Oxford Grey (Renewed)",gold,gold_1,Phone & Tablet Accessories,Phone & Tablet Accessories
Apple Magic Trackpad - White Multi-Touch Surface ​​​​​​​,gold,gold_1,Keyboards & Mice,Keyboards & Mice
Yealink MP56-TEAMS-E2 - PoE - Android 13 OS - 7 inch (1024 x 8600) capacitive Touch Screen - Power Adapter NOT Included,gold,gold_1,Phone & Tablet Accessories,Phone & Tablet Accessories
"Apple Mid 2015 iPad Mini 4 7.9-inch, Wi-Fi, 64GB Gold (Renewed)",gold,gold_1,Phone & Tablet Accessories,Phone & Tablet Accessories
"Panasonic Comfort Fit Headset for TCA Series Cordless Landline Phones, Foldable Headset with Flexible Noise-Cancelling Microphone and Volume Control, 2.5 mm Plug, Grey/Silver KX-TCA430",gold,gold_1,Audio,Audio
ASRock AMD B850 Phantom Gaming Riptide WiFi 7 Socket AM5 Ryzen 9000/8000/7000 Series DDR5 8000+ (OC) MHz 256GB ATX Motherboard M.2 SATA3 6.0 Gb/s PCIe 5.0,gold,gold_1,Computers & Laptops,Computers & Laptops
"Maxell – 625335, Premium Quality Noise free Surface Playback Recordable CDs 700Mb Storage – 32x, Write Speed 80 minutes - Blank CDs, CD Storage & Reusable Spindle Case Holder – 30 Pack",gold,gold_1,Storage & Memory Cards,Storage & Memory Cards
"Hisense HS2100 2.1 Ch 240W Sound Bar with Wireless Subwoofer - DTS Virtual X, Dolby Audio, Ezplay, 6 EQ Modes, HDMI ARC, Bluetooth 5.3",gold,gold_1,Audio,Audio
SanDisk Cruzer Blade 8GB USB 2.0 Flash Drive- SDCZ50-008G-B35,gold,gold_1,Storage & Memory Cards,Storage & Memory Cards
"Bose SoundLink Revolve+ (Series II) Bluetooth Speaker, Portable Speaker with Microphone, Wireless and Water Resistant with 360 Degree Sound, Long Lasting Battery and Handle, Black",gold,gold_1,Audio,Audio
"Sennheiser RS 120-W On-Ear Wireless Headphones for Crystal-clear TV Listening with 3 Sound Modes, Lightweight Design, Easy Volume Control, 60 m Range and Convenient Transmitter/Charger Combo - Black",gold,gold_1,Audio,Audio
"Boxed INTEL I5-13400F 20M Cache, UP to 4.60GHZ",gold,gold_1,Computers & Laptops,Computers & Laptops
"HP 17.3"" Touchscreen Laptop, Intel Core i3-N305, 32GB RAM, 128GB eMMC + 1TB SSD, Numeric Keypad, Webcam, HDMI, Wi-Fi 6, Windows 11 Home, Silver",gold,gold_1,Computers & Laptops,Computers & Laptops
"Shure SM58 Pro XLR Dynamic Microphone with On/Off Switch - Professional Studio & Live Performance Cardioid Mic for Vocals, Podcasting, and Recording (SM58S)",gold,gold_1,Audio,Audio
GoPro Protective Housing (HERO13 Black/HERO12 Black/HERO11 Black/HERO10 Black/HERO9 Black) - Official GoPro Accessory,gold,gold_1,Cameras & Photography,Cameras & Photography
"Polk Audio T15 Home Theater and Stereo Bookshelf Speakers – Deep Bass Response, Dolby and DTS Surround, Wall-Mountable, Pair, Black",gold,gold_1,Audio,Audio
"TP-Link ER605 V2 Wired Gigabit VPN Router, Up to 3 WAN Ethernet Ports + 1 USB WAN, SPI Firewall SMB Router, Omada SDN Integrated, Load Balance, Lightning Protection",gold,gold_1,Networking,Networking
"Amazon Basics Smart Plug Power Strip with 6 Individually Controlled Outlets and 3 USB Ports (2 USB-A and 1 USB-C), Works with Alexa Only, 2.4 GHz Wi-Fi, No Hub Required, White",gold,gold_1,Power Strips & Surge Protectors,Power Strips & Surge Protectors
"Aputure Amaran 300c RGB COB Video Light Bowen Mount 2,500K to 7,500K CCT with G/M Adjustment 26,580 lux @ 1m with Hyper Reflector Support APP Control",gold,gold_1,Cameras & Photography,Cameras & Photography
Sony WH-CH720N Noise Canceling Wireless Headphones (Renewed),gold,gold_1,Audio,Audio
Casio HS-8VA Mini 6-Function Calculator | Large 8-Digit LCD Display | Solar Powered with Battery Backup | Standard Function | Portable Pocket Size,gold,gold_1,Office & School Supplies,Office & School Supplies
"Philips SmartSleep Wake-up Light, Colored Sunrise and Sunset Simulation, 5 Natural Sounds, FM Radio & Reading Lamp, Tap Snooze, HF3520/60",gold,gold_1,Smart Home & Wearables,Smart Home & Wearables
"Logitech Brio 501 Full HD Webcam with Auto Light Correction,Show Mode, Dual Noise Reduction Mics, Privacy Cover, Works with Microsoft Teams, Google Meet, Zoom, USB-C Cable - Black",gold,gold_1,Cameras & Photography,Cameras & Photography
"Broan-NuTone 505 Exhaust Fan, White Vertical Discharge Ceiling Ventilation Fan, 8.5 Sones, 200 CFM, 8""",gold,gold_1,Other,Other
"Belkin Pro Keyboard Case w/Magnetic Stand, Backlit Bluetooth Keyboard, Multi-Gesture Controls, Magnetic Apple Pencil Storage Compatibility, & Multimedia Keys for iPad Pro 11"" (M4) - Black",gold,gold_1,Phone & Tablet Accessories,Phone & Tablet Accessories
"Amazon Basics Multi-Angle Portable Stand for iPad Tablet, E-reader and Phone - Black",gold,gold_1,Phone & Tablet Accessories,Phone & Tablet Accessories
"CORSAIR iCUE Link Titan 360 RX RGB Liquid CPU Cooler – 360mm AIO – Low-Noise – FlowDrive Cooling Engine – Intel LGA 1851/1700, AMD AM5/AM4 – 3X RX120 RGB Fans – iCUE Link System Hub Included – Black",gold,gold_1,Computers & Laptops,Computers & Laptops
"UGREEN 35W USB C Charger, Nexode 2-Ports GaN Foldable PPS Compact Fast Wall Charger Block for iPhone 16/15/14/13, Galaxy S25/S24/S23, Pixel 8 Pro/8/7, iPad, MacBook, Steam Deck",gold,gold_1,Cables & Charging,Cables & Charging
G.SKILL Ripjaws S5 Series (Intel XMP 3.0) DDR5 RAM 32GB (2x16GB) 6000MT/s CL30-40-40-96 1.35V Desktop Computer Memory UDIMM - Matte Black (F5-6000J3040F16GA2-RS5K),gold,gold_1,Computers & Laptops,Computers & Laptops
"Bose QuietComfort Ultra Bluetooth Headphones, Wireless Headphones with Spatial Audio, Over Ear Noise Cancelling with Mic, Up to 24 Hours of Playtime, Black",gold,gold_1,Audio,Audio
"LISEN 3 in 1 Charging Station for Apple, Cargador Inalámbrico para iPhone Wireless Charging Station for Magsafe Charger Stand Cube, Foldable for iPhone16 16e 15 14 13 and Watch Gray",gold,gold_1,Phone & Tablet Accessories,Phone & Tablet Accessories
MSI MAG A650BE Gaming Power Supply - 80 Plus Bronze Certified 650W - Semi-Modular - Low Noise ATX PSU,gold,gold_1,Computers & Laptops,Computers & Laptops
Kingston FURY Impact 64GB (2x32GB) 5600MT/s DDR5 CL40 Laptop Memory Kit of 2 | Lower Power Comsumption | Intel XMP 3.0 | Plug N Play | KF556S40IBK2-64,gold,gold_1,Computers & Laptops,Computers & Laptops
"Lenovo ThinkVision S24e-20 23.8"" Full HD WLED LCD Monitor - 16:9 - Raven Black",gold,gold_1,Monitors & Displays,Monitors & Displays
"DEWALT Heavy Duty Black Edition 2-in-1 Neckband Bluetooth Headphones w/Built-in Speakers, Jobsite Wearable Speaker & Around Neck, Wireless Headset, 60+ Hrs Hands-Free Music & Calls, Carry Pouch",gold,gold_1,Audio,Audio
PNY 128GB Duo Link iOS USB 3.2 Dual Flash Drive,gold,gold_1,Storage & Memory Cards,Storage & Memory Cards
GIGABYTE - Gaming A16 Gaming Laptop - 165Hz 1920x1200 WUXGA - NVIDIA GeForce RTX 5060 - AMD Ryzen 7 260-1TB SSD with 16GB DDR5 RAM - Windows 11 Home AD Gaming A16 3VHK3US894SH,gold,gold_1,Computers & Laptops,Computers & Laptops
"Brother Genuine LC30333PKS 3-Pack, Super High-yield Color INKvestment Tank Ink Cartridges; Includes 1 Cartridge each of Cyan, Magenta & Yellow, Page Yield Up to 1,500 Pages/Cartridge, LC3033",gold,gold_1,Printers & Ink,Printers & Ink
"Amazon Basics Comb Binding Machine, 350 Sheets Capacity, for paper sizes A5(15 holes)/Letter(19 holes)/A4(21 holes) with Adjustable Margin, Grey",gold,gold_1,Office & School Supplies,Office & School Supplies
"Insta360 3m 9.8ft Extended Edition Selfie Stick for X4, X3, ONE RS, ONE X2, ONE R, ONE X, ONE Action Camera",gold,gold_1,Cameras & Photography,Cameras & Photography
"VIVO Monitor and Laptop Stand, 24 inch Desktop Riser, Black, STAND-V000D",gold,gold_1,Computers & Laptops,Computers & Laptops
"Westinghouse 32 Inch TV with DVD Player Built in, HD LED Small Flat Screen Non-Smart Television DVD Combo, Works with Fire Stick, Roku, Apple TV, TiVo, Xumo, and Streaming Devices",gold,gold_1,TV & Home Entertainment,TV & Home Entertainment
Ubiquiti U6+ Dual Band IEEE 802.11 a/b/g/n/ac/ax 3 Gbit/s Wireless Access Point,gold,gold_1,Networking,Networking
"LISEN USB-C to Magnetic 3 Cable (6.6FT) for M4 MacBook Air Pro Charger, 140W Magnetic Safe 3 Cable for MacBook Air (15''/13'' M4 2025, M3 2024, M2 2023, M2 2022), Pro (16""/14"" 2024/2023/2021)",gold,gold_1,Cables & Charging,Cables & Charging
Ooma Telo Air VoIP Free Internet Home Phone Service with Wireless Connectivity. Affordable landline replacement. Unlimited nationwide calling. Call on the go with free mobile app. Can block robocalls,gold,gold_1,Phone & Tablet Accessories,Phones & Tablets
"Antennas Direct ClearStream 2V Indoor Outdoor TV Antenna UHF VHF Multi-Directional, 60+ Mile Range, 4K 8K UHD, NEXTGEN TV – w/Reflector, 20-inch Mast",gold,gold_1,TV & Home Entertainment,TV & Home Entertainment
"Baseus 17-in-1 Docking Station, Laptop Docking Station 3 Monitors with 3 * 4K HDMI, USB C Docking Station with 7 USB, 1000Mbps Ethernet, 100W PD, Card Readers Compatible with Acer/HP/Lenovo/Mac/Dell",gold,gold_1,Computers & Laptops,Computers & Laptops
"Amazon Basics Adjustable Boom Arm Height Microphone Stand with Tripod Base, Up to 85.75 Inches - Black",gold,gold_1,Audio,Audio
"Lenovo V15 Gen 4 Laptop, 15.6” FHD, Octa-Core Intel Core i5-13420H, 40GB RAM, 1TB SSD, Windows 11 Home – Slim, Fast, and Ready for Work or Study, School and Office, PCO Foldable Laptop Cooler",gold,gold_1,Computers & Laptops,Computers & Laptops
"Amazon Basics Dynamic Microphone - Professional Vocal Mic with Cable for Karaoke, Podcasting, Live Performance",gold,gold_1,Audio,Audio
Furman M-8x2 Merit Series 8 Outlet Power Conditioner & Surge Protector with (2) Hosa 18 Gauge Electrical Extension Cable,gold,gold_1,Power Strips & Surge Protectors,Power Strips & Surge Protectors
G.SKILL Ripjaws DDR5 SO-DIMM Series DDR5 RAM 32GB (2x16GB) 5600MT/s CL40-40-40-89 1.10V Unbuffered Non-ECC Notebook/Laptop Memory SO-DIMM (F5-5600S4040A16GX2-RS),gold,gold_1,Computers & Laptops,Computers & Laptops
"Canon Ivy 2 Mini Photo Printer (Blush Pink) - Bluetooth, Print from iOS & Android Devices, Bundle Incl. 110 Zink Sticky-Back Prints, LED Light Bar, Protective Case, and USB Cable",gold,gold_1,Printers & Ink,Printers & Ink
"HP OfficeJet Pro 9125e All-in-One Printer, Color, Printer-for-Small Medium Business, Print, Copy, scan, fax,Touchscreen; Smart Advance Scan, 3 month Instant Ink trial included",gold,gold_1,Printers & Ink,Printers & Ink
"SAMSUNG 15.6"" Galaxy Book4 Edge Business Laptop, Copilot + AI PC Computer, Snapdragon X Plus Processor, Live Captions, FHD LED Anti-Glare Display, Long-Lasting Battery, 2024 Version, NP754XQA-KB2US",gold,gold_2,Computers & Laptops,Computers & Laptops
"Canon imageCLASS MF653Cdw - Wireless Duplex Color Laser Printer, Multifunction with Copier, Scanner, Mobile Ready, 3 Year Limited Warranty, 22 PPM, White",gold,gold_2,Printers & Ink,Printers & Ink
"Hoover ONEPWR Lithium-Ion Battery Charger, Battery Charger for Hoover ONEPWR Products, Temperature Control, Rapid Charge Technology, Flashing Indicator Lights, Tool and Vacuum Power",gold,gold_2,Batteries,Batteries
"CyberPower CP1500PFCLCD PFC Sinewave UPS Battery Backup and Surge Protector, 1500VA/1000W, 12 Outlets, AVR, Mini Tower; UL Certified",gold,gold_2,Power Strips & Surge Protectors,Power Strips & Surge Protectors
"Garmin vívoactive® 6, Health and Fitness GPS Smartwatch, AMOLED Display, Up to 11 Days of Battery, Slate with Black Band",gold,gold_2,Smart Home & Wearables,Smart Home & Wearables
"Canon EOS R50 Mirrorless Camera RF-S18-45mm F4.5-6.3 is STM Lens Kit, 24.2 Megapixel CMOS (APS-C) Sensor, 4K Video, Hybrid Camera, Photo and Video, Vlogging, Content Creator, RF Mount, Black",gold,gold_2,Cameras & Photography,Cameras & Photography
Microsoft Ergonomic Keyboard for Business - Wired - Black,gold,gold_2,Keyboards & Mice,Keyboards & Mice
"RØDE Wireless ME Ultra-compact Wireless Microphone System with Built-in Microphones, GainAssist Technology and 100m Range for Filmmaking, Interviews and Content Creation, Wireless ME",gold,gold_2,Audio,Audio
Razer Viper Ultimate Lightweight Wireless Gaming Mouse & RGB Charging Dock: Hyperspeed Wireless Technology - 20K DPI Optical Sensor - 74g Lightweight - 70 Hr Battery - Mercury White,gold,gold_2,Keyboards & Mice,Keyboards & Mice
Lian Li GA II LCD 360MM AIO - Asetek 8th Gen - 2.88” IPS LCD screen liquid cooler - Screen recording for videos and photos - Pre-installed daisy-chained ARGB fans or UNI FAN SL-INF fans (GA2ALCD36INB),gold,gold_2,Computers & Laptops,Computers & Laptops
"Cobra MR F45-D Fixed Mount VHF Marine Radio – 25 Watt VHF, Submersible, LCD Display, Noise Cancelling Microphone, NOAA Weather Channels, Signal Strength Meter, Scan Channels, White",gold,gold_2,Marine & GPS,Marine & GPS
Lenovo Basic Laptop Sleeve 14 Inch Notebook/Tablet Compatible with MacBook Air/Pro Neoprene Material - Soft Fleece Lining - Zippered Top Opening - Black,gold,gold_2,Bags & Cases,Bags & Cases
"Motorola MT7711 24X8 Cable Modem/Router with Two Phone Ports, DOCSIS 3.0 Modem, and AC1900 Dual Band WiFi Gigabit Router, for Comcast XFINITY Internet and Voice",gold,gold_2,Networking,Networking
"EPSON 542 EcoTank Ink Ultra-high Capacity Bottle Color Combo Pack (T542520-S) Works with EcoTank Pro ET-5150, ET-5170, ET-5180, ET-5800, ET-5850, ET-5880, ET-16600, ET-16650",gold,gold_2,Printers & Ink,Printers & Ink
"Sennheiser HD 560 S Over-The-Ear Audiophile Headphones - Neutral Frequency Response, E.A.R. Technology for Wide Sound Field, Open-Back Earcups, Detachable Cable, (Black) (HD 560S)",gold,gold_2,Audio,Audio
"Powermax 100-Count Double AA Batteries, Ultra Long Lasting Alkaline Battery for Home and Office, 10-Year Shelf Life, Reclosable Packaging",gold,gold_2,Batteries,Batteries
Sandisk SDSQXCD-128G-GN6MA Extreme Pro Microsdxc 128gb+sd Flsh Adapter 200mb/s 90mb/s A2 C10 V30 U,gold,gold_2,Storage & Memory Cards,Storage & Memory Cards
"Crucial P3 500GB PCIe Gen3 3D NAND NVMe M.2 SSD, up to 3500MB/s - CT500P3SSD8",gold,gold_2,Computers & Laptops,Storage & Memory Cards
Sony WH-1000XM5 Noise Canceling Wireless Headphones - 30hr Battery Life - Over-Ear Style - Optimized for Alexa and Google Assistant - Built-in mic for Calls - Black - International Version No Warranty,gold,gold_2,Audio,Audio
"GIGABYTE X870E AORUS Elite WIFI7 AMD AM5 LGA 1718 Motherboard, ATX, DDR5, 4X M.2, PCIe 5.0, USB4, WIFI7, 2.5GbE LAN, EZ-Latch, 5-Year Warranty",gold,gold_2,Computers & Laptops,Computers & Laptops
Audio-Technica AT-LP60XBT-BK Fully Automatic Wireless Belt-Drive Turntable (Black) (ATLP60XBTBK),gold,gold_2,Audio,Audio
"Sapphire 11349-01-20G Nitro+ AMD Radeon™ RX 9070 Gaming OC Graphics Card with 16GB GDDR6, AMD RDNA 4",gold,gold_2,Computers & Laptops,Computers & Laptops
"Hisense 32-Inch Class A4 Series FHD 1080p Smart Fire TV (32A4NF, 2025 Model) - DTS Virtual: X, Slim Bezel Design, Alexa Built in",gold,gold_2,TV & Home Entertainment,TV & Home Entertainment
"Lenovo 100 Wired USB Computer Mouse for PC, Laptop, Computer with Windows - Full-Size - Ambidextrous Design - 3 Buttons - Red Optical Sensor – Black",gold,gold_2,Keyboards & Mice,Keyboards & Mice
"SanDisk 128GB Ultra SDXC UHS-I Memory Card - 120MB/s, C10, U1, Full HD, SD Card - SDSDUN4-128G-GN6IN [Older Version]",gold,gold_2,Storage & Memory Cards,Storage & Memory Cards
G.SKILL Trident Z5 Neo RGB Series (AMD Expo) DDR5 RAM 64GB (2X 32GB) 6000MT/s CL26-36-36-96 1.45V Desktop Computer Memory U-DIMM - Black (F5-6000J2636H32GX2-TZ5NR),gold,gold_2,Computers & Laptops,Computers & Laptops
Muddy Basic Trail Camera Arm with Pan Head for Precision Game Cam Positioning,gold,gold_2,Cameras & Photography,Cameras & Photography
LG GP65NB60 8X USB 2.0 Super Multi Ultra Slim Portable DVD Writer Drive +/-RW External Drive with M-DISC Support - Black,gold,gold_2,Storage & Memory Cards,Storage & Memory Cards
"Lenovo ThinkPad T16 Gen 3 Business Laptop 16” FHD+ Display, Intel Ultra 5-125U (Beats i7-1355U), 32GB DDR5 RAM, 1TB SSD, 5MB Webcam, WiFi 6E + BT, RJ-45, HDMI, Win 11 Pro, 3 Yr Wty, AI Copilot - Black",gold,gold_2,Computers & Laptops,Computers & Laptops
Intel Core i5-14400F Desktop Processor 10 cores (6 P-cores + 4 E-cores) up to 4.7 GHz,gold,gold_2,Computers & Laptops,Computers & Laptops
"Ooma Telo VoIP Free Internet Home Phone Service. Affordable landline replacement. Unlimited nationwide calling. Call on the go with free mobile app. Low international rates. Can block robocalls, black",gold,gold_2,Phone & Tablet Accessories,Phones & Tablets
"Logitech G Astro A10 Gen 2 Cross-Platform Wired Gaming Headset for PlayStation 5/4, Xbox S|X, Nintendo Switch, PC: 3.5mm Headphone Jack, 32mm Drivers, Flip-to-Mute Mic, Over-Ear - Grey",gold,gold_2,Audio,Audio
Intel® Core™ i7-14700K New Gaming Desktop Processor 20 cores (8 P-cores + 12 E-cores) with Integrated Graphics - Unlocked,gold,gold_2,Computers & Laptops,Computers & Laptops
"Amazon Basics Rechargeable NiMh Battery with Bay Charger, 8 AAA 800mAh + 8 AA 2000mAh, No AC Power Adapter, USB C Port, Pack of 16, Black",gold,gold_2,Batteries,Batteries
"HP Premium Plus Photo Paper, Satin, 8.5x11 in, 50 sheets (CR667A)",gold,gold_2,Printers & Ink,Printers & Ink
Beats Studio Buds Totally Wireless Noise Cancelling Earphones - Black (Renewed),gold,gold_2,Audio,Audio
"Tripp Lite 1 Outlet Portable Surge Protector Power Strip, Direct Plug In, $5,000 Insurance (SPIKECUBE)",gold,gold_2,Power Strips & Surge Protectors,Power Strips & Surge Protectors
"Amazon Basics RJ45 Cat 7 Ethernet Patch Cable, Flat, 600MHz, Snagless, Includes 20 Nails, 50 Foot, White",gold,gold_2,Networking,Networking
"LISEN Coiled USB C Cable, 2 Pack for Android Auto & CarPlay Cable, 4FT Short USB A to USB C Cable Compatible with iPhone 16/15, Samsung Galaxy S25/S24/S23 A15/A14, Google Pixel 9/8, Moto, OnePlus, TCL",gold,gold_2,Cables & Charging,Cables & Charging
"WYZE Floodlight Camera v2, Security Camera Outdoor, 2K HD with Color Night Vision, 2800-Lumen LEDs, 160° Wide View, 105dB Siren, Works with Alexa & Google Assistant, Wired, Free Expert Support",gold,gold_2,Cameras & Photography,Cameras & Photography
"WD_Black 1TB C50 Storage Expansion Card, Officially Licensed for Xbox – Quick Resume, Plug & Play, NVMe SSD Expansion for Xbox Series X|S Gaming Consoles - WDBMPH0010BNC-WCSN",gold,gold_2,Storage & Memory Cards,Storage & Memory Cards
"Avery Printable Tab Inserts for Hanging File Folders, 1/2"" x 2"", 1/5 Cut, White, 100 Index Tab Inserts (11136)",gold,gold_2,Office & School Supplies,Office & School Supplies
"acer 311 Chromebook 2025 Flagship Slim Light Laptop, 11.6"" HD Display, Dual-Core Intel N4500 Processor (Upto 2.80GHz), 4GB RAM, 64GB eMMC, Wi-Fi 5, Webcam 8+ Hrs Battery, Chrome OS +HubxcelAccessory",gold,gold_2,Computers & Laptops,Computers & Laptops
"Mounting Dream TV Mount Fixed for Most 26-60 Inch LED, LCD and Plasma TVs, TV Wall Mount TVs Bracket up to VESA 400x400mm and 100 LBS Loading Capacity, Low Profile and Space Saving Flat Mount MD2361-K",gold,gold_2,TV & Home Entertainment,TV & Home Entertainment
"Fujifilm Instax Mini 12 Camera Bundle - Purple, 20 Film Sheets, Carrying Case, Shutter Accessories",gold,gold_2,Cameras & Photography,Cameras & Photography
"Insta360 Action Invisible Selfie Stick, Compatibility: X4, GO 3S, Ace Pro, Ace, GO 3, X3, ONE RS 1-Inch 360 Edition, ONE RS (4K/Twin), GO 2, ONE X2, ONE R, ONE X",gold,gold_2,Cameras & Photography,Cameras & Photography
ASRock RX 6600 8GB CLD Challenger D gddr6,gold,gold_2,Computers & Laptops,Computers & Laptops
"HP Chromebook Thin Laptop Student Business 2024, 14"" HD Display, Quad-Core Intel Celeron N4120 Processor, 4GB RAM, 64GB eMMC, HD Webcam, WiFi, Long Battery, Chrome OS +HubxcelAccessory Gray",gold,gold_2,Computers & Laptops,Computers & Laptops
"Dell Universal Dock - D6000S, Equipped with USB-C/USB-A PowerShare Options, Connect Upto Three 4K Displays, LED Indicator, Black",gold,gold_2,Computers & Laptops,Computers & Laptops
"HP 202A Cyan Toner Cartridge | Works with HP Color LaserJet Pro M254, HP Color LaserJet Pro MFP M281 Series | CF501A",gold,gold_2,Printers & Ink,Printers & Ink
"Cobra MR F77B GPS Fixed Mount VHF Marine Radio – 25 Watt VHF, Built-In GPS Receiver, Submersible, LCD Display, Noise Cancelling Mic, NOAA Weather, Signal Strength Meter, Scan Channels, Black/Grey",gold,gold_2,Marine & GPS,Marine & GPS
"JBL Go 3 - Portable Bluetooth Speaker, Built-in Battery, Waterproof and Dustproof Feature JBLGO3BLUAM, Bonus Keychain LED Included - Blue",gold,gold_2,Audio,Audio
"Canon CLI-42 Genuine Yellow Ink Tank, Compatible with PIXMA PRO-100 Printers",gold,gold_2,Printers & Ink,Printers & Ink
Sony FE 16-35mm F2.8 GM II,gold,gold_2,Cameras & Photography,Cameras & Photography
Toshiba N300 8TB NAS 3.5-Inch Internal Hard Drive - CMR SATA 6 GB/s 7200 RPM 512 MB Cache - HDWG780XZSTA,gold,gold_2,Storage & Memory Cards,Storage & Memory Cards
"Corsair MP700 PRO 2TB M.2 PCIe Gen5 x4 NVMe 2.0 SSD – M.2 2280 – Up to 12,400MB/sec Sequential Read – High-Density TLC NAND – Black",gold,gold_2,Computers & Laptops,Storage & Memory Cards
JBL Wind 3 FM Bluetooth Handlebar Speaker (Black/Orange),gold,gold_2,Audio,Audio
"HP 60 Black Ink Cartridge | Works with DeskJet D1660, D2500, D2600, D5560, F2400, F4200, F4400, F4580; ENVY 100, 110, 120; PhotoSmart C4600, C4700, D110a Series | CC640WN",gold,gold_2,Printers & Ink,Printers & Ink
"SanDisk 256GB Extreme PRO SDXC UHS-II Memory Card - C10, U3, V60, 6K, 4K UHD, SD Card - SDSDXEP-256G-GN4IN",gold,gold_2,Storage & Memory Cards,Storage & Memory Cards
"Canon Office Products 2204C001 Canon P170-DH-3 Desktop Printing Calculator with Currency Conversion, Clock & Calendar, and Time Calculation, Black/White/Silver, 14.60 Inch x 9.60 Inch x 3.00 Inch",gold,gold_2,Office & School Supplies,Office & School Supplies
"ARCTIC MX-4 (incl. Spatula, 4 g) - Premium Performance Thermal Paste for All Processors (CPU, GPU - PC), Very high Thermal Conductivity, Long Durability, Safe Application",gold,gold_2,Computers & Laptops,Computers & Laptops
Pyle 150J Surge Protector Power Strip - 9 Outlet - 15 Amp - 1U Rack Mount with AC Filter - Heavy Duty Extension Cord - Overload Protection for Home/Office/Server Use - PCO850,gold,gold_2,Power Strips & Surge Protectors,Power Strips & Surge Protectors
"ASUS ThunderboltEX 4 with Intel® Thunderbolt™ 4 JHL 8540 Controller, 2 USB Type-C Ports, up to 40Gb/s bi-Directional Bandwidth, DisplayPort 1.4 Support, up to 100W Quick Charge, Black",gold,gold_2,Computers & Laptops,Computers & Laptops
"UGREEN Ethernet Extender 10Gbps,2 Pack Ethernet Coupler with PoE Support, 328ft Long Distance Extend, Compatible with Cat8 Cat7 Cat6 Cat5 Cable, Black",gold,gold_2,Networking,Networking
"ESR for AirPods Pro 2nd Generation Case (USB-C/Lightning Cable), Compatible with AirPods Pro Case (2023/2022/2019), Magnetic Lid, Full Drop Protection Cover with Carabiner, Cloud Series, Black",gold,gold_2,Audio,Audio
"Pioneer TS-501M 4-Way Coaxial Car Audio Speakers (Pair) - 5-1/4"" Round, 300 W Max Power, Black and Red",gold,gold_2,Audio,Car Electronics
"MSI Gaming RTX 5090 32G SUPRIM SOC Graphics Card (32GB GDDR7, 512-bit, Extreme Performance: 2580 MHz, DisplayPort x3 2.1a, HDMI 2.1b, NVIDIA Blackwell Architecture)",gold,gold_2,Computers & Laptops,Computers & Laptops
OWC Atlas FXR Thunderbolt (USB-C) + USB 3.2 (10Gb/s) CFexpress Card Reader,gold,gold_2,Storage & Memory Cards,Storage & Memory Cards
"Dell Latitude 5000 5430 14"" Rugged Notebook - Full HD - 1920 x 1080 - Intel Core i5 11th Gen i5-1145G7 Quad-core (4 Core) 2.60 GHz - 16 GB Total RAM - 512 GB SSD - Black",gold,gold_2,Computers & Laptops,Computers & Laptops
Quad Lock Phone Ring/Stand,gold,gold_2,Phone & Tablet Accessories,Phone & Tablet Accessories
Logitech C920 Hd Pro Webcam (Black) Black,gold,gold_2,Cameras & Photography,Cameras & Photography
SANUS Extendable Soundbar Wall Mount for Sonos Arc & Sonos Arc Ultra Soundbar – 5” Depth Adjustment Optimized for Dolby Atmos - Black Speaker Mount,gold,gold_2,Audio,Audio
"NETGEAR Powerline Adapter Kit, 2000 Mbps Wall-Plug, 2 Gigabit Ethernet Ports with Passthrough + Extra Outlet (PLP2000-100PAS)",gold,gold_2,Networking,Networking
"Ray-Ban Meta Glasses, Wayfarer",gold,gold_2,Smart Home & Wearables,Smart Home & Wearables
"HP Pro 400 G9 Mini PC Desktop Computer, Intel CPU, 16GB DDR5 RAM, 256GB PCIe SSD, Triple 4K Display Support, USB-C, Ultra-Quiet Design, Bluetooth 5.2, WiFi 6, Keyboard and Mouse, Windows 11 Pro",gold,gold_2,Computers & Laptops,Computers & Laptops
"ASUS ZenWiFi BT10 Tri-Band WiFi 7 Mesh, 18 Gbps, 6000 sq.ft (2pk), Dual 10G Ports, Security and Parental Controls Included, Smart Home Master SSIDs, 4G & 5G Mobile Tethering",gold,gold_2,Networking,Networking
"SAMSUNG Galaxy Tab A7 Lite (2021, 32GB, 3GB RAM) 8.7"" (WiFi + Cellular) 5100mAh Battery, Android 11, 4G LTE Tablet GSM Unlocked, International Model - SM-T225 (Fast Car Charger Bundle, Gray)",gold,gold_2,Phones & Tablets,Phones & Tablets
"Roku 3920RW-SW Premiere - 4K/HDR Streaming Media Player, Enabled with Premium High Speed HDMI Cable & Simple Remote, Wi-Fi, with HDMI Cable and USB Extension Cord",gold,gold_2,TV & Home Entertainment,TV & Home Entertainment
"Sony Alpha 7R IVA Full Frame Mirrorless Interchangeable Lens Camera w/High Resolution 61MP Sensor, up to 10FPS with Continuous AF/AE Tracking (Renewed)",gold,gold_2,Cameras & Photography,Cameras & Photography
"Apple 2020 Mac Mini with Apple M1 Chip, 8GB RAM, 256GB SSD Storage - Silver (Renewed)",gold,gold_2,Computers & Laptops,Computers & Laptops
"Samsung Galaxy Tab A9+ Tablet 11” 64GB Android Tablet, Big Screen, Quad Speakers, Upgraded Chipset, Multi Window Display, Slim, Light, Durable Design, US Version, 2024, Graphite",sonnet_confident,,Phone & Tablet Accessories,Phones & Tablets
"Apple Watch Series 10 [GPS 42mm case] Smartwatch with Rose Gold Aluminium Case with Light Blush Sport Band - S/M. Fitness Tracker, ECG App, Always-On Retina Display, Water Resistant",sonnet_confident,,Smart Home & Wearables,Smart Home & Wearables
"Apple Watch SE (2nd Gen) [GPS 40mm] Smartwatch with Starlight Aluminum Case with Starlight Sport Band S/M. Fitness and Sleep Trackers, Crash Detection, Heart Rate Monitor, Retina Display",sonnet_confident,,Smart Home & Wearables,Smart Home & Wearables
"Philips 22 inch Class Thin Full HD (1920 x 1080) Monitor, 100Hz Refresh Rate, VESA, HDMI x1, VGA x1, LowBlue Mode, Adaptive Sync, 4 Year Advance Replacement Warranty, 221V8LB",sonnet_confident,,Monitors & Displays,Monitors & Displays
"Xbox Wireless Gaming Controller (2025) – Carbon Black – Play on Xbox, Windows, Android, iOS, FireTV Sticks, Smart TVs, VR Headsets",sonnet_confident,,Gaming,Gaming
"Logitech M185 Wireless Mouse, 2.4GHz with USB Mini Receiver, 12-Month Battery Life, 1000 DPI Optical Tracking, Ambidextrous PC/Mac/Laptop - Swift Grey",sonnet_confident,,Keyboards & Mice,Keyboards & Mice
"VIZIO 40-inch Full HD 1080p Smart TV with DTS Virtual: X, Alexa Compatibility, Google Cast Built-in, Bluetooth Headphone Capable, (VFD40M-08 New)",sonnet_confident,,TV & Home Entertainment,TV & Home Entertainment
"HP Original 910 Cyan, Magenta, Yellow / 910XL Black Ink Cartridges (4-Pack) | Works OfficeJet 8010, 8020 Series OfficeJet Pro 8020, 8030 Series | Eligible for Instant Ink | 3JB41AN",sonnet_confident,,Printers & Ink,Printers & Ink
Meta Quest 3 512GB | Thirty Percent Sharper Resolution — 2X Graphical Processing Power — Play Without Wires — Get Batman: Arkham Shadow and a 3-Month Trial of Meta Horizon+ Included,sonnet_confident,,Gaming,Gaming
"Amazon Kindle Paperwhite 16GB (newest model) – Our fastest Kindle ever, with new 7"" glare-free display, and weeks of battery life – Without lockscreen ads – Black",sonnet_confident,,Phone & Tablet Accessories,Phones & Tablets
"DYMO LetraTag LT-100H Handheld Aesthetic Label Maker | ABC Keyboard Label Printer with Easy-to-Use, 13 Character LCD Screen | Great for Home & Office Organization | Pink (New)",sonnet_confident,,Office & School Supplies,Office & School Supplies
"Lasko Wind Machine Fan, Air Circulator Fan with 3 Speeds, 20"" Model 3300, Gray",sonnet_unsure,,Other,Other
"Sony WH-1000XM6 The Best Wireless Noise Canceling Headphones, HD NC Processor QN3, 12 Microphones, Adaptive NC Optimizer, Mastered by Engineers, Studio-Quality, 30-Hour Battery, Black",sonnet_confident,,Audio,Audio
"Lexar 512GB Play PRO microSD Express Card, UHS-I, C10, U3, V30, Full HD, 4K, Up to 900/600 MB/s Memory Card, Compatible w/Nintendo-Switch 2, ASUS ROG Ally, Steam Deck, Gaming (LMSXPS0512G-BNNNU)",sonnet_confident,,Storage & Memory Cards,Storage & Memory Cards
"Tile by Life360 Essentials - Bluetooth Trackers & Item Locators for Keys, Wallets, Remotes & More; Easily Find All Your Things. Both iOS and Android Compatible. 4-Pack (Mates/Slim/Sticker)",sonnet_confident,,Phone & Tablet Accessories,Phone & Tablet Accessories
"DJI Neo Three-Battery Combo, Mini Drone with 4K UHD Camera for Adults, 135g Self Flying Drone that Follows You, Palm Takeoff, Subject Tracking, QuickShots, Stabilized Video (Controller-Free)",sonnet_confident,,Cameras & Photography,Cameras & Photography
"Samsung Galaxy S22 Smartphone, Factory Unlocked Android Cell Phone, 128GB, 8K Camera & Video, Brightest Display, Long Battery Life, Fast 4nm Processor, US Version, Phantom Black (Renewed)",sonnet_confident,,Phone & Tablet Accessories,Phones & Tablets
TP-Link Ultra-Portable Wi-Fi 6 AX1500 Travel Router TL-WR1502X | Easy Public WiFi Sharing | Hotel/RV/Travel Approved | Phone WiFi Tether | USB C Powered | Multi-Mode | Tether App | Durable Design,sonnet_confident,,Networking,Networking
"Seagate Expansion Card for Xbox Series X/S, 1TB Solid State Drive, NVMe (STJR1000400)",sonnet_confident,,Storage & Memory Cards,Storage & Memory Cards
"AINOPE 2 Pack USB Extensions Cable High Speed USB 3.0 Extension Cord Type A Male to Female Sturdy Braided Material Fast Data Transfer Compatible with USB Keyboard,Mouse,Flash Drive,Grey,6.6FT+6.6FT",sonnet_confident,,Cables & Charging,Cables & Charging
"Anker MacBook Pro Charger, Compact and Foldable 100W USB C Charger for MacBook Air, Samsung Galaxy, iPad Pro, and More, 5FT USB C Cable Included",sonnet_confident,,Cables & Charging,Cables & Charging
"Logitech Wireless Mouse Signature M650 L Full Size - Large Hands, 2-Year Battery, Silent Clicks, Customizable Buttons, Bluetooth, PC/Mac/Chromebook - Black, Right-Handed, Large",sonnet_confident,,Keyboards & Mice,Keyboards & Mice
"SAMSUNG Galaxy Buds Fan Edition(FE) SM-R400, Active Noise-Cancelling, Wireless Bluetooth v5.2 Earbuds, Android 8.0 and Up - (Graphite)",sonnet_confident,,Audio,Audio
"SanDisk 256GB Ultra Dual Drive USB Type-C - USB-C, USB 3.1 - SDDDC2-256G-G46,Black",sonnet_confident,,Storage & Memory Cards,Storage & Memory Cards
"Garmin inReach Mini 2, Lightweight and Compact Satellite Communicator, Hiking Handheld, Orange - 010-02602-00",sonnet_confident,,Marine & GPS,Marine & GPS
"TP-Link TL-SG1005P, 5 Port Gigabit PoE Switch, 4 PoE+ Ports @65W, Desktop, Plug & Play, Sturdy Metal w/ Shielded Ports, Fanless, QoS & IGMP Snooping",sonnet_confident,,Networking,Networking
"TP-Link WiFi Extender with Ethernet Port, Dual Band 5GHz/2.4GHz, Up to 44% More Bandwidth Than Single Band, Covers Up to 1200 Sq.ft and 30 Devices, Signal Booster Amplifier Supports OneMesh(RE220)",sonnet_confident,,Networking,Networking
"ASUS RT-AX86U Pro (AX5700) Dual Band WiFi 6 Extendable Gaming Router, 2.5G Port, Gaming Port, Mobile Game Mode, Port Forwarding, Subscription-free Network Security, VPN, AiMesh Compatible",sonnet_confident,,Networking,Networking
"Epson FastFoto FF-680W Wireless High-Speed Photo and Document Scanning System, Black",sonnet_confident,,Printers & Ink,Printers & Ink
"TP-Link Archer BE6500 Dual-Band Wi-Fi 7 Router (Archer BE400) | Dual 2.5 Gbps Ports USB 3.0 | Covers up to 2,400 Sq. ft and 90 Devices | Quad-core CPU| HomeShield, Private IoT for Network Security",sonnet_confident,,Networking,Networking
"Apple iPhone 14 Pro Max, 128GB, Space Black - Unlocked (Renewed)",sonnet_confident,,Phone & Tablet Accessories,Phones & Tablets
"Amazon Basics Polyester CD/DVD Portable Storage Binder, 400-capacity, Black",sonnet_confident,,Office & School Supplies,Office & School Supplies
"Logitech G920 Driving Force Racing Wheel and Floor Pedals, Real Force Feedback, Stainless Steel Paddle Shifters, Leather Steering Wheel Cover for Xbox Series X|S, Xbox One, PC, Mac - Black",sonnet_confident,,Gaming,Gaming
"weBoost Drive Reach Overland - Cell Phone Signal Booster for Off Road Vehicles | Boosts 5G & 4G LTE for All U.S. Carriers - Verizon, AT&T, T-Mobile & More | Made in The U.S. | FCC Approved",sonnet_confident,,Car Electronics,Car Electronics
"Seagate Game Drive for Xbox 2TB External Hard Drive Portable HDD - USB 3.2 Gen 1, Black with built-in green LED bar , Xbox Certified, 3 year Rescue Services (STKX2000400)",sonnet_confident,,Storage & Memory Cards,Storage & Memory Cards
SABRENT USB 3.2 Type-C Tool-Free Enclosure for M.2 PCIe NVMe and SATA SSDs (EC-SNVE),sonnet_confident,,Storage & Memory Cards,Storage & Memory Cards
"ARCTIC MX-4 (4 g) - Premium Performance Thermal Paste for All Processors (CPU, GPU - PC), Very high Thermal Conductivity, Long Durability, Safe Application, Non-Conductive",sonnet_confident,,Computers & Laptops,Computers & Laptops
Made for Amazon SanDisk 128GB microSD Memory Card for Fire Tablets and Fire -TV,sonnet_confident,,Storage & Memory Cards,Storage & Memory Cards
"Roku Ultra LT (2023) HD/4K/HDR Dolby Vision Quad-Core Streaming Player with HDMI Cable, Headphones, Voice Remote w/ Private Listening, Ethernet",sonnet_confident,,TV & Home Entertainment,TV & Home Entertainment
"Logitech H111 Wired Headset, Stereo Headphones with Noise-Cancelling Microphone, 3.5 mm Audio Jack, PC/Mac/Laptop/Smartphone/Tablet - Black",sonnet_confident,,Audio,Audio
"Pyle 20W Megaphone Bullhorn - 5.4'' x 8.6'' Portable Megaphone, Projection Range Up to 800 Sq. Yards, Voice Talking & Siren Alert, Shoulder Strap, Battery Operated, (White)",sonnet_unsure,,Audio,Audio
"UGREEN 10 Gbps Micro B to USB C Hard Drive Cables, 1.5FT USB C to Micro B, External Hard Drive Cable Compatible with MacBook Pro/Air, iPad/Tablet, iPhone, Samsung Galaxy S24, WD Seagate etc",sonnet_confident,,Cables & Charging,Cables & Charging
"AINOPE 240W USB C to USB C Cable Right Angle [10FT] C to C Cable Fast Charging,USBC to USBC Charger Cord Type C Fits iPhone 16 15 Pro Max Plus,MacBook,iPad Pro,Samsung Galaxy S25,Pixel,All Devices",sonnet_confident,,Cables & Charging,Cables & Charging
"Shure SE215 PRO Wired Earbuds - Professional Sound Isolating Earphones, Clear Sound & Deep Bass, Single Dynamic MicroDriver, Secure Fit in Ear Monitor, Plus Carrying Case & Fit Kit - Clear (SE215-CL)",sonnet_confident,,Audio,Audio
"Seagate Game Drive for PlayStation® Consoles 2 TB External Hard Drive - USB 3.2 Gen 1, Officially-Licensed (STLV2000101)",sonnet_confident,,Storage & Memory Cards,Storage & Memory Cards
"PNY 256GB Attaché X USB 3.2 Gen 1 Flash Drive, Advanced Performance Up to 130MB/s Read, Everyday Data Store & Transfer, Reliable Portable Storage, Durable, Type-A, Computers, Laptops, Desktops",sonnet_confident,,Storage & Memory Cards,Storage & Memory Cards
Ring Battery Doorbell with Ring Chime,sonnet_confident,,Smart Home & Wearables,Smart Home & Wearables
"ARCTIC MX-6 (4 g) - Ultimate Performance Thermal Paste for CPU, Consoles, Graphics Cards, laptops, Very high Thermal Conductivity, Long Durability, Non-Conductive",sonnet_confident,,Computers & Laptops,Computers & Laptops
"Microplane Premium Classic Series Zester 18/8, Black - Lemon Zester & Cheese Grater & Vegetable Grater - Citrus, Parmesan Cheese, Garlic, Ginger, Nutmeg, Chocolate - Stainless Steel Grater",sonnet_confident,,Non-Electronics,Non-Electronics
"Corsair TM30 Performance Thermal Paste | Ultra-Low Thermal Impedance CPU/GPU | 3 Grams|w/applicator, silver for Desktop",sonnet_confident,,Computers & Laptops,Computers & Laptops
"UGREEN 100W USB C Charger, Nexode 4-Port GaN Foldable Compact Fast Laptop Charger Power Adapter for MacBook Pro/Air, iPad Pro, iPhone 16 Pro, Galaxy S25/S24, Steam Deck, Google Pixelbook, and More",sonnet_confident,,Cables & Charging,Cables & Charging
"Garmin 010-02376-00 Varia RTL515, Cycling Rearview Radar with Tail Light, Visual and Audible Alerts for Vehicles Up to 153 Yards Away",sonnet_unsure,,Other,Other
"Amazon Basics HDMI to DVI (Male) Adapter Cable, Bi-Directional 1080P, 6 ft/1.8 m, Gold-Plated, Easy to Install, Single Pack for Television, Black",sonnet_confident,,Cables & Charging,Cables & Charging
"Duracell Ion Speed 1000 Charger for Rechargeable AA and AAA Batteries, Includes 6 AA and 2 AAA Pre-Charged Batteries for Household and Business",sonnet_confident,,Batteries,Batteries
"Acer USB C Docking Station Dual Monitor With 2 HDMI, 9-IN-1 Laptop Docking Station with 4K HDMI, USB A&C 3.0, SD/Micro SD, 100W PD Charging, USB C Dock Compatible with Acer/Dell XPS/HP/Mac/Surface etc",sonnet_confident,,Computers & Laptops,Computers & Laptops
"Apple iPhone 15 Plus, 128GB, Black - Unlocked (Renewed)",sonnet_confident,,Phone & Tablet Accessories,Phones & Tablets
"Anker MagSafe Compatible MagGo Charger Stand, iPhone 16 Wireless Charger, 2-in-1 Charging Station, Qi2 Certified 15W Fast Charging, for iPhone 16/15/14/13/12, AirPods Pro (Black, No Adapter)",sonnet_confident,,Cables & Charging,Cables & Charging
"Skullcandy Ink’d+ Wired Earbuds with 3.5mm Plug, Noise Isolating Fit, Built-In Microphone Call and Track Control, Ear Gel Sizes Included for Custom Fit, Convenient for Travel - Black",sonnet_confident,,Audio,Audio
"Western Digital 1TB WD Blue SA510 SATA Internal Solid State Drive SSD - SATA III 6 Gb/s, 2.5""/7mm, Up to 560 MB/s - WDS100T3B0A",sonnet_confident,,Computers & Laptops,Storage & Memory Cards
"VIZIO 32-inch HD Smart TV 720p LED w/Alexa Compatibility, Google Cast Built-in, Bluetooth Headphone Capable (VHD32M-08, New)",sonnet_confident,,TV & Home Entertainment,TV & Home Entertainment
"Hisense 55-Inch Class QLED 4K S7N CanvasTV Series Dolby Vision HDR Google Smart TV (55S7N) - 144Hz, Art Mode, Anti-Glare Panel, Hi-Matte Display, Frame & UltraSlim Wall Mount Included",sonnet_confident,,TV & Home Entertainment,TV & Home Entertainment
StarTech.com USB C to DVI Adapter - Black - 1920x1200 - USB Type C Video Converter for Your DVI D Display/Monitor/Projector - Upgraded Version is CDP2DVIEC (CDP2DVI),sonnet_confident,,Cables & Charging,Cables & Charging
"Kasa Smart Plug Power Strip KP303, Surge Protector with 3 Individually Controlled Smart Outlets and 2 USB Ports, Works with Alexa & Google Home, No Hub Required , White",sonnet_confident,,Power Strips & Surge Protectors,Power Strips & Surge Protectors
"Amazfit T-Rex 3 Outdoor Smart Watch 48mm AMOLED Display, Offline Maps & Navigation, 6 Satellite Systems Dual Band GPS, 27 Days Battery Life, 170+ Sports Mode, 45m Freediving for Android, iPhone",sonnet_confident,,Smart Home & Wearables,Smart Home & Wearables
Pokemon Go Plus +,sonnet_confident,,Gaming,Gaming
"Amazon Basics Premium Aluminum USB-C (Source) to HDMI (Display) Cable Adapter (Thunderbolt 3 Compatible) 4K@60Hz, 6-Foot, Black",sonnet_confident,,Cables & Charging,Cables & Charging
"ASUS ROG Strix 27” QHD (2560x1440) HDR400 USB-C Gaming Monitor (XG27ACS), 180Hz,1ms, Fast IPS, 133% sRGB, Extreme Low Motion Blur Sync, G-Sync Compatible, DisplayWidget, Tripod Socket, 3 Year Warranty",sonnet_confident,,Monitors & Displays,Monitors & Displays
"STANLEY FATMAX Tape Measure, 25-Foot (33-725)",sonnet_confident,,Non-Electronics,Non-Electronics
"Garmin Lily® 2 Active, Small and Stylish Smartwatch, Built-in GPS, Hidden Display, Patterned Lens, Up to 9 Days Battery Life, Lunar Gold with Bone Silicone Band",sonnet_confident,,Smart Home & Wearables,Smart Home & Wearables
"Logitech G203 Wired Gaming Mouse, 8,000 DPI, Rainbow Optical Effect LIGHTSYNC RGB, 6 Programmable Buttons, On-Board Memory, Screen Mapping, PC/Mac Computer and Laptop Compatible - Black",sonnet_confident,,Keyboards & Mice,Keyboards & Mice
"EATON CHSPT2ULTRA Ultimate Surge Protection 3rd Edition, 2.38"" Length, 5.25"" Width 7.5"" Height",sonnet_confident,,Power Strips & Surge Protectors,Power Strips & Surge Protectors
"Lasko Weather-Shield Performance Box Fan, 3 Speeds, Innovative Wind Ring System for Up to 30% More Air, Carry Handle for Bedroom, Office, Home, 20 Inch, White, 3720",sonnet_unsure,,Other,Other
"Belkin USB C to USB A Cable, 3.3ft, 15W - Type C Charger, iPhone Charger Cord, Braided, Flexible for iPhone 16 & 15, Galaxy S25, Pixel 9, iPad Pro, AirPods Pro, Switch 2 & More, CarPlay - Black",sonnet_confident,,Cables & Charging,Cables & Charging
Google Nest Cam Outdoor or Indoor/Battery - 2nd Generation (3 Pack),sonnet_confident,,Cameras & Photography,Cameras & Photography
"LISEN for iPad Stand Holder Adjustable Tablet Stand for Desk, 2025 for iPad Accessories Rotating Display Stand PC Office Accessories for Desk Women Kindle Table Mount/PS/Switch iPhone 12.9""-4.7""",sonnet_confident,,Phone & Tablet Accessories,Phone & Tablet Accessories
"Panasonic Cordless Phone, Easy to Use with Large Display and Big Buttons, Flashing Favorites Key, Built in Flashlight, Call Block, Volume Boost, Talking Caller ID, 2 Cordless Handsets - KX-TGU433B",sonnet_confident,,Phone & Tablet Accessories,Phones & Tablets
"Logitech MX Keys S for Mac, Wireless Keyboard, Fluid, Precise Laptop-Like Typing, Programmable Keys, Backlit, Bluetooth USB C Rechargeable for MacBook Pro, MacBook Air, iMac, iPad - Space Grey",sonnet_confident,,Keyboards & Mice,Keyboards & Mice
UGREEN Tablet Stand Holder Adjustable Portable Desktop Dock Office Compatible for iPad Pro 11 9.7 10.5 Air Mini 5 4 3 2 iPhone 16 15 14 13 12 Black,sonnet_confident,,Phone & Tablet Accessories,Phone & Tablet Accessories
"VIZIO 50-inch Quantum Pro 4K 120Hz QLED HDR10+ Smart TV with Dolby Vision, Active Full Array, 240Hz @ 1080p PC Gaming, WiFi 6E, Apple AirPlay, Chromecast Built-in, M50QXM-K01, 2023 Model",sonnet_confident,,TV & Home Entertainment,TV & Home Entertainment
Verbatim Ultra HD 4K CD DVD Blu-ray Writer USB 3.2 GEN 1 USB-C Connectivity Slim Brushed Metal Enclosure Compatible with Mac and PC with Free 25GB Verbatim Blu-ray disc,sonnet_confident,,Storage & Memory Cards,Storage & Memory Cards
"M-Audio SP-2 - Universal Sustain Pedal with Piano Style Action For MIDI Keyboards, Digital Pianos & More",sonnet_unsure,,Audio,Audio
"Elgato Chat Link Pro - Audio Adapter, for PS5, PS4, Nintendo Switch, Capture Voice Chat, Gameplay Sound, Extra Long Cable, Black",sonnet_confident,,Audio,Audio
"Garmin Lily 2, Small and Stylish Smartwatch, Hidden Display, Patterned Lens, Up to 5 Days Battery Life, Coconut",sonnet_confident,,Smart Home & Wearables,Smart Home & Wearables
"Philips LTE Filter for TV Antenna, Filters 4G 5G LTE Signal to Reduce Interference and Pixilation for Clear Digital HD TV Reception, Frequency Range 5-608 MHz, Indoor Outdoor Installation, SDW1520/27",sonnet_confident,,TV & Home Entertainment,TV & Home Entertainment
"Acer SD Card Reader USB C, Dual Slots Type C to Memory Card Reader, Aluminum Micro SD Card Camera Adapter for MicroSD, SDHC, SDXC, Compatible with iPhone16/15, MacBook, iPad Pro, Android, Laptop",sonnet_confident,,Storage & Memory Cards,Storage & Memory Cards
"OtterBox Defender Series Case for iPad 7th, 8th & 9th Gen (10.2"" Display - 2019, 2020 & 2021 Version) - Non-Retail/Ships in Polybag - Black, Rugged, Durable, Multi-Layer Protection",sonnet_confident,,Phone & Tablet Accessories,Phone & Tablet Accessories
"SABRE 120 dB Wedge Door Stop Security Alarm, Extremely Loud Wireless Alarm Siren Audible Up To 1,500 Ft., Non-Skid Pad, Compact Alarm Great for Home, Travel, Apartment or Dorm",sonnet_unsure,,Smart Home & Wearables,Smart Home & Wearables
"Amazon Basics 3.5mm Auxiliary Audio Cable for Stereo Speaker or Subwoofer with Gold-Plated Plugs, 8 Foot, Black",sonnet_confident,,Cables & Charging,Cables & Charging
"Command Cord Bundlers, Damage-Free Hanging Cord Organizer, No Tools Cord Bundler for Hanging Electrical Cables, 6 Gray Cord Bundlers and 12 Command Strips",sonnet_confident,,Cables & Charging,Cables & Charging
"ARCTIC MX-6 (4 g, incl. 6 MX Cleaner) - Ultimate Performance Thermal Paste for CPU, Consoles, Graphics Cards, laptops, Very high Thermal Conductivity, Long Durability, Non-Conductive",sonnet_confident,,Computers & Laptops,Computers & Laptops
SteelSeries Apex Pro TKL Gen 3 OmniPoint 3.0 HyperMagnetic Switches — Adjustable Actuation — Rapid Trigger — Game-Ready Presets — Protection Mode — Rapid Tap/SOCD — OLED — RGB — PBT Keycaps — USB-C,sonnet_confident,,Keyboards & Mice,Keyboards & Mice
"StarTech.com Portable Laptop Crash Cart Adapter, USB/VGA KVM Console, File Transfer & Video Capture, Windows/Linux/MacOS, TAA",sonnet_confident,,Computers & Laptops,Computers & Laptops
"Logitech Crayon Digital Pencil (iPads with USB-C Ports) Featuring Apple Technology, No Lag Pixel-Precision, and Dynamic Smart Tip with Fast Charge - Silver",sonnet_confident,,Phone & Tablet Accessories,Phone & Tablet Accessories
"Logitech G923 Racing Wheel and Pedals, TRUEFORCE up to 1000 Hz Force Feedback, Gaming Steering Wheel PS5, PS4, PC, Mac, Genuine Leather- Black",sonnet_confident,,Gaming,Gaming
"UGREEN Revodok Pro 7 in 1 Docking Station Dual Monitor, USB C Hub Dual 4K@60Hz HDMI Display, 10Gbps USB-A/C Data Ports, 100W PD, Aluminum Laptop Docking Station for HP, Thinkpad, Dell and More",sonnet_confident,,Computers & Laptops,Computers & Laptops
"Arduino Uno REV3 [A000066] – ATmega328P Microcontroller, 16MHz, 14 Digital I/O Pins, 6 Analog Inputs, 32KB Flash, USB Connectivity, Compatible with Arduino IDE for DIY Projects and Prototyping",sonnet_confident,,Computers & Laptops,Computers & Laptops
Nintendo Samsung MicroSD Express Card 256 GB (UK Version),sonnet_confident,,Storage & Memory Cards,Storage & Memory Cards
"Tripp Lite 12 Outlet Surge Protector Power Strip, 8ft Cord, Right-Angle Plug, Tel/Modem/Coax/Ethernet Protection, RJ11, RJ45, & $250,000 INSURANCE (TLP1208SAT) Black",sonnet_confident,,Power Strips & Surge Protectors,Power Strips & Surge Protectors
EPSON 320 Standard Capacity (T320) Works with PictureMate PM-400,sonnet_confident,,Printers & Ink,Printers & Ink
Bushnell Velocity Speed Gun -,sonnet_unsure,,Other,Other
PowerA Joy-Con Charging Dock for Nintendo Switch,sonnet_confident,,Cables & Charging,Cables & Charging
"Belkin USB A to USB C Cable 2-Pack, 6.6ft, 15W - Type C Charger, iPhone Charger Cord, Soft, Braided, Flexible for iPhone 16 & 15, Galaxy S25, Pixel 9, iPad Pro, Airpods Pro, Switch & More - Black",sonnet_confident,,Cables & Charging,Cables & Charging
Ubiquiti G5 Turret Ultra (UVC-G5-Turret-Ultra),sonnet_confident,,Cameras & Photography,Cameras & Photography
"Belkin USB C Charger Block 65W - USB C Cable Included - Super Fast Charging, Type C Wall Charger - Apple iPhone 16/15/14/13, Galaxy S25, Pixel 9, MacBook, iPad, Nintendo Switch 2, & More - Black",sonnet_confident,,Cables & Charging,Cables & Charging
"Motorola Solutions, Portable FRS, T605_H2O, Talkabout, Two Way Radios Waterproof Walkie Talkie Emergency Preparedness, Rechargeable, 22 Channel, 35 Mile, Orange W/Black, 2 Pack",sonnet_confident,,Audio,Audio
"Fitbit Google Ace LTE - Kids Smartwatch with Call, Message, GPS, and Activity-Based Games, Ace Pass Data Plan Required - Mild - Strange Arcade",sonnet_confident,,Smart Home & Wearables,Smart Home & Wearables
"Samsung Galaxy Tab S9 FE+ Plus Android Tablet (12.4” Touchscreen, 8GB RAM, 256GB Storage, 18-hr Long Battery Life, S Pen, 1 Front Camera + 2 Rear Cameras, Lightweight Durable Design) SM-X610, Gray",sonnet_confident,,Phone & Tablet Accessories,Phones & Tablets
"Amazon Basics Fast Charging USB-C to Lightning iPhone Charger Cable, Nylon Braided Cord, MFi Certified Compatible Charger for Apple iPhone 14 13 12 11 X Xs Pro, Pro Max, Plus, iPad, 6 feet, Dark Gray",sonnet_confident,,Cables & Charging,Cables & Charging
"Nitecore NB10000 Gen II (Gen 2) Ultra-Slim Power Bank, 10000mAh QC Quick-Charge USB and USB-C Dual Outputs with Cables for Phones Flashlights and Headlamps (Black), Dual Cable Bundle",sonnet_confident,,Cables & Charging,Cables & Charging
Nintendo Switch AC Adapter,sonnet_confident,,Cables & Charging,Cables & Charging
"AT&T CL4940 Corded Standard Phone with Answering System and Backlit Display, White",sonnet_confident,,Phone & Tablet Accessories,Phones & Tablets
"SKLZ Hurricane Batting Swing Trainer for Baseball & Softball - Durable Swing Arm - 4 Power Band System - High-Visibility, Anti-Dent Target Ball Head - Screw-in Base Legs, Metal Stakes & Carry Bag",sonnet_confident,,Non-Electronics,Non-Electronics
SanDisk 5 Pack Ultra 16GB SD SDHC Memory Flash Card UHS-I Class 10 Read Speed up to 48MB/s 320X SDSDUNB-016G-GN3IN Wholesale Lot + (5 Cases),sonnet_confident,,Storage & Memory Cards,Storage & Memory Cards
"ARCTIC MX-6 (8 g) - Ultimate Performance Thermal Paste for CPU, Consoles, Graphics Cards, laptops, Very high Thermal Conductivity, Long Durability, Non-Conductive",sonnet_confident,,Computers & Laptops,Computers & Laptops
"Baseus Docking Station Dual Monitor, Nomos Win Air(12 in 1) Laptop Dock, 2*4K HDMI, 10Gbps USB Ports, 1Gbps Ethernet, PD 100W(No Power Adapter), USB C Docking Station for Dell/HP/Lenovo/Asus/Acer/Mac",sonnet_confident,,Computers & Laptops,Computers & Laptops
"Ubiquiti Networks Unifi 802.11ac Dual-Radio PRO Access Point (UAP-AC-PRO-US), Single,White",sonnet_confident,,Networking,Networking
"Pyle Premium Direct Injection Audio Box - 2.36"" x 4.09"" Passive DI Unit Hum Eliminator w/ Input Attenuator to Connect Guitar & Bass, 1/4'' Impedance Transformer Connector to Balanced & Unbalanced XLR",sonnet_confident,,Audio,Audio
"Belkin RockStar Lightning to 3.5mm Audio Cable + Audio Charger Splitter, 2-in-1 Aux iPhone Headphone and Charger Adapter - Compatible with iPhone 14, 13, 12, 11, X, and More - White",sonnet_confident,,Cables & Charging,Cables & Charging
Minn Kota i-Pilot Bluetooth Remote,sonnet_confident,,Marine & GPS,Marine & GPS
"Baseus Charging Station 67W, 10-in-1 USB-C PD Fast Charging Desktop Charger with 1200J Surge Protection, 5ft Extension Cord, 6 AC, 3 USBC, 1 USBA Ports for iPhone 16/15, MacBook, Tablet, Desktop",sonnet_confident,,Cables & Charging,Cables & Charging
"SABRENT USB 2.0 to Serial (9 Pin) DB 9 RS 232 Converter Cable, Prolific Chipset, HEXNUTS, [Windows 11/10/8.1/8/7/VISTA/XP, Mac OS X 10.6 and Above] 2.5 Feet (CB-DB9P)",sonnet_confident,,Cables & Charging,Cables & Charging
"Belkin MagSafe-Compatible Magnetic Wireless Car Charger 10W - BoostCharge Pro Wireless Charger, Magnetic Car Vent Phone Mount for iPhone 16, iPhone 15, 14, & 13 Series - Black",sonnet_confident,,Phone & Tablet Accessories,Phone & Tablet Accessories
Insta360 X5 Invisible Dive Case,sonnet_confident,,Bags & Cases,Bags & Cases
"Garmin Instinct 2X Solar - Tactical Edition, Rugged GPS Smartwatch, Built-in Flashlight, Ballistics Calculator, Solar Charging Capability, Black",sonnet_confident,,Smart Home & Wearables,Smart Home & Wearables
"Logitech Rally Bar All-in-One Video Bar for Medium and Large Rooms, Graphite",sonnet_unsure,,Cameras & Photography,Cameras & Photography
"Synology HAT3300 4TB Plus Series SATA HDD 3.5"" (HAT3300-4T)",sonnet_confident,,Storage & Memory Cards,Storage & Memory Cards
"STAEDTLER Noris Jumbo Digital Stylus Pen: No Charging, EMR Palm Rejection, 4.096 Pressure Levels, Hexagonal Shape, Natural Writing and Drawing on Touchscreen Tablet, Laptop, Phone",sonnet_confident,,Phone & Tablet Accessories,Phone & Tablet Accessories
"Amazon Basics PC Power Cord, 15 feet, AC Power Cord for Monitor, Computer, TV, 3 Prong, 18 AWG, 125 Volts, Black",sonnet_confident,,Cables & Charging,Cables & Charging
"Remington CI9538 Pro 1""-1.5"" Pearl Ceramic Conical Curling Wand, Digital Controls + 10 Heat Settings, Black/Pink",sonnet_confident,,Non-Electronics,Non-Electronics
"Sennheiser Consumer Audio HD 660S2 - Wired Audiophile Stereo Headphones with Deep Sub Bass, Optimized Surround, Transducer Airflow, Vented Magnet System and Voice Coil – Black",sonnet_confident,,Audio,Audio
Maxell – Pro 190048 CD-340 Laser Lens Cleaner - Safe & Effective CD Player & Game Station Compact Disc Cleaner - Microfiber Brushes Eliminates Static & Dust - Easy to Use with No Chemicals,sonnet_unsure,,Other,Other
"Scotts Turf Builder EdgeGuard Mini Broadcast Spreader for Seed, Weed and Feed, Fertilizer, Salt, Ice Melt, Push Spreader Holds up to 5,000 sq.ft. Product",sonnet_confident,,Non-Electronics,Non-Electronics
"Brother ADS-3300W Wireless, High-Speed Desktop Scanner | 2.8-inch Touchscreen | Scans Up to 40ppm1",sonnet_confident,,Printers & Ink,Printers & Ink
"Canon Office Products 2198C001 Canon MP11DX-2 Desktop Printing Calculator with Currency Conversion, Clock and Calendar",sonnet_confident,,Office & School Supplies,Office & School Supplies
"Klein Tools 63050 Cable Cutter, Made in USA, Heavy Duty Cutter for Aluminum, Copper, and Communications Cable",sonnet_confident,,Non-Electronics,Non-Electronics
Ubisoft RockSmith Real Tone Cable,sonnet_confident,,Cables & Charging,Cables & Charging
"Zebra Symbol DS2278-SR Wireless 2D/1D Bluetooth Barcode Scanner/Imager, Includes Cradle and Heavy-Duty Shielded 7FT USB Cable (CBA-U21-S07ZAR)",sonnet_confident,,Office & School Supplies,Office & School Supplies
Blackmagic Design ATEM Mini Pro HDMI Live Stream Switcher (SWATEMMINIBPR),sonnet_unsure,,Cameras & Photography,Cameras & Photography
"Arduino UNO R4 WiFi [ABX00087] – Renesas RA4M1 + ESP32-S3, Wi-Fi, Bluetooth, USB-C, CAN, 12-bit DAC, OP AMP, Qwiic Connector, 12x8 LED Matrix for Advanced IoT & Embedded Projects",sonnet_confident,,Computers & Laptops,Computers & Laptops
Fractal Design North XL Charcoal Black TG Dark,sonnet_confident,,Computers & Laptops,Computers & Laptops
"UGREEN Nexode 500W GaN Fast Charging Station - 6 Ports USB-C & USB-A, 240W Single Port, Smart Temperature Control, Space-Saving Design, for Laptops, Phones, and More",sonnet_confident,,Cables & Charging,Cables & Charging
"Uniden UM385BK 25 Watt Fixed Mount Marine VHF Radio, Waterproof, Noaa Weather Alert, All USA/Intl/Canadian Marine Channels",sonnet_confident,,Marine & GPS,Marine & GPS
"AINOPE Printer Cable USB A to USB B Priner Cable High-Speed Nylon Braided USB 2.0 MIDI Cable, Printer Cord to Computer for HP, Canon, Brother, Dell, Epson, Lexmark, Xerox, 6.6ft/Grey",sonnet_confident,,Cables & Charging,Cables & Charging
"MSI Herald-BE WI-FI 7 MAX (Wi-Fi 7, 802.11BE, Bluetooth 5.4, PCIe, Multi-Link Operation Technology, External Antenna)",sonnet_confident,,Networking,Networking
Samsung Galaxy Buds Pro 2 [2022] (SM-R510NZAALTA) - (Gray),sonnet_confident,,Audio,Audio
"PHILIPS Over Ear Open Back Stereo Headphones Wired with Detachable Audio Jack, Studio Monitor Headphones for Recording Podcast DJ Music Piano Guitar (SHP9600)",sonnet_confident,,Audio,Audio
"Apple iPhone 16, US Version, 128GB, Black for T-Mobile (Renewed)",sonnet_confident,,Phone & Tablet Accessories,Phones & Tablets
"Logitech Lift for Mac Wireless Vertical Ergonomic Mouse, Bluetooth, Quiet Clicks, Silent Smartwheel, 4 Customizable Buttons, for macOS/iPadOS/MacBook Pro/Macbook Air/iMac/iPad - Off White",sonnet_confident,,Keyboards & Mice,Keyboards & Mice
"LISEN 2-Pack USB C to Micro USB Cable 3.3FT Nylon Braided, Micro USB Cable PS4 Controller Charger, 2.4A Charging&480Mbps Data Transmission, for Type C Wall Chargers/PS4/Xbox One/Old Kindle/Android",sonnet_confident,,Cables & Charging,Cables & Charging
"Intermatic T104 24-Hour Mechanical Timer Switch - 208–277 VAC, DPST, Indoor Metal Enclosure, Heavy-Duty, Manual Override, 40 Amp - Ideal for Lights, Pumps, Fans, and HVAC Systems",sonnet_confident,,Power Strips & Surge Protectors,Power Strips & Surge Protectors
TP-Link AC1200 Wireless Gigabit Access Point Desktop Wi-Fi Bridge MU-MIMO & Beamforming Supports Multi-SSID/Client/Range Extender Mode 4 Fixed Antennas Passive PoE Powered (TL-WA1201),sonnet_confident,,Networking,Networking
"Cardo 45mm Audio Set, Works with Most Helmet Communicators (Single Pack)",sonnet_confident,,Audio,Audio
"FEELWORLD 4K10X PTZ Camera 4K Resolution 10X USB HDMI for Video Conference Rooms Live Streaming Church Worship and Event with Zoom YouTube Teams OBS, AI Tracking Auto Focus POE Supported",sonnet_confident,,Cameras & Photography,Cameras & Photography
"Dell 24 All-in-One Desktop ec24250-23.8-inch FHD Touch Display, Intel Core 5 Processor 120U, Intel Graphics, 16GB DDR5 RAM, 512GB SSD, Windows 11 Home, Onsite Service+6 Months Retail Migrate - White",sonnet_confident,,Computers & Laptops,Computers & Laptops
"Garmin Dash Cam 67W, 1440p and extra-wide 180-degree FOV, Monitor Your Vehicle While Away w/ New Connected Features, Voice Control, Compact and Discreet, Includes Memory Card - 010-02505-05",sonnet_confident,,Car Electronics,Car Electronics
"Polk Audio PSW10 10"" Powered Subwoofer – Power Port Technology, Up to 100 Watts, Big Bass in Compact Design, Easy Setup with Home Theater Systems, Timbre-Matched with Monitor & T-Series Polk Speakers",sonnet_confident,,Audio,Audio
"Square D HEPD80 Universal Whole House Surge Protection Device, 1-Phase, 3-Wire for 120/240V, 80kA",sonnet_confident,,Power Strips & Surge Protectors,Power Strips & Surge Protectors
"URBAN ARMOR GEAR UAG Designed for Microsoft Surface Pro 11/10/9 Case with Built-in Kickstand Hand & Shoulder Strap Pen Holder Compatible with Type Cover Keyboard Rugged Protective Cover, Plasma Ice",sonnet_confident,,Phone & Tablet Accessories,Phone & Tablet Accessories
"Fellowes 72112 Desktop Organizer, 11 Sections, Wire, 9"" x 11-3/8"" x 8"", Black",sonnet_confident,,Office & School Supplies,Non-Electronics
"Samsung Galaxy Watch Ultra (2025) 47mm LTE Smartwatch, Titanium Casing, Advanced Sleep Coaching, Running Coach, Energy Score, Heart Rate Tracking, GPS, Titanium Silver [US Version, 2 Yr Warranty]",sonnet_confident,,Smart Home & Wearables,Smart Home & Wearables
"Avery Printable Heat Transfer Paper for Dark Fabrics, 8.5"" x 11"", Inkjet Printer Compatible, 5 Sheets of Iron On Transfer Paper, Great for Custom Shirts, Uniforms, Gifts, and More (3279)",sonnet_unsure,,Printers & Ink,Printers & Ink
SAMSUNG Galaxy Buds Pro 3 R630 (Renewed),sonnet_confident,,Audio,Audio
"Tamron 28-200 F/2.8-5.6 Di III RXD for Sony Mirrorless Full Frame/APS-C E-Mount, Model Number: AFA071S700, Black",sonnet_confident,,Cameras & Photography,Cameras & Photography
"Woods E103 E-103 Wheel, Holds Up to 150 16/3 Extension 125 Feet of 14/3 Gauge Cord, Holiday, Rope, Hose Reel Storage and Light Wire, Heavy Duty Plastic, red and black",sonnet_unsure,,Non-Electronics,Non-Electronics
"Mighty Mule Wireless Digital Keypad (FM137), Black, 25",sonnet_confident,,Smart Home & Wearables,Smart Home & Wearables
"SENNHEISER In- Ear Audio Monitor, Clear, Wired (508941)",sonnet_confident,,Audio,Audio
"JLab Go Work Wireless Headsets with Microphone, 45+ Playtime PC Bluetooth Headset and Multipoint Connect to Laptop Computer and Mobile, Wired or Wireless Headphones (1 Pack)",sonnet_confident,,Audio,Audio
"Amazon Basics Micro HDMI to HDMI Display Cable, 18Gbps High-Speed, 4K@60Hz, 2160p, 48-Bit Color, Ethernet Ready, 6 Foot, Black",sonnet_confident,,Cables & Charging,Cables & Charging
"Pendaflex Heavy Duty Expanding File with Extra-Thick Cover, Tyvek Reinforced Edges, 21 Pockets, A–Z Tabs, Elastic Cord Closure, Letter Size (R117ALHD),Brown",sonnet_confident,,Office & School Supplies,Non-Electronics
Thrustmaster T-Flight Hotas X (Compatible with PC),sonnet_confident,,Gaming,Gaming
Ubiquiti Networks 2 Pack NBE-5AC-GEN2 NanoBeam ac Gen2 airMAX ac CPE with Dedicated Management Radio,sonnet_confident,,Networking,Networking
TP-Link Litewave 5 Port Gigabit Ethernet Switch | Desktop Ethernet Splitter | Unshielded Network Switch | Plug & Play | Fanless Quiet | Unmanaged (LS1005G),sonnet_confident,,Networking,Networking
"Samsung 32-Inch Class QLED Q8F 4K UHD Smart TV (2025 Model) Q4 AI Processor, 100% Color Volume with Quantum Dot, AirSlim Design, Endless Free Content, Samsung Vision AI, Alexa Built-in",sonnet_confident,,TV & Home Entertainment,TV & Home Entertainment
"Samsung Galaxy Tab Active4 Pro 10.1” 64GB Wi-Fi Android Work Tablet, LTE Unlocked, 4GB RAM, Rugged Design, Sensitive Touchscreen, Long-Battery Life-for Workers, SM-T630NZKAN20, Black",sonnet_confident,,Phone & Tablet Accessories,Phones & Tablets
"Shure by Gator Premium Low-Profile Desktop Mic Boom Stand; Fully Adjustable for Podcast, Streaming, and Home Office Setups (SH-BROADCAST2)",sonnet_confident,,Audio,Audio
"SAMSUNG Galaxy Tab Active5 Wi-Fi 8” 128GB Android Tablet for Industrial, Field Work, Advanced Security, Rugged Design, US Version, 2024, SM-X300NZGAN20, Black Green",sonnet_confident,,Phone & Tablet Accessories,Phones & Tablets
SanDisk 1TB Ultra Dual Drive Luxe USB Type-C - Up to 400MB/s - SDDDC4-1T00-GAM46,sonnet_confident,,Storage & Memory Cards,Storage & Memory Cards
"Hisense PX3-PRO Ultra Short Throw Triple Laser Projector, 4K UHD, 80” – 150”, 3,000 Lumens, 3000:1 Contrast, Dolby Vision & Atmos, IMAX Enhanced, 240 High Refresh Rate, Google TV, Designed for Xbox",sonnet_confident,,TV & Home Entertainment,TV & Home Entertainment
"Amazon Basics 12W (5V, 2.4A) Fast Charging Car Charger with Coiled Lightning Cable for iPhone, iPad and Apple Devices, 1.5 ft - Black",sonnet_confident,,Cables & Charging,Car Electronics
"Burt's Bees Back To School Dorm Essentials, Cucumber & Mint Face Wipes, for All Skin Types, Refreshing Makeup Remover & Facial Cleansing Towelettes, 30 Ct. (3-Pack)",sonnet_confident,,Non-Electronics,Non-Electronics
"DJI Osmo Action Mini Extension Rod, Compatible with Osmo Action 5 Pro, Osmo Action 4, Osmo Action 3",sonnet_confident,,Cameras & Photography,Cameras & Photography
"Streamlight 61125 ClipMate 70-Lumen USB Rechargeable Clip-On Light, with White and Red LEDs, Black",sonnet_unsure,,Other,Other
"Belkin USB C to USB C Cable ​2-Pack, 6.6ft, 240W - Type C Charger, iPhone Charger Cord, Soft, Braided, Flexible for iPhone 16, Galaxy S25, Pixel 9, MacBook, Chromebook, iPad Pro, Switch – Black",sonnet_confident,,Cables & Charging,Cables & Charging
Logitech MX Ergo Plus Advanced Wireless Trackball for PC and MAC with Extra 10° Wedge,sonnet_confident,,Keyboards & Mice,Keyboards & Mice
"Samsung 50-Inch Class The Frame LS03F 4K QLED Smart TV (2025 Model) Modern Frame Design, NQ4 AI Gen2 Processor, Art Mode, Artful Picture Quality, Samsung Vision AI, Alexa Built-in",sonnet_confident,,TV & Home Entertainment,TV & Home Entertainment
ARCTIC Case Fan Hub - 10-fold PWM Fan Distributor with SATA Power - Black,sonnet_confident,,Computers & Laptops,Computers & Laptops
Texas Instruments TI- 84Plus CE Teacher's 10 Pack Graphing Calculator,sonnet_confident,,Office & School Supplies,Office & School Supplies
SanDisk 8GB Cruzer Blade USB 2.0 Flash Memory Drive SDCZ50-008G (10 Pack),sonnet_confident,,Storage & Memory Cards,Storage & Memory Cards
Canon Wireless Remote Control BR-E1,sonnet_confident,,Cameras & Photography,Cameras & Photography
"Motorola Solutions, Portable FRS, T210, Talkabout, Two-Way Radios, Rechargeable, 22 Channel, 20 Mile, Black W/Red, 2 Pack",sonnet_confident,,Audio,Audio
"Apple iPhone 16e, 128GB, eSIM, Black- Unlocked (Renewed Premium)",sonnet_confident,,Phone & Tablet Accessories,Phones & Tablets
"Logitech H570e Wired Headset, Mono Headphones with Noise-Cancelling Microphone, USB, In-Line Controls with Mute Button, Indicator LED, PC/Mac/Laptop - Black",sonnet_confident,,Audio,Audio
"Garmin Approach CT10, Full Set, Automatic Club Tracking System, 14 Sensors, White, 010-01994-00",sonnet_unsure,,Other,Other
"Sennheiser Consumer Audio IE 200 In-Ear Audiophile Headphones - TrueResponse Transducers for Neutral Sound, Impactful Bass, Detachable Braided Cable with Flexible Ear Hooks - Black",sonnet_confident,,Audio,Audio
"ZAGG Glass+ Samsung Galaxy S25 Ultra Screen Protector – Extreme Impact & Shatter Protection, Scratch-Resistant, Smudge-Resistant, Fingerprint Scanner Compatible, InvisibleShield, Easy Installation",sonnet_confident,,Phone & Tablet Accessories,Phone & Tablet Accessories
OnePlus 10 Pro | 5G Android Smartphone | 8GB+128GB | U.S. Unlocked | Triple Camera co-Developed with Hasselblad | Volcanic Black,sonnet_confident,,Phone & Tablet Accessories,Phones & Tablets
"VIZIO 40-inch Full HD 1080p Smart TV with DTS Virtual: X, Alexa Compatibility, Chromecast Built-in, Bluetooth Headphone Capable (Renewed)",sonnet_confident,,TV & Home Entertainment,TV & Home Entertainment
Verbatim CD-R 700MB 52X White Inkjet Hub Printable Recordable Media Disc - 100pk Spindle,sonnet_confident,,Storage & Memory Cards,Storage & Memory Cards
"SanDisk 256GB Phone Drive for iPhone - Works with iPhone 15 and Newer (USB-C Connector) and iPhone 14 and Older (Lightning Connector), Metallic Sky - SDIXD0N-256G-GN6NE",sonnet_confident,,Storage & Memory Cards,Storage & Memory Cards
"Southwire X-treme Power Distribution Box, Temporary Power Box, 50-Amp, 125/250V, GFCI 6506UGSX",sonnet_confident,,Power Strips & Surge Protectors,Power Strips & Surge Protectors
Seasonic Focus V4 GX-850 (ATX3) - 850W - 80+ Gold - ATX 3.0 & PCIe 5.1 Ready -Full-Modular -ATX Form Factor - Premium Japanese Capacitor -10 Year Warranty -Nvidia RTX 30/40 Super & AMD GPU Compatible,sonnet_confident,,Computers & Laptops,Computers & Laptops
Insta360 Heavy Duty Clamp for ONE and Ace Series Action Cameras,sonnet_confident,,Cameras & Photography,Cameras & Photography
"Dell 27 All-in-One Desktop ec27250-27-inch FHD (1920 x 1080) Display, Intel Core 5 Processor 120U, Intel Graphics, 16GB DDR5 RAM, 512GB SSD, Windows 11 Home, Onsite Service - White",sonnet_confident,,Computers & Laptops,Computers & Laptops
"Celestron 22452 StarSense Explore LT114AZ Newtonian Reflector Telescope with Smartphone App-Enabled Technology - Includes Two Eyepieces, 2X Barlow Lens, Phone Dock and Height-Adjustable Tripod, Black",sonnet_confident,,Optics,Optics
BATTRY ALKLN DURA AA CD8,sonnet_confident,,Batteries,Batteries
"Pioneer DMH-W2770NEX 6.8"" Capacitive Touchscreen, Double Din – Wireless & Wired Apple CarPlay & Android Auto, Bluetooth, Backup Camera, FLAC, Short Chassis, HD Radio",sonnet_confident,,Car Electronics,Car Electronics
SAMSUNG Galaxy Buds Pro 2 [2022] (SM-R510NLVALTA) - (Violet),sonnet_confident,,Audio,Audio
"Canon EOS R5 Mirrorless Camera (Body Only), Full-Frame Hybrid Camera, 8K Video, 45 Megapixel CMOS Sensor, DIGIC X Image Processor, Up to 12 FPS, RF Mount, Black",sonnet_confident,,Cameras & Photography,Cameras & Photography
"Leviton T5636-W 60W (6A) USB Dual Type-C/C Power Delivery in-Wall Charger with 15A Tamper-Resistant Outlet, USB Charger for Smartphones, Tablets, Laptops, White",sonnet_confident,,Power Strips & Surge Protectors,Power Strips & Surge Protectors
Microsoft Type Cover for Surface Pro - Black (Renewed),sonnet_confident,,Phone & Tablet Accessories,Phone & Tablet Accessories
"Samsung 65-Inch Class Neo QLED QN70F 4K Mini LED Smart TV (2025 Model) NQ4 AI Gen2 Processor, Quantum Matrix Technology Slim, Motion Xcelerator 144Hz, Samsung Vision AI, Alexa Built-in",sonnet_confident,,TV & Home Entertainment,TV & Home Entertainment
"Belkin USB C Charger Block 45W - PD3.1 PPS Super Fast Charging - Samsung Galaxy S25, S24, S23, S22, Apple iPhone 16, iPhone 15/14/13 Plus, Pro, Pro Max, Google Pixel 9, Nintendo Switch, etc - Black",sonnet_confident,,Cables & Charging,Cables & Charging
"Westinghouse 24-inch Smart TV, HD Xumo TV with Voice Remote, Flat Screen LED Television w/Apple HomeKit, Wi-Fi & Mobile Connectivity",sonnet_confident,,TV & Home Entertainment,TV & Home Entertainment
LIAN LI O11D MINI V2 | Compact ATX Mid-Tower Airflow Computer Case | Panoramic View | Fully Ventilated Airflow | Adjustable I/O | Pillar-Less | Cable Management | Black (O11DMIV2X),sonnet_confident,,Computers & Laptops,Computers & Laptops
"Samsung 2024 Galaxy Tab A9+ 11” 128GB 5G | Android 13 WiFi Touchscreen International | Big Screen, Quad Speakers, Slim | Tablet Bundle - Hard Back Trifold Stand Case + 64GB SD Card (Grey) | MdTec",sonnet_confident,,Phone & Tablet Accessories,Phone & Tablet Accessories
"Lenovo Laptop Charger 45W Watt USB Type C(USB-C) AC Power Adapter - Chromebook Duet 3 (11"""")，Yoga 6 (13"""" AMD) 2 in 1，100e (2nd Gen) (11.6"""") Laptop, black, ADLX45YCC3G",sonnet_confident,,Cables & Charging,Cables & Charging
"Fellowes Laminator Venus 2 125, Rapid 30-60 Second Warm-up Laminating Machine, with Laminating Pouches Kit (5734801), Black, Silver, 5.1"" x 21.3"" x 8.2""",sonnet_confident,,Office & School Supplies,Office & School Supplies
"Anker Nano Charging Station(100W Max), 7-in-1 USB C Power Strip for iPhone 16/15/14 and MacBook Air/Pro, 5ft Thin Cord,3AC, 2USB A,2USB C,Power Delivery Desktop Accessory for Home&Office(Black)",sonnet_unsure,,Cables & Charging,Cables & Charging
"ESR for iPad Pro 12.9 Case (6th/5th Generation, 2022/2021), Removable Magnetic Cover, Adjustable Portrait/Landscape Stand with Raised Display View, 9 Standing Angles, Shift Series, Black",sonnet_confident,,Phone & Tablet Accessories,Phone & Tablet Accessories
"Corsair Dual SSD Mounting Bracket (3.5” Internal Drive Bay to 2.5"", Easy Installation) Black",sonnet_confident,,Computers & Laptops,Computers & Laptops
"Amazon Basics Mini DisplayPort to DisplayPort Display Cable, 4Kx2K, Gold-Plated Plugs, 6 Foot, Black",sonnet_confident,,Cables & Charging,Cables & Charging
TP-Link Smart Door/Window Sensor Tapo T110,sonnet_confident,,Smart Home & Wearables,Smart Home & Wearables
Quad Lock Universal Adaptor for Smartphones,sonnet_confident,,Phone & Tablet Accessories,Phone & Tablet Accessories
"Motorola Moto Watch 120 - Premium Bluetooth Smartwatch with AMOLED Display, 10-Day Battery, Heart Rate & SpO2 Tracking, Fitness & Health Monitoring, Compatible with Android and iPhone - Phantom Black",sonnet_confident,,Smart Home & Wearables,Smart Home & Wearables
Zebra DS9308 1D 2D Presentation Barcode Scanner Omni Directional QR Black Image Reader for Screen and Printed Bar Code Scan (DS9308-SR4U2100AZY),sonnet_confident,,Office & School Supplies,Office & School Supplies
"VIVO Waterproof 500ft Bulk Cat5e Wire, CCA Ethernet Cable, UTP Pull Box, Outdoor Direct Burial, Black, CABLE-V011",sonnet_confident,,Networking,Networking
"OnePlus Watch 3 Obsidian Titantium, 32GB, 120-Hour Battery, Health & Fitness Tracking, Sapphire Crystal Design, Titanium Bezel, Dual-Engine, Wear-OS by Google",sonnet_confident,,Smart Home & Wearables,Smart Home & Wearables
"DEWALT Heavy Duty USB A to Lightning Cable [Apple MFi Certified] Durable iPhone Charger, Lightning Cables, Fast Charging iPhone Charger Cord Compatible w/iPhones 14/13/12/11 Pro Max iPad AirPods, 6FT",sonnet_confident,,Cables & Charging,Cables & Charging
"Apple iPhone 16 Pro Max, US Version, 512GB, Black Titanium - Unlocked (Renewed)",sonnet_confident,,Phone & Tablet Accessories,Phones & Tablets
"UGREEN HDMI Switch 3 in 1 Out 4K@60Hz, HDMI Splitter with Remote Supports HDR10+ CEC HDCP2.2 Compatible with Nintendo Switch PS5/4/3 Xbox Roku TV Fire Stick Blu-Ray Player",sonnet_unsure,,Other,Other
"Garmin eLog, Compliant Electronic Logging Device (ELD), No-Subscription Fees, FMCSA Compliant, Supports 9-pin J1939 and 6-pin J1708 Diagnostic Ports (010-01876-00)",sonnet_unsure,,Car Electronics,Car Electronics
Fellowes Mfg Co. 5015401 Powershred LX220 20 Manual Sheet Capacity Micro-Cut Shredder - Black,sonnet_confident,,Office & School Supplies,Office & School Supplies
"Zebra DS2278 Series Cordless Handheld Standard Range Area Imager Kit with Presentation Cradle and USB Kit, Black (DS2278-SR7U2100PRW)",sonnet_confident,,Office & School Supplies,Office & School Supplies
"ASUS ZenDrive V1M External DVD Drive and Writer with Built-in Cable-Storage Design, USB-C Interface, Compatible with Win 11 and macOS, M-DISC Support (SDRW-08V1M-U)",sonnet_confident,,Storage & Memory Cards,Storage & Memory Cards
"Shure by Gator Round Base Desktop Mic Stand with Standard Height-Adjustable Twist Clutch and 6"" Base; (SH-DESKTOP1)",sonnet_confident,,Audio,Audio
"Garmin GPSMAP 65s, Button-Operated Handheld with Altimeter and Compass, Expanded Satellite Support and Multi-Band Technology, 2.6"" Color Display",sonnet_confident,,Marine & GPS,Marine & GPS
SanDisk Flash 16 GB SDHC Flash Memory Card SDSDB-016G (Label May Change),sonnet_confident,,Storage & Memory Cards,Storage & Memory Cards
"Humminbird XPLORE 9 GPS Fish Finder with Transducer, MEGA Side Imaging+ & HD Touchscreen Display",sonnet_confident,,Marine & GPS,Marine & GPS
4PCS Breadboards Kit Include 2PCS 830 Point 2PCS 400 Point Solderless Breadboards for Proto Shield Distribution Connecting Blocks,sonnet_unsure,,Computers & Laptops,Computers & Laptops
"SABRE 110dB Door Handle Alarm, Extremely Loud Wireless Alarm Audible Up To 680 Ft Away, Hangs Off Door Knob or Handle, Vibration-Triggered Home Security Alarm, 3 Adjustable Settings, Great for Travel",sonnet_unsure,,Smart Home & Wearables,Smart Home & Wearables
"Lutron Claro 2 Gang Decorator/Rocker Wallplate, For Light Dimmers, Switches and Accessories, Snap-On Installation, No Visible Screws, Satin, SC-2-SW, Snow",sonnet_confident,,Power Strips & Surge Protectors,Power Strips & Surge Protectors
"DJI Osmo Pocket 3 Creator Combo Vlogging Camera with 1'' CMOS, 4K/120fps Video, 3-Axis Stabilization, Face/Object Tracking, Fast Focus, Mic 2 Included Bundle with Deco Gear Case &2 Lapel Microphones",sonnet_confident,,Cameras & Photography,Cameras & Photography
SAMSUNG Official Galaxy Watch Fast Wireless Charger (USB-C) - Black (EP-OR900BBEGWW),sonnet_confident,,Cables & Charging,Cables & Charging
"Belkin USB C to USB C Cable, 6.6ft, 100W - Type C Charger, iPhone Charger Cord, Braided, Flexible for iPhone 16, Galaxy S25, Pixel 9, AirPods, iPad Pro, Tablet, Nintendo Switch 2 & More - Black",sonnet_confident,,Cables & Charging,Cables & Charging
"Creative Pebble V3 Minimalistic 2.0 USB-C Desktop Speakers with USB Audio, Clear Dialog Enhancement, Bluetooth 5.0, 8W RMS with 16W Peak Power, USB-A Converter Included (White)",sonnet_confident,,Audio,Audio
Microsoft Windows 11 (USB),sonnet_unsure,,Storage & Memory Cards,Storage & Memory Cards
"TP-Link AX6000 WiFi 6 Router(Archer AX6000) -802.11ax Wireless 8-Stream Gaming Router, 2.5G WAN, 8 Gigabit LAN Ports, MU-MIMO, 1.8GHz Quad-Core CPU",sonnet_confident,,Networking,Networking
Sony VHS/DVD Combo Player (Renewed),sonnet_confident,,TV & Home Entertainment,TV & Home Entertainment
"iHome 2-Port USB Wall Charger, AC Pro Multiport Plug Adapter, Phone Charging Block with Dual Ports, Flat Wall Adapter for Home & Travel",sonnet_confident,,Cables & Charging,Cables & Charging
"Casio HR-200RC – Desktop Printing Calculator with Dual-Color Print & 150-Step Check | Cost/Sell/Margin, Tax & Calendar | New Version of HR-150TM | Ideal for Accounting & Retail",sonnet_confident,,Office & School Supplies,Office & School Supplies
"JBL Professional All-in- 1 Personal System with Bluetooth, XLR, Black, Rechargeable Portable PA (EON ONE Compact)",sonnet_confident,,Audio,Audio
Insta360 X5 Utility Fast Charge Case,sonnet_confident,,Cameras & Photography,Cameras & Photography
"Creative Pebble Plus 2.1 USB-Powered Desktop Speakers with Powerful Down-Firing Subwoofer and Far-Field Drivers, Up to 8W RMS Total Power for Computer PCs and Laptops (Black)",sonnet_confident,,Audio,Audio
Insta360 Mini Remote,sonnet_confident,,Cameras & Photography,Cameras & Photography
JLab JBuds Frames Wireless Open-Ear Audio for Your Glasses | 8-hour Bluetooth Playtime,sonnet_confident,,Audio,Audio
Logitech Rally Plus Video Video Conference Equipment,sonnet_unsure,,Audio,Cameras & Photography
"Anne Klein Fashion Chain Bracelet for Apple Watch, Secure, Adjustable, Apple Watch Replacement Band, Fits Most Wrists",sonnet_confident,,Smart Home & Wearables,Smart Home & Wearables
"Logitech H570e Wired Headset, Stereo Headphones with Noise-Cancelling Microphone, USB, In-Line Controls with Mute Button, Indicator LED, PC/Mac/Laptop - Black",sonnet_confident,,Audio,Audio
"UGREEN FineTrack Slim Smart Finder Compatible with Apple Find My (iOS Only), 1.7mm Ultra-Slim Wallet Finder, IP68 Waterproof Rechargeable Bluetooth Tracker Card for Wallet, Key, Luggage Tags",sonnet_confident,,Phone & Tablet Accessories,Phone & Tablet Accessories
NZXT F360 RGB Core - 360mm Single-Frame Fan Unit with 3 x 120mm RGB Fans - Speed & Lighting Control - High Static Pressure & Airflow - Fluid Dynamic Bearings - 8 aRGB LEDs Per Fan - Black,sonnet_confident,,Computers & Laptops,Computers & Laptops
"Uniden PRO505XL 40-Channel CB Radio. Pro-Series, Compact Design. Public Address (PA) Function. Instant Emergency Channel 9, External Speaker Jack, Large Easy to Read Display. - Black",sonnet_confident,,Audio,Audio
"Belkin Charging Station For Laptops with Surge Protector - 10 Device USB Charging Dock for Tablets, Laptops, Chromebooks – Cable Management for Classrooms, Offices, Tech Labs, Shared Spaces, & More",sonnet_confident,,Cables & Charging,Cables & Charging
SimpliSafe Wireless Keypad - Touch-to-Wake Technology - Compatible with The Home Security System - Latest Gen,sonnet_confident,,Smart Home & Wearables,Smart Home & Wearables
"Samsung Galaxy Tab S9 | S9 FE | S10 FE, FE Book Cover Keyboard Slim - AI Key for Galaxy Tab S10 FE, Detachable Platform, PC-Like Experience, Wireless Keyboard Sharing",sonnet_confident,,Phone & Tablet Accessories,Phone & Tablet Accessories
"LG 55-Inch Class OLED B4 Series Smart TV 4K Processor Flat Screen with Magic Remote AI-Powered with Alexa Built-in (OLED55B4PUA, 2024)",sonnet_confident,,TV & Home Entertainment,TV & Home Entertainment
"SanDisk 256GB Phone Drive for Android - The 2-in-1 USB for Smartphones, Tablets, and Computers - Thumb Drive with USB Type-C and Type-A Connectors - SDDDC6-256G-G46",sonnet_confident,,Storage & Memory Cards,Storage & Memory Cards
SCUF ENVISION PRO Wireless V1 (2023) PC Gaming Controller - Five Remappable G-Keys - Remappable Back Paddles - Instant Triggers - iCUE Compatible - Steel Grey,sonnet_confident,,Gaming,Gaming
"Insta360 Ace Pro 2/Insta360 Ace Pro Xplorer Grip Kit, Slate Gray",sonnet_confident,,Cameras & Photography,Cameras & Photography
"Belkin 45W Dual USB C Charger Block, Super Fast Charging PD3.0 w/ GaN Technology - Samsung Galaxy S25, Apple iPhone 16, 15, 14, 13, Pro, Pro Max, iPad, MacBook, Nintendo Switch 2 & More - White",sonnet_confident,,Cables & Charging,Cables & Charging
"Taramps HD 3000 1 Ohm Black 1 Channel Amplifier 3000 Watts RMS MAX, Mosfet Digital Full Range Crossover, Low/High Pass, Bass Boost, Car Audio System, Monoblock 3k, LED Monitor Indicator, Class D",sonnet_confident,,Audio,Car Electronics
Casio MH-10M Desktop Calculator – Large 10-Digit Display | Cost/Sell/Margin & Tax Functions | Ideal for Home & Office Use,sonnet_confident,,Office & School Supplies,Office & School Supplies
"weBoost Drive Sleek - Model 470135 - Portable Signal Booster for Cars, SUVs, Trucks & Vans - 5G & 4G LTE Cellular Signal Booster for All US Carriers - Includes Booster & Antennas - FCC-Approved",sonnet_confident,,Car Electronics,Car Electronics
"Xiaomi Mi Computer Monitor Light Bar - Easy Installation, Extra Computer Lighting w/o Taking Desktop Space, w/Wireless Remote Control Adjusting Lights Easily",sonnet_unsure,,Monitors & Displays,Monitors & Displays
"Brother Genuine P-Touch TZe White Print on Black Label Tape (TZe335), Laminated,1/2in x 26.2ft (12mm x 8m), for Select P-Touch Label Makers, Durable, Water-Resistant, Indoor/Outdoor Use",sonnet_confident,,Office & School Supplies,Office & School Supplies
"Logitech Rally Bar Mini All-in-One Video Bar for Small to Medium Rooms, Graphite",sonnet_unsure,,Cameras & Photography,Cameras & Photography
Shure by Gator Deluxe Articulating Desktop Podcasting Mic Boom Arm with Cable Management Channel; (SH-BROADCAST1),sonnet_confident,,Audio,Audio
"Lutron Claro Light Switch Cover Plate, 1 Gang Wallplate, for Decorator Light Switches, Rocker Light Switch Cover, Outlet Cover, Screwless Switch Plate Cover, Satin, SC-1-SW, Snow",sonnet_unsure,,Power Strips & Surge Protectors,Power Strips & Surge Protectors
"SAMSUNG Galaxy Tab A9 (64GB, 4GB, Wi-Fi Only) 8.7"" Android Tablet, All Day Battery, Octa-core (6nm), Dual Speakers, International Model - X110 (256GB SD Bundle, Graphite)",sonnet_confident,,Phone & Tablet Accessories,Phones & Tablets
"Fitbit Charge 6 Charging Cable, Official Product, Black",sonnet_confident,,Cables & Charging,Cables & Charging
DJI Mic 2 Camera Adapter,sonnet_confident,,Audio,Audio
Creative Labs Sound Blaster Play! 3 External USB Sound Adapter for Windows and Mac. Plug and Play (No Drivers Required). Upgrade to 24-Bit 96Khz Playback,sonnet_confident,,Audio,Audio
"Belkin USB C Charger Block 25W (2 Pack) – PD3.0 PPS Super Fast Charging - Samsung Galaxy S25, S24, Apple iPhone 16, iPhone 15/14/13 Plus, Pro, Pro Max, Google Pixel 9, Nintendo Switch, etc - Black",sonnet_confident,,Cables & Charging,Cables & Charging
"DJI Osmo Action Diving Accessory Kit, Compatibility: Osmo Action 3, Osmo Action 4, Osmo Action 5 Pro",sonnet_confident,,Cameras & Photography,Cameras & Photography
"Belkin 3-Port USB C Charger Block 67W - PPS, USB-C PD3.1 Super Fast Charging Charger - Samsung Galaxy S25, Apple iPhone 16, MacBook Pro, AirPods, Nintendo Switch 2 & Other PD Enabled Devices - White",sonnet_confident,,Cables & Charging,Cables & Charging
"Belkin USB A to USB C Cable, 6.6ft, 15W - Type C Charger, iPhone Charger Cord for iPhone 16 & 15, Galaxy S25, Pixel 9, iPad Pro, Airpods Pro, Switch, CarPlay & More - Black",sonnet_confident,,Cables & Charging,Cables & Charging
Sony PS5 multimedia remote control,sonnet_unsure,,TV & Home Entertainment,TV & Home Entertainment
"Anker USB C Hub Adapter, 5-in-1 USB C Adapter with 4K HDMI, Ethernet Port, 3 3.0 Ports, for MacBook Pro, iPad Pro, XPS, Pixelbook, and More",sonnet_confident,,Cables & Charging,Cables & Charging
FIIO K11 Compact Desktop R2R Architecture DAC and Headphone Amplifier (Black),sonnet_confident,,Audio,Audio
"Lenovo Tab K11 TB330XU Tablet - 11"" WUXGA - MediaTek MT6769H Helio G88 (12 nm) Octa-core - 8 GB - 128 GB Storage - Android 13-4G - Luna Gray",sonnet_confident,,Phone & Tablet Accessories,Phones & Tablets
"GIGABYTE - M27Q Advanced (US) - 27"" SS IPS Gaming Monitor - QHD 2560x1440-180Hz - 1ms MPRT - AMD FreeSync - Type C KVM - HDMI, DP, Type C - Height Adjustable - Black",sonnet_confident,,Monitors & Displays,Monitors & Displays
"Marshall Monitor III A.N.C. Over-Ear Bluetooth Headphones - Active Noise Cancelling with Microphone | 100+ Hrs Wireless Playtime | Lightweight, Foldable Design for Travel - Black",sonnet_confident,,Audio,Audio
Pentel EnerGel Deluxe RTX Retractable Gel Pens,sonnet_confident,,Office & School Supplies,Non-Electronics
"Incase Dots Hardshell with Makrolon® - MacBook Air 13 inch Case - 2025, 2024, 2023, 2022, M4, M3, M2 - MacBook Case, Laptop Cover, Protective Hard Shell, Scratch Resistant, Lightweight - Black",sonnet_confident,,Bags & Cases,Bags & Cases
"Incase Dots Hardshell with Makrolon® - MacBook Pro 14 inch Case - 2024, 2023, 2022, 2021, M4, M3, M2, M1 - MacBook Case, Laptop Cover, Protective Hard Shell, Scratch Resistant, Lightweight - Clear",sonnet_confident,,Bags & Cases,Bags & Cases
"ASUS ROG Strix SCAR 18 (2025) Gaming Laptop, 18” ROG Nebula HDR 16:10 2.5K 240Hz/3ms, NVIDIA GeForce RTX 5090, Intel Core Ultra 9 275HX, 32GB DDR5, 2TB PCIe Gen 4 SSD, Wi-Fi 7, Win 11 Pro, G835LX-XS97",sonnet_confident,,Computers & Laptops,Computers & Laptops
"Tripp Lite Heavy Duty Computer Power Cord, 15A, 14AWG (NEMA 5-15P to IEC-320-C13), 10-ft. (P007-010) , Black",sonnet_confident,,Cables & Charging,Cables & Charging
UGREEN USB 3.0 Switch Selector 2 Computers Share 4 USB Ports USB Switcher USB for PC Laptop Keyboard Mouse Printer Scanner One Button Switch Adapter with 2 Pack USB 3.0 Cables,sonnet_unsure,,Cables & Charging,Cables & Charging
Sony MDR-M1 Professional Reference Closed Monitor Headphones,sonnet_confident,,Audio,Audio
"ASUS ZenWiFi XT9 AX7800 Tri-Band WiFi6 Mesh WiFiSystem (2Pack), 802.11ax, up to 5700 sq ft & 6+ Rooms, AiMesh, Lifetime Free Internet Security, Parental Controls, 2.5G WAN Port, UNII 4, Charcoal",sonnet_confident,,Networking,Networking
"AT&T ML17939 2-Line Corded Telephone with Digital Answering System and Caller ID/Call Waiting, Black/Silver",sonnet_confident,,Phone & Tablet Accessories,Phones & Tablets
"NEEWER HB80C RGBWW LED Video Light with Built-in 72Wh Battery & 100W PD Fast Charging, 80W Mini RGB COB Continuous Output Lighting Bowens Mount Handheld Spotlight 2500K-7500K, 10400lux/m, 18 Effects",sonnet_confident,,Cameras & Photography,Cameras & Photography
Xiaomi Smart Band 9 Active Global Version 1.47'' Display 18-Day Battery Life Modes All-Day Health and Fitness Monitoring 5ATM (Black),sonnet_confident,,Smart Home & Wearables,Smart Home & Wearables
Logitech Wireless Desktop MK710 Keyboard & Pointing Device Kit - USB Wireless Keyboard - USB Wireless Mouse,sonnet_confident,,Keyboards & Mice,Keyboards & Mice
"Logitech C930e 1080P HD Video Webcam - 90-Degree Extended View, Microsoft Lync 2013 and Skype Certified - Black",sonnet_confident,,Cameras & Photography,Cameras & Photography
"Learning Resources Patterned Hand Pointers - 3 Pieces, Ages 3+ Classroom Pointer for Kids, Reading Pointers for Kids, Homeschool and Classroom Supplies",sonnet_confident,,Non-Electronics,Non-Electronics
"Amazon Basics Photographic Empty Sandbag for Light Stands, 4-Pack, Black",sonnet_confident,,Cameras & Photography,Cameras & Photography
"Canon PGI-2200 Genuine Three Color Multi Pack, Compatible with IB4120, MB5120, MB5420, IB4020, MB5020, and MB5320 (Optional) Printers",sonnet_confident,,Printers & Ink,Printers & Ink
"Fellowes Jupiter 2 125 Laminator with 10 Pouches, 12.5 Inch (5734101), Black & Grey",sonnet_confident,,Office & School Supplies,Office & School Supplies
"Google Pixel Watch, 41mm Polished Silver Case w/Charcoal Active Band, Android Smartwatch, Fitbit Activity, Fitness, Sleep, Heart Rate Tracking, LTE Support",sonnet_confident,,Smart Home & Wearables,Smart Home & Wearables
Insta360 X4 Invisible Dive Case,sonnet_confident,,Cameras & Photography,Cameras & Photography
"ecobee Smart Sensor for Doors & Windows 2 Pack - Wifi Contact Sensor for Home Security, Energy Savings - Compatible with Smart Thermostats - Temperature sensor, white",sonnet_confident,,Smart Home & Wearables,Smart Home & Wearables
"JBL Professional 1 Series 104-BT Compact Desktop Reference Monitors with Bluetooth, Black, Sold as Pair, 4.5-inch Speaker",sonnet_confident,,Audio,Audio
OtterBox Performance Car Dash & Windshield Mount for MagSafe - Black,sonnet_confident,,Phone & Tablet Accessories,Phone & Tablet Accessories
KODAK Gold 200 Foil Vertical Pack of 3 GB135-36,sonnet_confident,,Cameras & Photography,Cameras & Photography
"Fujifilm X100VI 40.2 MP Mirrorless Camera with Fixed 23mmF2 Lens (APS-C X-Trans CMOS 5 Sensor, X-Processor 5, Hybrid Viewfinder, LCD Tilt Touchscreen, Face Detection AF, 20 Film Simulations - Black",sonnet_confident,,Cameras & Photography,Cameras & Photography
"Kryptonite Alarm Disc, Heavy Duty Anti-Theft Motorcycle Lock with 120db Alarm, Weather-Resistant, Powersport Disc Break Lock",sonnet_unsure,,Non-Electronics,Non-Electronics
"Belkin 42W Dual Port Charger Block, USB-C + USB-A Charger Super Fast Charging - Samsung Galaxy S25, Apple iPhone 16, 15, 14, 13, Pro, Pro Max, iPad, AirPods, Nintendo Switch 2 & More - White",sonnet_confident,,Cables & Charging,Cables & Charging
Fractal Design Pop XL Air RGB Black Tempered Glass Clear Tint,sonnet_confident,,Computers & Laptops,Computers & Laptops
"Kensington Orbit Wireless Trackball with Scroll Ring - Black-Red (K70990WW),",sonnet_confident,,Keyboards & Mice,Keyboards & Mice
"Neewer 3"" Suction Cup Camera Mount Bracket with Ball Head Magic Arm, 1/4"" ARRI Holes, Quick Release Car Mount with Phone Holder & Action Cam Adapter Compatible with iPhone DJI Insta360, CA104",sonnet_confident,,Cameras & Photography,Cameras & Photography
"VEVOR 3.28 ft Cable Protector Ramp, 4 Pack of 1 Channel, 18000 lbs/axle Capacity Heavy Duty Rubber Speed Bumps, Floor Cord Cable Protector Wire Cover, for Residential Areas, Private Garages, Gardens",sonnet_unsure,,Cables & Charging,Cables & Charging
Edifier R1700BTs Active Bluetooth Bookshelf Speakers - 2.0 Wireless Near Field Studio Monitor Speaker - 66w RMS with Subwoofer Line Out,sonnet_confident,,Audio,Audio
"UGREEN USB C to USB C Cable 240W USB4 Gen4 80Gbps Premium 16K Dual 8K Triple 4K Display PD3.1 Type C Fast Charging Compatible with USB C Monitors, MacBook, iPad, iPhone 16/15/14, 3.3FT",sonnet_confident,,Cables & Charging,Cables & Charging
"Belkin 65W Dual USB C Charger Block, Super Fast Charging PD3.0 w/ GaN Technology - Samsung Galaxy S25, Apple iPhone 16, 15, 14, 13, Pro, Pro Max, iPad, MacBook, Nintendo Switch 2 & More - White",sonnet_confident,,Cables & Charging,Cables & Charging
Pyle 2000W 2-Channel Bluetooth 5.0 Power Amplifier - Bridgeable Rack-Mount Pro Audio Receiver with TRS/XLR Input - LCD Display - Cooling Fan - Bridge Mode - 4-8 Ohm Speakers - PTA1000BT,sonnet_confident,,Audio,Audio
"AT&T TL86103 2-Line Corded/Cordless for Small Business with Answering Machine, 2-Mailboxes, Connect-to-Cell, Caller ID Announcer, Intercom, Line-Power, Long Range & Expandable to 12 Handsets",sonnet_confident,,Phone & Tablet Accessories,Phone & Tablet Accessories
DEWALT DCH273P2 20V Max Brushless SDS Rotary Hammer with 5 Ah Batteries,sonnet_confident,,Non-Electronics,Non-Electronics
"Apple iPhone 16 Pro, US Version, 128GB, Desert Titanium for T-Mobile (Renewed)",sonnet_confident,,Phone & Tablet Accessories,Phones & Tablets
"Microsoft Audio Dock - Up to 90dB SPL - Two omni-directional microphone arrays - 70Hz ~ 20kHz for music playback - Support DP alt mode, up to Dual Display - Windows 11 Home/Pro, Windows 10, MacOS",sonnet_unsure,,Audio,Audio
Focal FBATHYSMG Bluetooth® Headphones with Active Noise Cancellation,sonnet_confident,,Audio,Audio
"SAMSUNG Galaxy Watch 6 Classic 47mm Stainless-Steel Smartwatch w/Fitness Tracker, Heart Monitor, BIA Sensor, Bluetooth – Black",sonnet_confident,,Smart Home & Wearables,Smart Home & Wearables
"Garmin Lily® 2 Active, Small and Stylish Smartwatch, Built-in GPS, Hidden Display, Patterned Lens, Up to 9 Days Battery Life, Silver with Purple Jasmine Silicone Band",sonnet_confident,,Smart Home & Wearables,Smart Home & Wearables
"ARCTIC P12 PWM - PC Fan, 120mm Case Fan with PWM, Pressure-optimised, Quiet Motor, Computer, Fan Speed: 200–1800 RPM (0 RPM <5%) - Black",sonnet_confident,,Computers & Laptops,Computers & Laptops
"Canon PowerShot V10 Camera, Content Creator Compact Vlogging Camera, Fixed 19mm Wide-Angle Lens, 4K Video, Face Detection, Built-in Microphone, Live Streaming, Built-in Stand, Black",sonnet_confident,,Cameras & Photography,Cameras & Photography
"Corsair Dark Core RGB Pro, Wireless FPS/MOBA Gaming optical Mouse with SLIPSTREAM Technology, Black, Backlit RGB LED, 18000 DPI, Optical,CH-9315411-NA",sonnet_confident,,Keyboards & Mice,Keyboards & Mice
"UGREEN Magnetic USB C Splitter 1 in 2 Out Dual USB C Headphone and Charger Type C Audio Adapter with PD 60W Fast Charging Dongle Cable for iPhone 16 Pro Max, Galaxy S25, Pixel 9, iPad Pro, Switch 2",sonnet_confident,,Cables & Charging,Cables & Charging
"DJI RC Pro, High-Performance Remote Controller for DJI Mavic 3 Pro and More, High-Bright 1080p Screen, 15 km Transmission Range, Ideal for Outdoor Use Aerial Photography",sonnet_confident,,Cameras & Photography,Cameras & Photography
"Xerox C235DNI Color All-In-One, Laser, Wireless, ADF, Letter, Print, Scan, Copy, Fax, Energy Star Certified, Up to 24PPM",sonnet_confident,,Printers & Ink,Printers & Ink
"UGREEN 2K@30Hz Video Capture Card HDMI to USB 3.0 A and USB C Capture Device, 4K Input 1080P 60FPS with Low Latency for Streaming Game Recording Compatible with Switch 2/Xbox/PS4/PS5/PC/Camera",sonnet_confident,,Cameras & Photography,Cameras & Photography
"UGREEN 140W USB C Charger, Mac Book Pro Charger Nexode PD3.1 PPS 3-Port Foldable GaN Fast Laptop Wall Charger Power Adapter for MacBook Pro 16'', iPhone 16/15, Chromebook (with 240W Cable)",sonnet_confident,,Cables & Charging,Cables & Charging
Blackmagic Design ATEM Mini Extreme ISO HDMI Live Stream Switcher (SWATEMMINICEXTISO),sonnet_unsure,,Cameras & Photography,Cameras & Photography
Synology Network Upgrade Module adds 1x 10GbE RJ-45 (E10G22-T1-Mini),sonnet_confident,,Networking,Networking
"SAMSUNG Galaxy Tab S6 Lite (2024) - Gray 10.4"" 128GB WiFi Android Tablet w/S Pen, Dual Speakers, 8MP+5MP",sonnet_confident,,Phone & Tablet Accessories,Phones & Tablets
"YeaLink WPP30 USB Type-C 4K Wireless Presentation Pod, Black (1303112)",sonnet_unsure,,Other,Other
"UGREEN 2.5"" Hard Drive Enclosure USB 3.0 to SATA III Adapter Supports 2.5 Inch SSD & HDD 9.5mm 7mm External Hard Drive Enclosure with UASP Compatible with WD Seagate Toshiba Samsung Hitachi - Black",sonnet_confident,,Storage & Memory Cards,Storage & Memory Cards
AMD Wraith Stealth Socket AM4 4-Pin Connector CPU Cooler with Aluminum Heatsink & 3.93-Inch Fan (Slim),sonnet_confident,,Computers & Laptops,Computers & Laptops
"AT&T Cordless Phones for Home with Answering Machine, 4 Handsets DECT 6.0 Bluetooth Expandable, Smart Call Blocking, Caller ID, Intercom and Bluetooth, Connect to Cell, BL3112-4",sonnet_confident,,Phone & Tablet Accessories,Phones & Tablets
"DJI Osmo Action Quick-Release Adapter Mount, Compatibility: Osmo 360, Osmo Action 3, Osmo Action 4, Osmo Action 5 Pro",sonnet_confident,,Cameras & Photography,Cameras & Photography
FiiO K11 Desktop 1400W Power Balanced Headphone DAC & Amplifier 384kHz/24Bit DSD256 for Home Audio/PC 6.35mm/4.4mm/RCA/Coaxial/Optical (Black),sonnet_confident,,Audio,Audio
Logitech Tap IP in Graphite,sonnet_unsure,,Other,Other
"Brother(R) M-231 Black-On-White Tape, 0.5in. x 26.2ft., BRTM231",sonnet_confident,,Office & School Supplies,Office & School Supplies
Xiaomi Redmi Watch 5 Active Midnight Black,sonnet_confident,,Smart Home & Wearables,Smart Home & Wearables
On-Stage - (DS7200B) Desktop Microphone Stand (Black),sonnet_confident,,Audio,Audio
"Nanit Travel Case – Protective Hard Shell Carrying Case Pro Baby Monitor and Multi-Stand Travel Accessory, Green",sonnet_confident,,Bags & Cases,Bags & Cases
Kensington Wireless Presenter with Red Laser Pointer (K33272WW),sonnet_unsure,,Office & School Supplies,Office & School Supplies
"Belkin MagSafe-Compatible Magnetic Wireless Car Charger 10W - BoostCharge Pro Wireless Charger, Magnetic Car Vent Phone Mount for iPhone 16, iPhone 15, 14, & 13 Series, Power Supply Included - Black",sonnet_confident,,Phone & Tablet Accessories,Phone & Tablet Accessories
OtterBox Eclipse CASE for Apple Watch Series 10 (46mm) - Pavement,sonnet_confident,,Smart Home & Wearables,Smart Home & Wearables
"ASUS ROG Strix 25” (24.5” viewable) Esports Gaming Monitor (XG259QNS) - Full HD, 380Hz, 0.3ms, Fast IPS, Extreme Low Motion Blur Sync, FreeSync Premium, DisplayWidget, Ergonomic, 3 yr Warranty",sonnet_confident,,Monitors & Displays,Monitors & Displays
Wii Remote Controller White (Renewed),sonnet_confident,,Gaming,Gaming
"Leviton 5601-2E 15 Amp, 120/277 Volt, Decora Rocker Single-Pole AC Quiet Switch, Residential Grade, Grounding, Black",sonnet_unsure,,Non-Electronics,Non-Electronics
"Zebra DS3678-SR Ultra-Rugged Cordless 2D/1D Barcode Scanner/Linear Imager Kit, Bluetooth, FIPS, Vibration Motor, Includes Cradle, Power Supply and Heavy-Duty Shielded 7 ft USB Cable (CBA-U42-S07PAR)",sonnet_confident,,Office & School Supplies,Office & School Supplies
Google Nest Cam Outdoor - 1st Generation - Weatherproof Camera - Surveillance Camera with Night Vision - Control with Your Phone,sonnet_confident,,Cameras & Photography,Cameras & Photography
"Amazon Basics High Speed Mini HDMI (Source) to HDMI (Display) Cable, 1.8 m, Black",sonnet_confident,,Cables & Charging,Cables & Charging
"Elgato Stream Deck + XLR - Audio Mixer & Controller, Rear XLR-to-USB Mic Interface, Compatible with any Mic for Podcasting, Streaming, Content Creators, dials and LCD keys, PC/Mac",sonnet_confident,,Keyboards & Mice,Keyboards & Mice
"Amazfit GTR Mini Smart Watch 43mm, 14-Day Battery Life, GPS, AI Fitness App Enabled, Heart Rate & Sleep Health Monitoring, Activity Trackers and Smartwatches, Android iPhone Compatible, Black",sonnet_confident,,Smart Home & Wearables,Smart Home & Wearables
"Satechi 7 in 1 USB C Hub Multiport Adapter Pro Slim, USB C Dongle, 100W Charging, 4K HDMI, USB 4, USB 3.2 Gen 2, SD/Micro Card Reader for Mac, MacBook Air/Pro M4/M3/M2/M1 - Midnight",sonnet_confident,,Cables & Charging,Cables & Charging
"Amazon Basics 4-Bay Battery Charger for AA & AAA Rechargeable Batteries with Rechargeable AA NiMh Batteries, 4 count (Pack of 1), Type A (American) Plug, Black",sonnet_confident,,Batteries,Batteries
"Samsung Galaxy Official USB-C to C Data Cable, 1.0m, Black",sonnet_confident,,Cables & Charging,Cables & Charging
"Belkin USB C to USB C Cable, 3.3ft, 60W - Type C Charger, iPhone Charger Cord, Soft, Braided, Flexible for iPhone 16, Galaxy S25, Pixel 9, Airpods, iPad Pro, Tablet & More, Travel Essentials - Black",sonnet_confident,,Cables & Charging,Cables & Charging
Celestron StarSense Explorer DX 130AZ App-Enabled Telescope – 130mm Newtonian Reflector with Smartphone Dock & StarSense App – iPhone & Android Compatible – Easy-to-Use for Beginners,sonnet_confident,,Optics,Optics
Sony Alpha a6100 16-50mm,sonnet_confident,,Cameras & Photography,Cameras & Photography
"Tyler 14” Portable TV LCD Monitor 1080P Rechargeable Lithium Battery Operated, 2 Antenna, HDMI, USB, RCA, FM Radio, Digital Tuner, AV Inputs, AC/DC, TV Stand and Remote Control for Car Travel",sonnet_confident,,TV & Home Entertainment,TV & Home Entertainment
"Lian-Li UNI FAN SL-Infinity 120mm ARGB Case Fan with Controller, 3-Pack - White",sonnet_confident,,Computers & Laptops,Computers & Laptops
Seagate ST8000VX010 Hd Seagatest8000vx010 %,sonnet_confident,,Storage & Memory Cards,Storage & Memory Cards
"SAMSUNG Galaxy Watch Ultra Trail Band, Smartwatch Replacement Strap for Men and Women, One Click Attachment, ET-SVL70MBEGUJ, Dark Gray",sonnet_confident,,Smart Home & Wearables,Smart Home & Wearables
Nintendo of America Nintendo Switch Dock Set - Nintendo Switch;,sonnet_confident,,Gaming,Gaming
"SAMSUNG 43” QET Series LFD Display with Integrated MagicInfo Lite Player, Crystal 4K Processor and UHD Resolution, 8ms Response Time, 300 nit, Home UI, Built-in Speakers, LH43QETELGCXZA",sonnet_confident,,Monitors & Displays,Monitors & Displays
"ARCTIC MX-6 (2 g) - Ultimate Performance Thermal Paste for CPU, Consoles, Graphics Cards, laptops, Very high Thermal Conductivity, Long Durability, Non-Conductive",sonnet_confident,,Computers & Laptops,Computers & Laptops
"UBeesize 12” Selfie Ring Light with 62” Extendable Tripod Stand & Remote, LED Light with Phone Holder for Video Recording/Makeup/Content Creator (YouTube/TikTok/Twitch), Phone, Camera & Webcam (Pink)",sonnet_confident,,Cameras & Photography,Cameras & Photography
Razer Stream Controller: All-In-One Keypad for Streaming - 12 Haptic Switchblade Keys - 6 Tactile Analog Dials - 8 Programmable Buttons - Designed for PC & Mac Compatibility,sonnet_confident,,Keyboards & Mice,Keyboards & Mice
"Antec Flux Wood, 5 x PWM Fans Included, High-Airflow Front Panel with Walnut Wood, Type-C, 420mm Radiator & Back Connect Motherboard Support, Up to 9 Fans Simultaneously, Mid-Tower E-ATX PC Case",sonnet_confident,,Computers & Laptops,Computers & Laptops
Insta360 Ace/Ace Pro Standard Mount,sonnet_confident,,Cameras & Photography,Cameras & Photography
Fujifilm NP-W126S Li-Ion Rechargeable Battery,sonnet_confident,,Batteries,Batteries
"APC UPS Network Management Card 3 with 2 USB ports and Temperature Monitoring, Newest Model 2020 (AP9641)",sonnet_unsure,,Power Strips & Surge Protectors,Power Strips & Surge Protectors
"Garmin 010-12563-02 Edge Mountain Bike Mount, Black",sonnet_unsure,,Other,Other
"Garmin inReach® Messenger Plus, SOS Satellite Communicator with Photo, Text & Voice Messaging Without Cell Service, Long Battery Life, Durable, Temperature-Resistant, Water-Resistant (IPX7) Design",sonnet_confident,,Marine & GPS,Marine & GPS
SanDisk Ultra 32GB Micro SD SDHC Memory Flash Card (5 Pack) UHS-I Class 10 SDSQUAR-032G-GN6MN Wholesale Lot Bundle with 5 Plastic Jewel Cases and Everything But Stromboli Card Reader,sonnet_confident,,Storage & Memory Cards,Storage & Memory Cards
"UGREEN Ethernet Switch, 5 Port Gigabit Ethernet Splitter, Plug & Play, Wall Mount & Desktop Network Switch Hub, Unmanaged, Compact, with LED, Fanless Quiet, for Internet Cable, Laptop, Router, NAS",sonnet_confident,,Networking,Networking
"IRIS USA Fits 6"" x 6"" Paper, 8-Pack Thick Portable Plastic Scrapbook Paper Storage Cases Organizers with Built-in Handle for Art and Craft Supplies, Office Document, Stationery, Photo - Clear",sonnet_confident,,Non-Electronics,Non-Electronics
Sony FE 50-150 F2 GM,sonnet_confident,,Cameras & Photography,Cameras & Photography
"Brother(R) TZe-251 Black-On-White Tape, 1in. x 26.2ft., 239376-2240",sonnet_confident,,Office & School Supplies,Office & School Supplies
"Focusrite Scarlett 18i20 4th Gen USB Audio Interface, for Multitrack Recording, Music Production and Podcasting — High-Fidelity, Studio Quality Recording, and All the Software You Need to Record",sonnet_confident,,Audio,Audio
Kobo Libra Colour | eReader | 7” Glare-Free Colour E Ink Kaleido™ 3 Display | Dark Mode Option | Audiobooks | Waterproof | White,sonnet_confident,,Phone & Tablet Accessories,Phone & Tablet Accessories
StarTech.com 4-Port USB 3.0 SuperSpeed Hub with Power Adapter 5Gbps - Portable Multiport USB-A Dock IT Pro - USB Port Expansion Hub for PC/Mac - 4 Port Powered USB Hub for PC (ST4300USB3),sonnet_confident,,Cables & Charging,Cables & Charging
"VIVO Steel Reinforcement Bracket Mount Plate for Thin, Glass, and Other Fragile Table Top Surfaces, Compatible with Most Monitor Stand C-Clamp Installations, Anti-Slip No Scratch, Black, STAND-AC01R",sonnet_confident,,Monitors & Displays,Monitors & Displays
"Taramps MD 5000.1 Amplifier 1 Ohm 5000 Watts RMS MAX, Mosfet Digital Full Range, Crossover Low/High Pass, Bass Boost, Car Audio System, Monoblock 5k, 1 Channel, LED Monitor Indicator, Class D, MD 5k",sonnet_confident,,Audio,Car Electronics
"UGREEN Full HD 1080P Webcam with Microphone, 2 Noise-Canceling Mics, 85° Fov & Fixed Focus, Plug and Play, Auto Light Correction, Privacy Cover PC Camera for Zoom/Skype/Teams, Switch 2, Silver Gray",sonnet_unsure,,Cameras & Photography,Cameras & Photography
"Roku Ultra 2024 (Renewed) – 4K Streaming Device with HDR10+, Dolby Vision & Atmos, Wi-Fi 6, Bluetooth, Rechargeable Voice Remote Pro with Backlit Buttons, Free & Live TV",sonnet_confident,,TV & Home Entertainment,TV & Home Entertainment
StarTech.com 1U 19 inch Server Rack Rails - 24-36 inch Adjustable Depth - Universal 4 Post Rack Mount Rails - Network Equipment/Server/UPS Mounting Rail Kit HPE ProLiant Dell PowerEdge (UNIRAILS1UB),sonnet_unsure,,Computers & Laptops,Computers & Laptops
"MSI Radix AXE6600 WiFi 6E Tri-Band Gaming Router, AI QoS, RGB, 1.8GHz Quad-Core Processor, MU-MIMO, Gigabit Wireless, 8-Stream, High Speed Long Range",sonnet_confident,,Networking,Networking
"UBeesize 74"" Camera Tripod with Phone Holder and Remote, Heavy Duty Tripod Stand with Portable Bag for Phone and Camera, Compatible with DSLR Cameras, Cell Phones, Spotting Scopes and Binoculars",sonnet_confident,,Cameras & Photography,Cameras & Photography
FREECOM-X/Spirit 2ND Helmet JBL KIT,sonnet_unsure,,Audio,Audio
"Presto 05450 DualDaddy Electric Deep Fryer, Black",sonnet_confident,,Non-Electronics,Non-Electronics
"OnePlus Buds 3, Metallic Gray, Deep Bass, ANC, Immersive Sound, Up to 44 Hour Playtime with Charging case, Bluetooth 5.3",sonnet_confident,,Audio,Audio
"Amazon Basics DisplayPort (4k@60Hz) to HDMI Female Converter (Not Compatible with a USB Port), Black, 9.25 x 0.87 x 0.47 in",sonnet_confident,,Cables & Charging,Cables & Charging
"VIVO Steel Universal Bracket Pole Mount with Removable 75mm and 100mm VESA Plate, Fits up to 30 inch Screens, Black, MOUNT-POLE01",sonnet_confident,,Monitors & Displays,Monitors & Displays
"Logitech Wireless Presenter R400, Wireless Presentation Remote Clicker with 50 ft Red Laser Pointer 910-001356",sonnet_unsure,,Office & School Supplies,Office & School Supplies
"LG 27-Inch StanbyME Go Portable Smart 1080P Touch Screen (27LX5QKNA, 2023 Model), Calming Beige",sonnet_unsure,,TV & Home Entertainment,TV & Home Entertainment
"SAMSUNG Galaxy Tab S10 FE+ Plus w/S-Pen | 128GB, 8GB RAM, Wi-Fi Only | 13.1"" LCD, WiFi 6E Android 15 Tablet, 4K Camera | International Model X620 | 25W Fast Charger Bundle (Gray)",sonnet_confident,,Phone & Tablet Accessories,Phone & Tablet Accessories
"Metra 95-5817 Double-DIN Stereo Installation Dash Kit Fits Select 1995-2011 Ford, Lincoln, Mercury, and Mazda Vehicles",sonnet_confident,,Car Electronics,Car Electronics
TP-Link TL-PI30G | IEEE 802.3at/af Gigabit PoE+ Injector | Non-PoE to PoE Adapter | Supplies up to 30W | Plug & Play | Desktop/Wall-Mount | Power Over Ethernet | Distance Up to 328 ft. | UL Certified,sonnet_confident,,Networking,Networking
"Cobra HGA 1500 Hga1500 36 Inch Magnetic Mount CB Antenna Heavy Duty Magnet, for use In Cars, SUVs Recreational Vehicles 300 Watt Power Handling Capability",sonnet_confident,,Car Electronics,Car Electronics
"Taramps HD 3000 1 Ohm 1 Channel 3000 Watts RMS MAX, Full Range Car Audio, Monoblock, LED Monitor Indicator, Class D Amplifier, Crossover, White 3k amp, Sound Quality",sonnet_confident,,Audio,Car Electronics
"Garmin Catalyst, Driving Performance Optimizer with Real-time Coaching and Immediate Track Session Analysis, for Motorsports and High Performance Driving (010-02345-00) , Black , 6.95 inch",sonnet_unsure,,Car Electronics,Car Electronics
"Mounting Dream UL Listed Full Motion Monitor Wall Mount TVs Bracket for 10-26 Inch LED, LCD Flat Screen TV and Monitor, TV Mount with Swivel Articulating Arm, Up to VESA 100x100mm and 33LBS MD2463",sonnet_confident,,TV & Home Entertainment,TV & Home Entertainment
"Honeywell Intrusion 5800PIR-RES WIRLESS PIR, Residential",sonnet_confident,,Smart Home & Wearables,Smart Home & Wearables
"Anker 727 Charging Station (GaNPrime 100W), Compact Power Strip for Travel, Work, 5 ft Detachable Extension Cord with 2 Outlets and 4 USB Ports, for iPhone 14, Samsung, iPad, MacBook (Not a Battery)",sonnet_confident,,Power Strips & Surge Protectors,Power Strips & Surge Protectors
"Taramps HD 3000 2 Ohms 1 Channel 3000 Watts RMS MAX Full Range Car Audio, Monoblock, LED Monitor Indicator, Class D Amplifier, Crossover, White 3k amp, Sound Quality",sonnet_confident,,Audio,Car Electronics
Honeywell Ademco 5816WMWH White Door/Window Transmitter w/Magnet,sonnet_confident,,Smart Home & Wearables,Smart Home & Wearables
"Pelican Electronic Organizer Travel Case - Portable Storage Bag with Multiple Storage Mesh Pockets for Cables, Chargers, Power Bank, AirPods - Cord Organizer and Airplane Travel Essentials Bag - Black",sonnet_confident,,Bags & Cases,Bags & Cases
"VIZIO 24"" Inches VHD24M-0810 Class V-Series HD (1080p) Smart LED TV - Full Array Backlighting, Smart TV with Apple AirPlay, Chromecast, Alexa Compatibility (Renewed)",sonnet_confident,,TV & Home Entertainment,TV & Home Entertainment
Blackmagic Design ATEM Mini Extreme HDMI Live Stream Switcher (SWATEMMINICEXT),sonnet_unsure,,Cameras & Photography,Cameras & Photography
Gator Frameworks Desktop Microphone Stand with Round Weighted Base & Adjustable Height (GFW-MIC-0501),sonnet_confident,,Audio,Audio
"SilverStone Technology RM44 4U Rackmount Server Chassis with Enhanced Liquid Cooling Capability (up to 360mm Radiator), SST-RM44",sonnet_confident,,Computers & Laptops,Computers & Laptops
"SIRIUS-XM SXV300V1 SiriusConnect(TM) Vehicle Tuner Computers, Electronics, Office Supplies, Computing",sonnet_unsure,,Car Electronics,Car Electronics
"AINOPE 2 Pack USB Extensions Cable High Speed USB 3.0 Extension Cord Type A Male to Female Sturdy Braided Material Fast Data Transfer Compatible with USB Keyboard,Mouse,Flash Drive,Grey,3.3FT+3.3FT",sonnet_confident,,Cables & Charging,Cables & Charging
Yamaha Viola Bow FC5,sonnet_confident,,Non-Electronics,Non-Electronics
"Kensington VeriMark™ Gen2 USB-A Fingerprint Key Reader - Windows Hello & Windows Hello for Business, Tap and Go, Anti-Spoofing (K64704WW)",sonnet_unsure,,Computers & Laptops,Computers & Laptops
"UGREEN USB C to USB C 3.2 Gen 2 Cable, 4K Video Monitor Display USB C Cable 10Gbps Data Transfer, 240W PD Fast Charging for iPhone 16/15, Samsung Galaxy S24/S23, MacBook Pro, iPad Pro, Dell XPS, 3.3FT",sonnet_confident,,Cables & Charging,Cables & Charging
"GVM Great Video Maker LED Ring Light 5600K Selfie Light, Smartphone Video Rig & Phone Video Stabilizer for Camera, Smartphone, Makeup, YouTube Setup, Self-Portrait Shooting with Bluetooth",sonnet_confident,,Cameras & Photography,Cameras & Photography
"Energizer 357/303 (SR44W, SR44SW, EPX76) Silver Oxide Multi Drain Watch Battery. On Tear Strip (Pack of 5)",sonnet_confident,,Batteries,Batteries
Line 6 Relay G10TII (Digital Wireless Guitar Transmitter),sonnet_confident,,Audio,Audio
"Dell 1.2TB 10K 12GB/s SAS 2.5"" Hard Drive for R630 R730 R730XD (WXPCX)",sonnet_confident,,Storage & Memory Cards,Storage & Memory Cards
Sony FE 2.0x Teleconverter,sonnet_confident,,Cameras & Photography,Cameras & Photography
Southwire MH8010 Wire Smart Hand Caddy for Spooled Wire,sonnet_confident,,Non-Electronics,Non-Electronics
Texas Instruments XXBT-KT-B Rechargeable Battery without Wire,sonnet_confident,,Batteries,Batteries
"Original Mini 3 Pro Fly More Kit Plus for DJI Mini 3,Original Accessories (Plus version（Battery life 47-min）)",sonnet_confident,,Cameras & Photography,Cameras & Photography
"Dell Laptop Charger GAN 130W USB C Type C AC Adapter,XPS 15 9520 9530 XPS 17 9720 9730 AC Charger, Black, HA130PM170",sonnet_confident,,Cables & Charging,Cables & Charging
SanDisk ImageMate PRO USB-C Reader/Writer - SDDR-A631-GNGNN,sonnet_confident,,Storage & Memory Cards,Storage & Memory Cards
Klipsch Reference Cinema Dolby Atmos 5.1.4 System,sonnet_confident,,Audio,Audio
"Garmin 010-02427-00 Venu Sq, GPS Smartwatch with Bright Touchscreen Display, Up to 6 Days of Battery Life, Slate (Renewed)",sonnet_confident,,Smart Home & Wearables,Smart Home & Wearables
Synology DS224+ 2-Bay Diskstation NAS (Intel Celeron J4125 4-Core 2.0 GHz 2GB DDR4 RAM 2xRJ-45 1GbE LAN-Port) 8TB Bundle with 2X 4TB WD Red Plus,sonnet_confident,,Storage & Memory Cards,Storage & Memory Cards
Kate Spade New York Designer Interchangeable Stainless Steel Band Compatible with Your 38/40/41mm Apple Watch Series 9/8/7/6/5/4/3/2/1/SE,sonnet_confident,,Smart Home & Wearables,Smart Home & Wearables
"Nanit Travel Case – Protective Hard Shell Carrying Case for Nanit Pro Baby Monitor and Multi-Stand Travel Accessory, Blue",sonnet_confident,,Bags & Cases,Bags & Cases
"Uniden LRDACWM044 Radar Detector Smart Power Cord w/Mute Button and USB Charging for R1, R3, R7, & DFR Series, 12V DC Cig Adapter",sonnet_confident,,Car Electronics,Car Electronics
"BAGSMART 15.6-16 inch Laptop Computer Case with Strap,Shockproof Waterproof Laptop Bag with Sturdy Handle,Carrying Laptop Sleeve for 15"" Dell,HP,MacBook Pros，Black",sonnet_confident,,Bags & Cases,Bags & Cases
STEALTH CAM Anti-Shock Dust-Proof Waterproof Protective Ergonomic Rubber Sealed ABS-Plasic Shell Memory Card Storage Case - Holds 12 SD & 12 MicroSD Cards,sonnet_unsure,,Bags & Cases,Bags & Cases
"SAMSUNG QM65R 65 inch 4K UHD 3840x2160 24/7 Commercial Signage LED Display for Business, HDMI, Wi-Fi, and 3-Year WRNTY, 500 nit (LH65QMREBGCXZA), Black",sonnet_confident,,Monitors & Displays,Monitors & Displays
"APC Network UPS, 1500VA Smart-UPS Sine Wave UPS with Extended Run Option, SMX1500RM2UC, 2U Rackmount/Tower Convertible, Line-Interactive, 120V",sonnet_confident,,Power Strips & Surge Protectors,Power Strips & Surge Protectors
"ASUS RT-AX86U Pro (AX5700) Dual Band WiFi 6 Extendable Gaming Router, 2.5G Port, Mobile Game Mode, Port Forwarding, Subscription-Free Network Security, VPN, AiMesh Compatible (Renewed), BLACK",sonnet_confident,,Networking,Networking
"Zebra DS3678-ER (Extended Range) Ultra-Rugged Cordless 2D/1D Barcode Scanner/Linear Imager Kit, Bluetooth, FIPS, Vibration Motor, Includes Cradle, Power Supply and Heavy-Duty USB Cable (CBA-U42-S07)",sonnet_confident,,Office & School Supplies,Office & School Supplies
Winegard (RP-6795 White Elevating Crank,sonnet_unsure,,TV & Home Entertainment,TV & Home Entertainment
"VTECH SN1127 Amplified Corded Answering System. 8 Photo Speed Dial, 90dB Ringer Volume, Big High-Contrast buttons, Audio Booster(+40db), Visual Ringer. Perfect for Seniors, Visually & Hearing Impaired",sonnet_confident,,Phone & Tablet Accessories,Phones & Tablets
Standard Horizon HX210 HX210 6W Compact Floating Marine Handheld Vhf,sonnet_confident,,Marine & GPS,Marine & GPS
Pyle Professional Audio Mixer Sound Board Console System - Interface 4 Channel Digital USB Bluetooth MP3 Computer Input 48V Phantom Power Stereo DJ Studio Streaming FX 16-Bit DSP processor - PMXU43BT,sonnet_confident,,Audio,Audio
G-Shock GBA900UU-5A Tan One Size,sonnet_unsure,,Smart Home & Wearables,Smart Home & Wearables
"UGREEN USB 3.0 Switch 2 in 2 Out, USB Switcher 2 Computers Sharing Keyboard and Mouse Printer Scanner Webcam, Printer Splitter for 2 Computers, 2 Port USB Selector Switch with 2 USB3.0 Cables",sonnet_confident,,Cables & Charging,Cameras & Photography
"Yealink MeetingBar A40-031 - All-in-One 4K Video Conferencing Solution with Dual 48MP Cameras, 120° Field of View, 8MEMS Microphone Array, CTP25 Touch Panel, Compatible with Microsoft Teams and Zoom",sonnet_unsure,,Cameras & Photography,Cameras & Photography
"SanDisk 32GB Ultra SDHC UHS-I Class 10 Memory Card 120MB/s U1, Full HD, SD Camera Card SDSDUN4-032G (5 Pack) Bundle with (1) GoRAM USB 3.0 Card Reader",sonnet_confident,,Storage & Memory Cards,Storage & Memory Cards
"SAMSUNG Galaxy Tab A9+ (SM-X210), 64GB 4GB RAM, WiFi Only, 11"" Display, International Version - (Silver)",sonnet_confident,,Phone & Tablet Accessories,Phones & Tablets
"Lume Cube Studio Panel 2-Point Lighting Kit | Edge Lit LED Bicolor Light Panels 3200k - 5600k | Rechargeable Lithium Battery, Adjustable Color, Brightness, 70"" Stands, Wireless Remote Included",sonnet_confident,,Cameras & Photography,Cameras & Photography
"Logitech Rally bar and tap IP Bundle, 1920 Pixels x 1080 Pixels, Graphite",sonnet_unsure,,Cameras & Photography,Cameras & Photography
Samson B-Stock MD5 Desktop Microphone Stand,sonnet_confident,,Audio,Audio
"Energizer 394/380 (SR936W, SR936SW) Silver Oxide Watch Battery. On Tear Strip",sonnet_confident,,Batteries,Batteries
"CyberPower PDU41001 Switched PDU, 100-120V/15A (Derated to 12A), 8 Outlets, 1U Rackmount",sonnet_confident,,Power Strips & Surge Protectors,Power Strips & Surge Protectors
"Pelican Vault V100 Hard Case (Camera, Pistol, Gear, Equipment)",sonnet_confident,,Bags & Cases,Bags & Cases
"Sennheiser 1/4"" Adapter - 549346 Authentic Genuine 6.35mm Adapter Jack - 3.5mm (1/8 Inch) to (1/4 Inch)",sonnet_confident,,Audio,Audio
Sony Hi8 HMP - Hi8 tape - 1 x 120min,sonnet_unsure,,Storage & Memory Cards,Storage & Memory Cards
"TCL NXTPAPER 14 Android Tablet, 14.3"" Drawing Pad & Digital Notebook, 4096-Level Stylus & Flip Case Included, Paper-Like Display, 8+8GB RAM, 256GB Storage, 10000mAh Battery, Multi-Window, Gray",sonnet_confident,,Phone & Tablet Accessories,Phones & Tablets
"Garmin vívomove Trend, Stylish Hybrid Smartwatch, Long-Lasting Battery Life, Dynamic Watch Hands and Touchscreen Display, Black",sonnet_confident,,Smart Home & Wearables,Smart Home & Wearables
JansSport Pack BIG STUDENT GRAPHITE GREY,sonnet_confident,,Non-Electronics,Non-Electronics
Nitecore Carbon Battery 6K USB-C Rechargeable Lightweight 6000mAh Waterproof Power Bank Sticker,sonnet_confident,,Cables & Charging,Cables & Charging
Creative - Sound Blaster Audigy FX V2 Sound Card,sonnet_unsure,,Computers & Laptops,Computers & Laptops
Kanto ORAMB 100W Powered Reference Desktop Computer Speakers with Bluetooth 5.0 and USB-C Input | Bi-Amplified | 100 Hz Automatic Crossover | Reference Quality Sound | Pair | Black,sonnet_confident,,Audio,Audio
Yealink Color-Screen Expansion Module for T5 Series Black,sonnet_confident,,Phone & Tablet Accessories,Phone & Tablet Accessories
Humminbird LakeMaster Premium Southeast States V1 Map SD Card for Fish Finders,sonnet_unsure,,Marine & GPS,Marine & GPS
Synology 8 Bay RackStation RS1221+ (Diskless),sonnet_confident,,Storage & Memory Cards,Storage & Memory Cards
OtterBox All Day Band for Apple Watch 42/44/45/46mm - AUTOBAHN (Black),sonnet_confident,,Smart Home & Wearables,Smart Home & Wearables
OtterBox Wireless Charging Pad for MagSafe - Black,sonnet_confident,,Cables & Charging,Cables & Charging
"Dell UltraSharp U4924DW 49"" Dual Quad HD (DQHD) Curved Screen Edge WLED LCD Monitor - 32:9,Black",sonnet_confident,,Monitors & Displays,Monitors & Displays
"SanDisk 32GB 2-Pack Outdoors FHD SDHC UHS-I Memory Card (2x32GB)- Up to 100MB/s, C10, Trail Camera SD Card - SDSDUNR-032G-GN6V2",sonnet_confident,,Storage & Memory Cards,Storage & Memory Cards
"Kensington Blackbelt Rugged Case for Surface Pro 11/10/9, 13"" Military-Grade Protection - Black (K96541WW)",sonnet_confident,,Phone & Tablet Accessories,Phone & Tablet Accessories
Canon Print Head PF-06 for imagePROGRAF TM Series Printers,sonnet_confident,,Printers & Ink,Printers & Ink
DJI Focus Pro Motor,sonnet_confident,,Cameras & Photography,Cameras & Photography
"Lutron Maestro Companion Multi-Location Dimmer Not for Standalone Use MA-R-WH, White",sonnet_confident,,Smart Home & Wearables,Smart Home & Wearables
"UGREEN FineTrack Slim S Bluetooth Tracker Tags Work with Samsung SmartThings APP (Samsung Only), 1.7mm Ultra-Slim Wallet Card Finder, Rechargeable IP68 Waterproof Tracker Card for Wallet, Key, Luggage",sonnet_confident,,Phone & Tablet Accessories,Phone & Tablet Accessories
Google 30W USB-C - Fast Charging Pixel Phone Charger - Compatible with Google Products and Other USB-C devices,sonnet_confident,,Cables & Charging,Cables & Charging
Synology BeeStation Plus 8TB Personal Cloud Storage Device (BST170-8T),sonnet_confident,,Storage & Memory Cards,Storage & Memory Cards
"Taramps The Big Boss 5 Bass Black Monoblock RGB Effects 0.5~2 Ohms 5000 Watts Rms Multi-Impedance Digital Amplifier Car Audio System, LED Monitor Indicator, Class D, Crossover, 5k amp, Great for Subs",sonnet_unsure,,Audio,Car Electronics
JABRA EVOLVE 20 MS MONO,sonnet_confident,,Audio,Audio
"Corsair Flash Survivor Stealth 128GB USB 3.0 Flash Drive, Black",sonnet_confident,,Storage & Memory Cards,Storage & Memory Cards
Ooma HD3 Handset Cordless with Caller-ID and HD Voice Quality. Exclusively for Ooma Telo VoIP Home Phone Service,sonnet_confident,,Phone & Tablet Accessories,Phone & Tablet Accessories
"Tilta NP-FZ100 Portable Charging Station - Green | Charge 4 Batteries w/USB-C PD 45W Fast Charge | Safe for A6600, A6700, A7C, A7III, A7IV, A7RIII/IV, A7S Il, FX3,FX30,A1,ZV-E1",sonnet_confident,,Cables & Charging,Cables & Charging
Insta360 Bike Computer Mount (Independent Handlebars),sonnet_confident,,Cameras & Photography,Cameras & Photography
Vortex Optics Arca-Swiss Quick Release Plate,sonnet_unsure,,Cameras & Photography,Cameras & Photography
"Logitech Rally bar mini and tap IP Bundle, 1920 Pixels x 1080 Pixels, Graphite",sonnet_unsure,,Cameras & Photography,Cameras & Photography
"Desktop Gooseneck Wired Microphone System - Table Mounted Corded Voice Condenser Mic with Pop Filter - XLR to 1/4'' Sound Cord - for Karaoke, Conference, Studio Audio Recording - Pyle PDMIKC5 Black",sonnet_confident,,Audio,Audio
Nikon EN-EL15c Rechargeable Li-ion Battery for Compatible DSLR and Mirrorless Cameras (Genuine Accessory),sonnet_confident,,Batteries,Batteries
"Anker USB-C Hub (6-in-1) with 4K HDMI, Multi-Function Ports, SD and microSD Card Slots, for iPad Pro/iPad Air/iPad Mini 6th Gen and Later (Gray)",sonnet_confident,,Cables & Charging,Cables & Charging
"Blackview Smart Glasses, 5.3 Bluetooth Sunglasses with Open Ear Speaker, Voice Assistant Compatible, Blue Light Blocking Lens",sonnet_confident,,Smart Home & Wearables,Smart Home & Wearables
Nvidia 3080 Founders Edition (Renewed),sonnet_confident,,Computers & Laptops,Computers & Laptops
"Logitech Wireless Combo MK270, Pack of 4,Black",sonnet_confident,,Keyboards & Mice,Keyboards & Mice
"Maxell CD & DVD Quick Wipes, Remove Dirt, dust, and smudges, Great for DVDs, CDs, Playstation Discs, and Xbox Discs, 20PK (190511)",sonnet_unsure,,Non-Electronics,Non-Electronics
NZXT Signal HD60 Full HD USB Capture Card - ST-EESC1-WW - HD60 (1080p) - Live Streaming and Gaming - Zero-Lag Passthrough - Open Compatibility,sonnet_confident,,Cameras & Photography,Cameras & Photography
Western Digital DC HC550 18TB SATA 6Gb/s 7200RPM 3.5-inch Enterprise HDD - WUH721818ALE604 (0F38453) (Renewed),sonnet_confident,,Storage & Memory Cards,Storage & Memory Cards
"Peak Design Everyday Sling 10L, Ideal for Carrying Cameras or Everyday Essentials for Men and Women",sonnet_confident,,Bags & Cases,Bags & Cases
MikroTik MikroTik hAP ax2 US Version (C52iG-5HaxD2HaxD-TC-US),sonnet_confident,,Networking,Networking
"Canon EOS R3 Mirrorless Camera (Body Only), Full-Frame Camera, 6K 60p RAW, 4K 120p Video, 24.1 Megapixel CMOS Sensor, DIGIC X Image Processor, for Sports, Action, Black",sonnet_confident,,Cameras & Photography,Cameras & Photography
"TC Electronic POLYTUNE CLIP Clip-On Tuner with Polyphonic, Strobe and Chromatic Modes and 108 LED Matrix Display for Ultimate Tuning Performance",sonnet_unsure,,Audio,Audio
Fjallraven Raven 28 - Navy,sonnet_confident,,Non-Electronics,Non-Electronics
"DEWALT Heavy Duty Wireless Charger, 15W Max Cell Phone Charger, Fast Wireless Charging Pad for MagSafe Compatible iPhone 16/16 Plus/16 Pro Max/15/14/13/12, Includes Wall Mounting Plate (No AC Adapter)",sonnet_confident,,Cables & Charging,Cables & Charging
"OtterBox OTTERSHELL Series Chromebook, Notebook, and Laptop 11” – 11.6” Portfolio - Black (Non-Retail/Ships in Polybag)",sonnet_confident,,Bags & Cases,Bags & Cases
"PNY 128GB PRO Elite™ High Endurance C10 U3 V30 A2 microSDXC – Up to 34.4K Continuous Recording Hours, Up to 100/90MB/s Read/Write, 4K UHD, Full HD, UHS-I, Surveillance, Home Security, Dash Cam, 2-Pack",sonnet_confident,,Storage & Memory Cards,Storage & Memory Cards
OtterBox Thin Flex Series case for The Samsung Z FOLD4 - Pacific Reef (Blue),sonnet_confident,,Phone & Tablet Accessories,Phone & Tablet Accessories
Bose Wave® Music System III - Graphite Gray,sonnet_confident,,Audio,Audio
"Monoprice Weatherproof Hard Case - 22 x 14 x 8 Inches, With Customizable Foam, Shockproof, IP67, Ultraviolet And Impact Resistant Material, Black - Pure Outdoor Collection",sonnet_confident,,Bags & Cases,Bags & Cases
Humminbird LakeMaster Premium Great Lakes V1 Map SD Card for Fish Finders,sonnet_unsure,,Marine & GPS,Marine & GPS
PNY RTX4080 Super Verto OC Triple Fan 16GB GDDR6X HDMI 3xDP,sonnet_confident,,Computers & Laptops,Computers & Laptops
"Transcend 1TB JDL330, Expansion Card for MacBook M4 Pro 2024, 2023, 2021, Lightweight Design, Up to 95 MB/s, JetDrive Lite 330 - TS1TJDL330",sonnet_unsure,,Storage & Memory Cards,Storage & Memory Cards
"Samsung Galaxy Watch 4 Bluetooth & GPS Smartwatch, 44mm - Silver (Renewed)",sonnet_confident,,Smart Home & Wearables,Smart Home & Wearables
"PGYTECH CapLock U-Bolt Mount Aluminum Alloy Bracket for Insta360 Ace Pro 2/X5/X4/X3, 2 Cushion Block Motorcycle Bike Mount with 1/4"" Thread for Gopro/Osmo Action/Pocket Action Camera Accessories",sonnet_confident,,Cameras & Photography,Cameras & Photography
Synology DS923+ 4-Bay Diskstation NAS (AMD Ryzen™ 4 Threads R1600 Dual-Core 4GB Ram 2xRJ-45 1GbE LAN-Port) 16TB Bundle with 4X 4TB Seagate IronWolf,sonnet_confident,,Storage & Memory Cards,Storage & Memory Cards
Garmin Instinct Replacement Band,sonnet_confident,,Smart Home & Wearables,Smart Home & Wearables
"ASUS ROG Raikiri Pro OLED Display, tri-Mode connectivity, remappable Buttons&triggers, 4 Rear Buttons, Step&Linear triggers, Adjustable Joystick Sensitivity, 3.5mm Jack with ESS DAC, for PC and Xbox",sonnet_confident,,Gaming,Gaming
"NEEWER Camera Tripod with Remote, Mini Flexible Vlog Phone Tripod Stand with Action Camera Mount Adapter, Hidden Phone Holder & Cold Shoe Compatible with iPhone Hero13 12 11 10 9, Max Load 4.4lb, TP34",sonnet_confident,,Cameras & Photography,Cameras & Photography
"Pelican Vault V300 Hard Case (Camera, Pistol, Gear, Equipment)",sonnet_confident,,Bags & Cases,Bags & Cases
"Westinghouse Roku TV - 43 Inch Smart TV, 1080P FHD Television with Wi-Fi Connectivity and Mobile App, LED Flat Screen Compatible with Apple HomeKit, Alexa and Google Assistant",sonnet_confident,,TV & Home Entertainment,TV & Home Entertainment
"Panasonic Cordless Phone, 1.6"" Backlit Display, Call Block, Speakerphone, 10 Hours Talk Time, 1 Handset - KX-TGC200W (White)",sonnet_confident,,Phone & Tablet Accessories,Phones & Tablets
Ubiquiti Compact 5-Port Gigabit Switch,sonnet_confident,,Networking,Networking
SiriusXM SXSD2 Dock and Play Radio Boom Box,sonnet_confident,,Audio,Audio
Majoras Mask Link Amiibo - TLOZ Collection (Nintendo Switch/3DS/Wii U) Switch),sonnet_confident,,Gaming,Gaming
"NEEWER Suction Cup Mount for Car Compatible with Starlink Mini, 2 in 1 Satellite Mounting Kit & Protective Silicone Case with Strong Suction Cups for Car Window, Sunroof, RVs, Boat and Road Trip, ST91",sonnet_unsure,,Car Electronics,Car Electronics
"Square D by Schneider Electric Square D HEPD25 Universal Whole House Surge Protection Device, 1-Phase, 3-Wire for 120/240V, 25kA",sonnet_confident,,Power Strips & Surge Protectors,Power Strips & Surge Protectors
"Humminbird XPLORE 10 GPS Fish Finder with Transducer, MEGA Side Imaging+ & HD Touchscreen Display",sonnet_confident,,Marine & GPS,Marine & GPS
"Belkin USB C Hub, 6-in-1 MultiPort Adapter Dock with 4K HDMI, USB-C 100W PD Pass-Through Charging, 2 x USB A, Gigabit Ethernet Ports and SD Slot for MacBook Pro, Air, iPad Pro, XPS and More",sonnet_confident,,Cables & Charging,Cables & Charging
Texas Instruments TI-Nspire CX Graphing Calculator,sonnet_confident,,Office & School Supplies,Office & School Supplies
"TUMI - Alpha Bravo Expedition Flap Backpack - Large Carry On Backpack - 21.0"" X 12.5"" X 7.5"" - Fits up to 17"" Laptop - Black Onyx",sonnet_confident,,Bags & Cases,Bags & Cases
DYMO Monochrome LabelWriter 450 Twin Turbo,sonnet_confident,,Office & School Supplies,Office & School Supplies
"SAMSUNG Galaxy S24 Ultra Anti-Reflecting Phone Screen Protector, Front Display Protective Film Shield, Anti Scratch Protection, Dustproof, US Version, EF-US928CTEGUS, Transparent",sonnet_confident,,Phone & Tablet Accessories,Phone & Tablet Accessories
"Intermatic WH40 Electric Water Heater Timer, Gray",sonnet_confident,,Power Strips & Surge Protectors,Power Strips & Surge Protectors
Viper 5706V 2-Way Car Security with Remote Start System,sonnet_confident,,Car Electronics,Car Electronics
Motorola Solutions RMU2040 2-Pack Two-Way Radio Digital Non-Display 99 UHF Business Exclusive Frequencies,sonnet_confident,,Audio,Audio
"Garmin® quatix® 8, 51 mm, Marine GPS Smartwatch, Bright AMOLED Display, Chartplotter Controls, Built-in Flashlight, 24/7 Health & Wellness Features",sonnet_unsure,,Smart Home & Wearables,Smart Home & Wearables
"Pioneer AVH-521EX 6.8"" Resistive Touchscreen, Double Din – Bluetooth, Backup Camera, SiriusXM, USB, FLAC Playback, MIXTRAX, 13-Band EQ, AM/FM Radio Preouts",sonnet_confident,,Car Electronics,Car Electronics
"NETGEAR 24-Port Gigabit Ethernet Smart Switch (GS724T) - Managed, Optional 1 Year Insight Cloud Management, with 2 x 1G SFP, Desktop or Rackmount, and Limited Lifetime Protection",sonnet_confident,,Networking,Networking
Poly Studio X52 All-in-One Video Bar with TC10 Controller Kit,sonnet_unsure,,Audio,Cameras & Photography
Humminbird 600033-1 AutoChart Zero Line North America Map SD Card,sonnet_confident,,Storage & Memory Cards,Storage & Memory Cards
"RØDE Charge Case for the Wireless GO II With Two Full Recharges, Rugged Enclosure and Zip System",sonnet_unsure,,Cables & Charging,Cables & Charging
"Canon FAXPHONE L100 - Monochrome Laser Fax with Copier, 30 Sheet Auto Document Feeder, 1 Year Limited Warranty, 19 PPM, White",sonnet_confident,,Printers & Ink,Printers & Ink
Insta360 Multi Mount,sonnet_confident,,Cameras & Photography,Cameras & Photography
Shakespeare 5206-N White 8' Marine Antenna,sonnet_confident,,Marine & GPS,Marine & GPS
"Thrustmaster TCA Yoke Boeing Edition (Compatible with Xbox Series X/S, PC)",sonnet_confident,,Gaming,Gaming
"LISEN for iPhone 16 Charger Cord 240W USB C to USB C Cable Type C Charger Fast Charging Cord USB C Cable for iPhone 16e 15 iPad MacBook Air Pro Samsung A17 S25 Switch 2, 6.6ft/2 Pack/Midnight",sonnet_confident,,Cables & Charging,Cables & Charging
NITECORE BB Nano Portable Versatile Electronic Photography Air Blower with NITECORE Tag,sonnet_confident,,Cameras & Photography,Cameras & Photography
"Elgato Flex Arm L, Premium 4-Section Articulated Arm for easy Mounting and Adjusting of Lights, Cameras, and Microphones, for Streaming, Videoconferencing, and Studios, requires Multi Mount Essential",sonnet_confident,,Cameras & Photography,Cameras & Photography
"IRIS USA 5"" x 7"" Photo Storage Box Craft Keeper Cases, 10-Pack, Organization Task Holders for Pictures, Tasks, Scrapbooking, Stationery Storage, Stickers & Art Supplies, Clear",sonnet_confident,,Non-Electronics,Non-Electronics
"Google Coral USB Accelerator: ML Accelerator, USB 3.0 Type-C, Debian Linux Compatible",sonnet_confident,,Computers & Laptops,Computers & Laptops
Motorola Solutions RMU2040 6-Pack Two-Way Radio Digital Non-Display 99 UHF Business Exclusive Frequencies,sonnet_confident,,Audio,Audio
"SAMSUNG Blu-ray DVD Disc Player With Built-in Wi-Fi 1080p & Full HD Upconversion, Plays Blu-ray Discs, DVDs & CDs, Plus CubeCable 6Ft High Speed HDMI Cable, Black Finish (Renewed)",sonnet_confident,,TV & Home Entertainment,TV & Home Entertainment
Fellowes AutoMax Micro-Cut 100M Commercial Office Auto Feed 2-in-1 Paper Shredder with 100-Sheet Capacity,sonnet_confident,,Office & School Supplies,Office & School Supplies
"AKG Pro Audio K371 Wired Over-Ear, Closed-Back, Foldable Professional Recording Studio Headphones, Studio Monitor Mixing, Podcast, DJ Stereo Headsets, Black",sonnet_confident,,Audio,Audio
Motorola 56531 Multi Unit Charger / Cloning Station,sonnet_confident,,Cables & Charging,Cables & Charging
Maxell 190135 Protective Thin Clear Plastic Easy Storage CD & DVD Sleeves White 50 Pack (Paper),sonnet_unsure,,Storage & Memory Cards,Storage & Memory Cards
"Anker USB-C Car Charger, iPhone 16 Car Charger, 67W 3-Port Compact Fast Charger, 535 Car Adapter with PIQ 3.0 for iPhone 16/15, Galaxy S23, MacBook, iPad Air, and More (USB-C to C Cable Included)",sonnet_confident,,Cables & Charging,Car Electronics
OtterBox Wireless Charging Stand for MagSafe (MFi Approved -15W) - Includes 20W Wall Charger & 2M (6.6FT) USB-C to USB-C Cable - Brilliant Opera (White),sonnet_confident,,Cables & Charging,Cables & Charging
Toshiba N300 PRO 22TB Large-Sized Business NAS (up to 24 Bays) 3.5-Inch Internal Hard Drive - Up to 300 TB/Year Workload Rate CMR SATA 6 Gb/s 7200 RPM 512 MB Cache - HDWG62CXZSTB,sonnet_confident,,Storage & Memory Cards,Storage & Memory Cards
"SanDisk 32GB Ultra SDHC UHS-I Class 10 Camera Card 120MB/s U1, Full HD, SD. C10 SDSDUN4-032G (10 Pack) Bundle with (1) GoRAM USB 3.0 Reader (32GB)",sonnet_confident,,Storage & Memory Cards,Storage & Memory Cards
Humminbird LakeMaster Premium Minnesota V1 Map SD Card for Fish Finders,sonnet_confident,,Storage & Memory Cards,Storage & Memory Cards
Blackmagic Design Davinci Resolve Speed Editor Bundle with Davinci Resolve 18 Studio (Activation Card),sonnet_confident,,Keyboards & Mice,Keyboards & Mice
"DEWALT Heavy Duty 72W 5 Port USB Car Charger Multiport, iPhone 16 Multi USB Car Charger, Fast Charge PD & QC3.0 Cigarette Lighter Adapter w/ 6FT Cable, Type C Front/Back Charging for Multiple Devices",sonnet_confident,,Cables & Charging,Car Electronics
Gator Cases Guitar Effects Pedal Power,sonnet_unsure,,Cables & Charging,Cables & Charging
"Alienware 16 Area-51 Gaming Laptop • NVIDIA GeForce RTX 5080 16GB GDDR7 • Intel Ultra 9 275HX • 16.0"" QHD+ 240Hz Display • Backlit KB • Win 11 Pro • Wi-Fi 7 • w/Accessories • 32GB DDR5 • 1 TB SSD",sonnet_confident,,Computers & Laptops,Computers & Laptops
"VMP Wall Mount Electronic Component Shelf, Large (CH-002B)",sonnet_unsure,,Other,Other
"Sony BRAVIA Theater Bar 6, 3.1.2ch Sound bar with Powerful Wireless subwoofer, Surround Sound by Dolby Atmos®/DTS:X® Compatible HT-B600",sonnet_confident,,Audio,Audio
"LISEN for iPhone 16 Charger Cord 240W USB C to USB C Cable Type C Charger Fast Charging Cord for iPhone 16e 15 Pro Max iPad MacBook Air Pro Samsung A 17 S25, 6.6ft/2 Pack/Midnight",sonnet_confident,,Cables & Charging,Cables & Charging
"DEWALT Heavy Duty 24W USB Car Charger Adapter, Cigarette Lighter Adapter USBA Charger, Fast Charging Car Lighter USB Adapters, Cell Phone Automobile Chargers for iPhone, Samsung Galaxy, iPad",sonnet_confident,,Cables & Charging,Car Electronics
"Targus - Numeric Keypad with USB Connection - Plug and Play Device - Connect with Laptop, Desktop and Electronic USB-A Devices - AKP1OUS",sonnet_confident,,Keyboards & Mice,Keyboards & Mice
"SIRIUSXM SXWB1V1 SiriusXM Tour Dock & Play Radio with 360L, Vehicle Dock, and Bluetooth",sonnet_confident,,Audio,Audio
Insta360 Motorcycle Selfie Stick Support Clamp,sonnet_confident,,Cameras & Photography,Cameras & Photography
Sennheiser HD 25 Monitor Headphones with Headphone Case & Padded Holder Bundle,sonnet_confident,,Audio,Audio
Kicker 46CXA3604 CXA3604-4x90-Watt 4-Channel Full-Range Amp,sonnet_confident,,Audio,Audio
Anker SOLIX Car Charging Cable (Male Car Outlet to Female XT60),sonnet_confident,,Cables & Charging,Cables & Charging
MEM 2 * 16G|GSK F5-6000J3636F16GX2-FX5,sonnet_confident,,Computers & Laptops,Computers & Laptops
CyberPower RCCARD100 Cloud Monitoring Card,sonnet_confident,,Power Strips & Surge Protectors,Power Strips & Surge Protectors
"SAMSUNG Galaxy A14 5G A Series Cell Phone, Factory Unlocked Android Smartphone, 64GB w/Expandable Storage, Long Battery Life, 13MP Camera, 6.6"" Infinite Display Screen, US Version, 2023, Black",sonnet_confident,,Phone & Tablet Accessories,Phones & Tablets
"Corsair RS120-R ARGB 120mm PWM ARGB Reverse Fans – Reverse Rotor, +5V ARGB Connections, Eight RGB LEDs, High Static Pressure, Daisy-Chain, Magnetic Dome Bearing, Zero RPM Mode – Triple Pack – Black",sonnet_confident,,Computers & Laptops,Computers & Laptops
"Energizer EN55-12IT, 12 Volt 55 Amp Hr, Long Lasting Sealed Lead Acid AGM Rechargeable Battery Ideal for Use in Electric Scooters, Wheelchairs, Emergency Lighting, Backup Power, and More",sonnet_confident,,Batteries,Batteries
"Tilta Hydra Alien Mini Electronic Suction Cup Kit - Titanium Gray | Compatible with DJI Pocket 3, and Other Action cams/Smartphones | Hydraulic Damping | Adjustable Arm",sonnet_confident,,Cameras & Photography,Cameras & Photography
iOttie Velox Pro MagSafe Compatible Dash & Windshield Car Mount with Wireless Charging & CryoFlow™ Cooling Compatible with MagSafe Phones Including iPhone 12/13/14/15/16 Series (Car Charger Included),sonnet_confident,,Phone & Tablet Accessories,Phone & Tablet Accessories
"Westinghouse Roku TV - 43 Inch Smart TV, 1080P FHD Television with Wi-Fi Connectivity and Mobile App, Flat Screen, Bluetooth, Compatible with Apple AirPlay, Alexa and Google Assistant",sonnet_confident,,TV & Home Entertainment,TV & Home Entertainment
"Transformers Over The Ear Earbuds Wireless Bluetooth 5.4 LED Power Display Earbuds with Earhooks 65H Playtimes Deep Bass IPX5 Waterproof Ear Buds for Sports/Workout, TF-T26 Optimus Prime",sonnet_confident,,Audio,Audio
"Monster Open Ear AC360, Wireless Bluetooth Rotary Earphone, with Lanyard, Upgraded Bluetooth 6.0, Touch Control, 24h Long Battery Life, IPX5 Waterproof,Long-Lasting Wear Without Fatigue",sonnet_confident,,Audio,Audio
"Sony WH-1000XM6 The Best Wireless Noise Canceling Headphones, HD NC Processor QN3, 12 Microphones, Adaptive NC Optimizer, Mastered by Engineers, Studio-Quality, 30-Hour Battery, Midnight Blue",sonnet_confident,,Audio,Audio
"Belkin MagSafe-Compatible 3-in-1 Wireless Charger Stand 15W - Qi2-Certified Wireless Charging Station, Fast Charging of iPhone 16, AirPods, & Apple Watch - 36W Included - Black",sonnet_confident,,Cables & Charging,Cables & Charging
"NETGEAR 28-Port PoE Gigabit Ethernet Smart Switch (GS728TP) - Managed, Optional Insight Cloud Management, 24 x PoE+ @ 190W, 4 x 1G SFP, Desktop or Rackmount, and Limited Lifetime Protection",sonnet_confident,,Networking,Networking
JBL - PartyBox 310 - Black JBLPARTYBOX310AM (Renewed),sonnet_confident,,Audio,Audio
Humminbird 407860-1 HDR 650 In Dash Digital Depth Sounder,sonnet_confident,,Marine & GPS,Marine & GPS
"Amazon Basics 6-in-1 USB-C 3.2 (10G) Hub, 1 USB-C 100W PD Input, 2 USB-A, 1 USB-C, HDMI 4K, Ethernet, Light Grey, 11.94 x 4.6 x 1.5cm",sonnet_confident,,Cables & Charging,Cables & Charging
"REOLINK Elite Floodlight WiFi, 4K 8MP 180° Panoramic Wired Floodlight Camera, Adjustable 3000 Lumens, Local AI Video Search, Perimeter Detection, Dual-Band Wi-Fi 6, 24/7 Recording, No Monthly Fees",sonnet_confident,,Cameras & Photography,Cameras & Photography
"Mighty Max Battery ML210-6GC2-6 Volt 210 AH, Dual Terminal, Rechargeable SLA AGM Battery for Golf Cart",sonnet_confident,,Batteries,Batteries
"Harman Kardon Onyx Studio 8 (Renewed), Black",sonnet_confident,,Audio,Audio
"TRX Training 6 Month On-Demand Membership - Unlimited Access to Expert-Led Workouts, Personalized Programs, Strength, Cardio & Recovery - Train Anytime",sonnet_confident,,Non-Electronics,Non-Electronics
Sprayground PACMAN GHOST GANG SHARMOUTH,sonnet_confident,,Non-Electronics,Non-Electronics
"Uniden Bearcat BCD160DN Handheld Digital Scanner, Exclusive Features, Band Scope Rapid System/Channel Number Tagging, Narrow-Band Reception, and Search Features to Detect Signals Faster Than Ever",sonnet_confident,,Audio,Car Electronics
